snp,res_r2,bin_num,bin_idx,enc_pos,seen_pos
1.281960456,0.012999188154935837,140,38,dominant,True
18.27348077,0.010625933296978474,8,134,dominant,True
1.276962659,0.009714080952107906,117,114,subadd,True
1.277040826,0.009332483634352684,117,139,superadd,True
1.282023794,0.009221942164003849,141,83,recessive,True
7.89912771,0.008824831806123257,69,1163,subadd,True
3.111860850,0.008560286834836006,23,1160,subadd,True
1.276817723,0.008327390998601913,117,209,subadd,True
4.179658340,0.008325510658323765,80,390,subadd,True
3.111087684,0.0082408357411623,19,1524,recessive,True
3.110604421,0.008211270906031132,15,1443,recessive,True
3.111440006,0.008139639161527157,20,1061,subadd,True
3.110644729,0.007803960237652063,15,1544,recessive,True
3.110570054,0.007777944207191467,14,1794,recessive,True
3.136969104,0.007672660518437624,37,269,subadd,True
10.93564208,0.007662156131118536,15,337,subadd,True
3.137181815,0.0076196263544261456,38,190,superadd,True
1.107705647,0.007472550496459007,9,684,pager,True
3.112786084,0.0074567911215126514,29,387,pager,True
1.280779296,0.007250543218106031,132,120,superadd,True
10.84262387,0.007192681077867746,8,88,superadd,True
10.93382621,0.0071243769489228725,13,660,subadd,True
3.111391075,0.007103412412106991,20,4261,recessive,True
3.111989320,0.007099921815097332,25,1188,subadd,True
1.107780747,0.007073855027556419,9,733,pager,True
3.137299749,0.006999053061008453,39,298,superadd,True
1.107224540,0.006929257418960333,7,1653,pager,True
9.64672880,0.006874235346913338,42,1149,superadd,True
3.137265291,0.006871249992400408,38,599,subadd,True
3.111916550,0.006842190399765968,24,2317,recessive,True
3.111065692,0.0068063088692724705,19,1931,pager,True
3.111375010,0.0066950623877346516,20,1333,subadd,True
3.111940390,0.006677025929093361,24,1911,recessive,True
1.202851619,0.006525340024381876,86,1862,subadd,True
10.93582035,0.006472241133451462,15,1053,subadd,True
3.138843587,0.006457134149968624,43,2061,subadd,True
3.111984204,0.006384465377777815,25,618,recessive,True
3.111941466,0.006362278945744038,24,1319,subadd,True
10.93537823,0.006302662659436464,15,1138,subadd,True
19.24203667,0.006298604886978865,6,239,pager,True
9.64706979,0.00627105263993144,42,1185,superadd,True
3.138849452,0.006268671248108149,43,533,superadd,True
3.110085001,0.006251993123441935,11,3256,subadd,True
3.111868118,0.006222263444215059,23,1718,subadd,True
1.202678358,0.006190748419612646,85,1885,subadd,True
3.110111101,0.006188984960317612,11,2587,subadd,True
1.281960059,0.0061188992112874985,140,145,dominant,True
10.93498976,0.006106477230787277,14,621,pager,True
3.111938326,0.006086614448577166,24,2250,subadd,True
19.24348158,0.006034957244992256,7,871,subadd,True
10.93565649,0.006031479686498642,15,1315,subadd,True
1.281928618,0.005952522158622742,140,124,underdominant,True
10.93302930,0.0059110624715685844,13,1749,subadd,True
10.97064724,0.005883408710360527,20,1505,dominant,True
19.24409631,0.0058663878589868546,8,294,subadd,True
16.75219976,0.005857760552316904,19,5839,pager,True
19.24425871,0.005817817989736795,9,901,pager,True
16.75194599,0.005815641954541206,19,5876,pager,True
3.110111886,0.005815514829009771,11,1878,subadd,True
3.110086879,0.005807826761156321,11,3739,underdominant,True
1.107341681,0.0057570734061300755,7,318,subadd,True
3.110102703,0.005750399082899094,11,3643,underdominant,True
3.112791413,0.005743275862187147,29,1401,superadd,True
19.24213093,0.005738174542784691,6,862,subadd,True
19.24282062,0.005732943303883076,7,766,subadd,True
10.101186614,0.005727775394916534,27,6263,heterosis,True
10.93596520,0.005708645563572645,15,2494,recessive,True
10.96656597,0.0056745740585029125,20,2956,dominant,True
19.24354266,0.005667801480740309,7,436,subadd,True
9.65465249,0.005642119795084,48,1313,superadd,True
3.138579099,0.005613295361399651,42,1029,subadd,True
10.93464992,0.0056055267341434956,14,1227,subadd,True
9.64810766,0.005603879224509001,43,816,subadd,True
1.282011630,0.005597421899437904,141,234,superadd,True
10.92877488,0.005595576483756304,10,2099,recessive,True
3.109861373,0.005590727552771568,9,4098,dominant,True
19.24367795,0.005557778291404247,8,418,subadd,True
1.108043189,0.0055422093719244,10,948,pager,True
3.111972688,0.00553547078743577,25,2039,pager,True
9.65233077,0.005534537602216005,48,1711,superadd,True
19.25664248,0.0055143870413303375,16,1322,pager,True
9.64774228,0.005452794022858143,43,1739,superadd,True
3.149377197,0.0054413494653999805,45,2391,subadd,True
19.24300688,0.005426226183772087,7,878,subadd,True
3.5861736,0.005408432334661484,2,9286,superadd,True
4.181098611,0.00538121210411191,83,1041,superadd,True
19.25437845,0.005372643005102873,14,1752,pager,True
19.24413306,0.005348113365471363,9,1002,pager,True
10.21577856,0.00533817196264863,1,268,subadd,True
7.99801761,0.005329340696334839,74,2579,pager,True
19.24203825,0.0053289118222892284,6,751,subadd,True
19.24559332,0.005300713703036308,10,1126,subadd,True
9.65092688,0.005272002425044775,46,1887,pager,True
1.277989625,0.005243925377726555,122,216,dominant,True
3.112790166,0.00521476287394762,29,1378,pager,True
2.242739353,0.005204359069466591,114,1056,superadd,True
10.101054022,0.005192907992750406,27,6865,heterosis,True
10.97299149,0.00515119731426239,21,1944,dominant,True
3.149392638,0.005087574478238821,45,1326,subadd,True
4.166296748,0.005047256592661142,72,9925,subadd,True
9.65190455,0.005018876865506172,47,735,superadd,True
6.50691395,0.004945592954754829,10,1856,pager,True
8.78805063,0.004933507647365332,10,1293,subadd,True
5.107819898,0.0049324543215334415,82,676,superadd,True
7.127947487,0.004910581279546022,89,1407,superadd,True
7.129397024,0.004909064155071974,93,363,subadd,True
3.110485820,0.004887080285698175,14,1811,superadd,True
1.196708325,0.004869627766311169,76,3160,pager,True
5.107905091,0.004780007991939783,82,681,superadd,True
8.78953606,0.004777371417731047,11,1109,subadd,True
3.111376438,0.004758695140480995,20,1986,pager,True
18.19715963,0.004724737722426653,4,8344,subadd,True
3.111033659,0.004723798017948866,18,2363,superadd,True
3.111453376,0.004717644769698381,21,2883,superadd,True
1.107150845,0.004670783877372742,6,369,subadd,True
7.130251883,0.00466554332524538,96,530,subadd,True
14.3695676,0.004664447624236345,1,3657,subadd,True
9.77522795,0.004663045052438974,63,3775,pager,True
14.3671220,0.004659510217607021,1,2910,subadd,True
3.111374079,0.004632259719073772,20,3304,superadd,True
19.24498663,0.004617840051651001,10,620,pager,True
10.93304751,0.004601909313350916,13,2846,pager,True
6.42380020,0.004601696040481329,7,9161,pager,True
16.74763074,0.004591323435306549,18,7309,dominant,True
3.4781141,0.0045839943923056126,1,7652,subadd,True
16.74560880,0.004574446007609367,18,7926,heterosis,True
3.110414745,0.004545697942376137,14,1591,superadd,True
16.74581745,0.0045346044935286045,18,6433,heterosis,True
8.83102855,0.004533573519438505,18,1663,pager,True
3.111316353,0.004511755425482988,20,5836,superadd,True
3.3776017,0.004505418241024017,0,4429,pager,True
1.108457076,0.004496419336646795,13,4647,pager,True
10.93358792,0.004483717028051615,13,1913,pager,True
3.111125400,0.00445893220603466,19,4895,pager,True
3.110620451,0.004449586383998394,15,1987,superadd,True
9.65216400,0.004448962397873402,48,1390,pager,True
9.65187594,0.0044484552927315235,47,1144,pager,True
3.5217557,0.004431579262018204,1,8543,subadd,True
1.202370696,0.00441594747826457,82,4170,subadd,True
10.92490894,0.004415013361722231,9,1958,pager,True
10.93750441,0.004403597209602594,17,3999,superadd,True
12.16572954,0.004394968040287495,5,9596,pager,True
1.197417764,0.004384314641356468,78,2588,dominant,True
7.81256435,0.004378791432827711,54,1040,subadd,True
9.65509590,0.0043498557060956955,48,1280,pager,True
12.16758837,0.004342442378401756,5,7775,pager,True
14.3732231,0.004342198371887207,1,3614,subadd,True
16.74889591,0.004341199528425932,19,6253,heterosis,True
9.55747430,0.004329259041696787,22,5293,pager,True
1.108479875,0.004327991511672735,13,4295,pager,True
1.198003281,0.00432161008939147,80,4538,pager,True
3.5105021,0.004321383312344551,1,7931,subadd,True
3.111090736,0.004317022394388914,19,3151,superadd,True
9.55773566,0.004315428901463747,22,6692,heterosis,True
10.93586199,0.00429392047226429,15,1819,pager,True
3.5067113,0.004282462876290083,1,8940,subadd,True
8.82247856,0.004270273260772228,17,3953,pager,True
8.82260214,0.004270273260772228,17,3784,pager,True
1.197270117,0.004252341575920582,77,3555,superadd,True
16.74863997,0.0042463126592338085,19,7840,pager,True
9.63797874,0.0042352573946118355,39,6094,subadd,True
3.57159240,0.004214031621813774,8,2514,subadd,True
7.129320417,0.004205971024930477,93,296,subadd,True
1.202869985,0.004201419651508331,86,4080,subadd,True
9.65039801,0.0041923969984054565,45,1090,pager,True
6.51897040,0.00418460788205266,13,9475,pager,True
18.21736554,0.004183486104011536,5,3786,dominant,True
12.16418082,0.00418309960514307,5,9215,pager,True
3.111672921,0.0041151572950184345,22,4175,superadd,True
14.3623495,0.004106840118765831,0,1340,subadd,True
7.81226907,0.00408214284107089,53,1294,recessive,True
7.8516017,0.004080718383193016,3,286,subadd,True
19.25626504,0.004077258985489607,16,2056,pager,True
7.129950282,0.004065968561917543,94,1213,subadd,True
14.15208911,0.004036956466734409,9,2804,pager,True
18.26640423,0.004026555921882391,8,1576,superadd,True
10.92877746,0.0040236059576272964,10,2847,dominant,True
12.16262906,0.004021571949124336,4,6409,subadd,True
3.112655425,0.004008911550045013,28,3448,superadd,True
9.58366630,0.003999688196927309,28,8757,pager,True
7.3142835,0.00399673730134964,1,263,subadd,True
9.73998894,0.0039825886487960815,59,1547,superadd,True
19.48429349,0.003952575381845236,19,3064,superadd,True
10.94074805,0.003950776997953653,18,8175,subadd,True
19.21601083,0.003950113896280527,2,4113,pager,True
6.44857559,0.0039483942091465,9,6211,pager,True
16.50703227,0.003941587172448635,11,7768,dominant,True
1.188265364,0.0038872023578733206,61,4547,subadd,True
16.74787006,0.0038773114793002605,19,8878,heterosis,True
19.48591405,0.0038723128382116556,21,3082,subadd,True
9.66911316,0.003865912789478898,51,7741,pager,True
12.16759223,0.0038636287208646536,5,8748,subadd,True
16.74647052,0.003855949267745018,18,8018,heterosis,True
14.4398911,0.0038529299199581146,2,8873,subadd,True
7.130415321,0.0038486130069941282,96,3392,subadd,True
9.56238298,0.0038478849455714226,24,8189,pager,True
16.74712696,0.003843192243948579,18,7357,heterosis,True
7.83823665,0.0038405065424740314,64,7155,pager,True
5.77169117,0.003830535104498267,69,8362,heterosis,True
9.56390625,0.003828880377113819,25,6530,pager,True
8.78202801,0.0038134888745844364,9,1567,pager,True
5.108010918,0.003810903988778591,83,4042,superadd,True
5.27426534,0.0038053265307098627,11,7290,superadd,True
8.117156238,0.003781405510380864,35,9195,pager,True
1.278317688,0.003778997575864196,124,447,dominant,True
9.77114825,0.0037789877969771624,62,4099,pager,True
16.50576981,0.003775770543143153,11,3322,pager,True
12.16262948,0.0037632130552083254,4,9262,superadd,True
7.83274389,0.0037574523594230413,62,8151,pager,True
19.48567546,0.003751190146431327,20,9881,superadd,True
5.107890849,0.0037405621260404587,82,4192,superadd,True
16.50648409,0.0037393176462501287,11,8275,dominant,True
1.278505971,0.0037390277720987797,124,441,dominant,True
19.21801481,0.003723248140886426,2,4164,pager,True
19.48418183,0.003719858592376113,19,8233,pager,True
4.181399036,0.0037144506350159645,83,6386,superadd,True
6.44314446,0.003713902784511447,8,5989,pager,True
17.10781090,0.0037128878757357597,1,553,heterosis,True
19.25450122,0.003707947675138712,14,4128,pager,True
12.16448512,0.003701720153912902,5,9728,pager,True
2.241784069,0.0036952397786080837,113,4068,superadd,True
1.196821282,0.0036918064579367638,76,2500,pager,True
8.83091244,0.0036821106914430857,18,7823,superadd,True
9.59690890,0.003668399527668953,31,1859,pager,True
13.93448266,0.003666982054710388,13,9292,pager,True
9.58075025,0.0036616013385355473,27,7857,pager,True
9.58340684,0.00366043858230114,28,8571,pager,True
3.136986941,0.0036371841561049223,37,6632,pager,True
7.3342475,0.003627591300755739,1,739,superadd,True
19.48533469,0.0036153460387140512,20,9309,pager,True
19.48496437,0.00361008127219975,20,4140,subadd,True
9.16497038,0.0036030944902449846,10,468,subadd,True
3.111044879,0.003596977097913623,18,2241,pager,True
2.40534215,0.0035787939559668303,2,7915,underdominant,True
16.74015877,0.003572969464585185,18,7940,recessive,True
5.108585220,0.0035706611815840006,84,2885,subadd,True
8.82878408,0.0035697531420737505,18,3475,pager,True
10.90317145,0.003568677930161357,9,9744,pager,True
19.25593117,0.0035674716345965862,16,5562,superadd,True
7.128210804,0.003563217120245099,90,6825,subadd,True
20.35522151,0.0035544736310839653,14,4683,subadd,True
19.25477040,0.0035445219837129116,15,5245,superadd,True
3.136970536,0.0035415715537965298,37,5976,pager,True
12.16312450,0.0035219029523432255,4,7356,subadd,True
9.58219279,0.0035216223914176226,28,9582,pager,True
19.21649477,0.00351990619674325,2,6460,pager,True
16.50740003,0.0035119529347866774,11,6959,dominant,True
14.15128727,0.003511739894747734,8,2380,pager,True
19.25259823,0.003501309547573328,13,3906,pager,True
10.93784811,0.003498697653412819,17,8521,subadd,True
8.82985219,0.0034862756729125977,18,3601,pager,True
7.16438853,0.003480807412415743,19,293,superadd,True
19.25592258,0.003476909128949046,15,8603,pager,True
16.73658296,0.0034736739471554756,16,7014,recessive,True
19.25537510,0.0034715146757662296,15,4644,pager,True
7.128192501,0.003454843768849969,90,2432,subadd,True
2.74130172,0.003451020922511816,48,4686,dominant,True
16.88196154,0.0034423687029629946,21,8590,subadd,True
19.25483979,0.003441053908318281,15,3788,pager,True
1.277878039,0.003436135593801737,121,846,subadd,True
9.65186640,0.0034329972695559263,47,4777,superadd,True
9.61164023,0.00342465634457767,36,2786,pager,True
8.119204828,0.0034243229310959578,37,8262,dominant,True
19.25337148,0.003422312904149294,13,9618,superadd,True
7.128188846,0.0034219531808048487,90,2430,subadd,True
10.107668473,0.00341692753136158,31,3185,pager,True
19.21499820,0.00341574614867568,1,5041,superadd,True
10.100179792,0.003413204336538911,25,3817,superadd,True
1.206914796,0.0034076515585184097,88,8689,pager,True
8.50490156,0.0033882418647408485,5,3195,underdominant,True
3.8815230,0.003385647665709257,3,3288,superadd,True
3.8746203,0.0033849177416414022,3,4639,superadd,True
10.110987336,0.003383581293746829,32,1571,subadd,True
19.25552148,0.003381276037544012,15,8884,superadd,True
8.48738869,0.003369178157299757,3,6357,underdominant,True
20.23860269,0.0033620730973780155,13,9778,superadd,True
3.8922518,0.003359403694048524,4,4271,subadd,True
6.147090898,0.0033500450663268566,41,9630,superadd,True
18.19736751,0.003346966579556465,4,9483,heterosis,True
11.80630029,0.003346746088936925,12,7075,subadd,True
2.39812863,0.003342539304867387,1,7575,underdominant,True
6.50734394,0.003341968636959791,11,9078,pager,True
14.15085890,0.003336976282298565,8,2600,pager,True
3.9138265,0.0033353229518979788,4,3876,subadd,True
7.36336333,0.0033341869711875916,25,3931,recessive,True
8.116674965,0.003328290767967701,35,9074,underdominant,True
14.4357371,0.0033064866438508034,1,8183,pager,True
14.4252889,0.0033007310703396797,1,8776,superadd,True
19.24194371,0.0032973301131278276,5,1177,superadd,True
10.101180805,0.0032959110103547573,27,8280,pager,True
5.78258894,0.003287102095782757,70,4165,underdominant,True
2.259596217,0.0032793350983411074,120,6941,subadd,True
11.80656978,0.0032745690550655127,12,5560,subadd,True
3.8008623,0.0032668013591319323,3,6707,superadd,True
2.74122376,0.003266697283834219,48,7367,dominant,True
16.88207567,0.0032638953998684883,21,8007,subadd,True
12.16893569,0.003260149387642741,5,5995,pager,True
19.24204907,0.003256196388974786,6,1169,superadd,True
19.24266000,0.0032560634426772594,6,339,superadd,True
19.24236201,0.003253375180065632,6,1054,superadd,True
7.8479218,0.003248548600822687,3,528,superadd,True
19.24303699,0.003228153334930539,7,1700,pager,True
1.202714033,0.003220711834728718,85,5745,subadd,True
3.9205633,0.0032194119412451982,4,5545,subadd,True
17.28036031,0.0032185863237828016,2,4699,superadd,True
5.30929372,0.003202213207259774,26,2052,subadd,True
5.106804080,0.0032017307821661234,79,2186,subadd,True
4.181445090,0.0031858740840107203,83,8000,superadd,True
19.24908648,0.00317375804297626,13,572,superadd,True
19.24159700,0.0031676741782575846,5,1115,subadd,True
9.59836126,0.003154535312205553,32,3209,pager,True
9.67933880,0.0031477848533540964,52,4768,subadd,True
10.107446147,0.0031473562121391296,30,2819,subadd,True
8.118335458,0.003141287248581648,36,9599,underdominant,True
8.118646947,0.003141287248581648,36,9601,underdominant,True
19.24495238,0.0031409794464707375,10,504,superadd,True
9.59567487,0.003126567928120494,31,2334,pager,True
9.61094712,0.003115493105724454,36,9240,subadd,True
14.4272707,0.003115442581474781,1,9368,pager,True
7.3226820,0.00311318994499743,1,469,superadd,True
2.49147237,0.003108991775661707,10,2869,pager,True
10.83360777,0.003095638006925583,8,8829,superadd,True
2.74203769,0.0030924377497285604,49,7590,superadd,True
10.97783249,0.003089825389906764,23,3611,superadd,True
16.75408782,0.00308950524777174,19,7897,dominant,True
9.74011650,0.0030836137011647224,59,1608,subadd,True
12.9313363,0.0030796125065535307,3,6439,recessive,True
19.24694424,0.0030744976829737425,11,673,subadd,True
5.32606820,0.0030741614755243063,33,2070,superadd,True
8.118944227,0.003072828520089388,37,9890,underdominant,True
14.4148096,0.0030676713213324547,1,8474,superadd,True
9.63792192,0.0030648314859718084,39,8611,pager,True
1.194152744,0.003063471522182226,71,1912,superadd,True
3.136616683,0.0030633704736828804,33,4230,pager,True
8.79503878,0.0030562477186322212,11,1703,subadd,True
17.69127482,0.0030420441180467606,7,8176,pager,True
3.8146439,0.003038003807887435,3,9184,superadd,True
9.61077279,0.0030216744635254145,36,4074,pager,True
10.22070539,0.0030136890709400177,4,6216,superadd,True
3.136665610,0.0030128085054457188,33,5945,pager,True
4.112495987,0.003011274617165327,47,2949,dominant,True
8.118890666,0.0030091300141066313,37,8466,heterosis,True
7.130012705,0.003007463878020644,95,2977,pager,True
12.9171683,0.0030068897176533937,2,5021,subadd,True
14.4487393,0.0030055218376219273,2,5802,superadd,True
4.112514664,0.0029971441254019737,48,2290,dominant,True
11.81020018,0.0029945815913379192,14,6251,recessive,True
16.76239657,0.00299401325173676,19,9642,pager,True
19.24613084,0.0029924840200692415,11,1099,pager,True
2.49606475,0.0029897077474743128,10,4456,pager,True
6.27369902,0.0029871766455471516,4,6368,subadd,True
19.21985018,0.002984804566949606,3,4163,pager,True
7.128181987,0.002983862766996026,90,5539,pager,True
9.16427830,0.002979268552735448,9,367,subadd,True
3.111830643,0.0029751614201813936,23,4426,pager,True
19.24822988,0.002972393063828349,12,455,superadd,True
12.16913279,0.002968685934320092,5,7207,superadd,True
6.53109925,0.0029680521693080664,14,2904,subadd,True
17.10884423,0.002966066589578986,1,1356,heterosis,True
5.79530777,0.0029656800907105207,72,3166,underdominant,True
7.127575936,0.002963070059195161,89,2602,subadd,True
6.52100031,0.0029627226758748293,13,8155,pager,True
6.21460489,0.0029624367598444223,3,5074,underdominant,True
3.8235451,0.0029457448981702328,3,9608,superadd,True
6.51477704,0.0029427092522382736,12,5940,subadd,True
12.17026033,0.0029333762358874083,6,8287,superadd,True
9.74103591,0.0029288316145539284,59,1826,subadd,True
4.133480436,0.0029228199273347855,54,8856,heterosis,True
7.130078425,0.0029186722822487354,95,2155,subadd,True
1.202671025,0.0029045790433883667,85,5418,subadd,True
16.50407631,0.002891723532229662,10,8969,superadd,True
10.23288266,0.0028916806913912296,5,208,subadd,True
1.277090402,0.0028803397435694933,118,1495,subadd,True
3.136285603,0.0028757068794220686,31,7246,subadd,True
9.64782526,0.0028698246460407972,43,4802,superadd,True
8.49875103,0.0028680600225925446,4,6109,underdominant,True
11.80617127,0.002867087023332715,12,5915,superadd,True
15.90610562,0.0028655831702053547,23,7605,superadd,True
16.50471159,0.0028621163219213486,10,6013,superadd,True
6.43664997,0.0028591379523277283,8,9697,dominant,True
14.4322873,0.002844233065843582,1,6545,superadd,True
19.21931998,0.002842318033799529,2,4441,pager,True
12.9192022,0.0028421543538570404,2,6723,recessive,True
9.63843579,0.002838706597685814,39,8509,pager,True
16.88256343,0.002837624866515398,21,9731,subadd,True
20.35648444,0.0028311717323958874,15,3837,superadd,True
16.50176649,0.0028180356603115797,8,8871,superadd,True
14.15321942,0.0028033896815031767,9,6281,superadd,True
5.79657402,0.00279471417888999,72,3144,underdominant,True
16.50147125,0.002791653387248516,8,9090,superadd,True
3.9096416,0.002790984231978655,4,5532,subadd,True
6.44099970,0.0027908184565603733,8,9500,superadd,True
5.29617379,0.0027903348673135042,20,1790,subadd,True
7.35998767,0.002789959078654647,24,2400,subadd,True
19.21927802,0.002772356616333127,2,6078,superadd,True
16.58376544,0.0027413764037191868,15,5025,superadd,True
2.49693583,0.0027406548615545034,10,7005,pager,True
8.84461819,0.002740447176620364,18,8164,superadd,True
17.10911433,0.002740295836701989,1,1637,heterosis,True
1.186606139,0.0027377293445169926,52,2426,subadd,True
5.30260484,0.0027373970951884985,23,2506,subadd,True
16.50212664,0.002733666216954589,9,8330,superadd,True
2.101682574,0.002728637307882309,73,1345,superadd,True
3.7930655,0.0027214072179049253,3,8138,subadd,True
4.133342124,0.002715314505621791,53,6495,underdominant,True
1.188244815,0.0027149568777531385,61,4874,subadd,True
13.91733601,0.0027138793375343084,11,5285,subadd,True
3.136652885,0.002712500747293234,33,8017,superadd,True
19.24214056,0.0027046729810535908,6,4400,superadd,True
9.111996734,0.0027022382710129023,65,6367,underdominant,True
7.3390106,0.002702009165659547,1,551,superadd,True
4.133005914,0.0027006228920072317,53,4343,subadd,True
6.97489775,0.0026931993197649717,34,4337,pager,True
3.8573398,0.00269084214232862,3,9134,superadd,True
12.28916309,0.0026898393407464027,6,6731,subadd,True
7.129957193,0.002686397172510624,94,334,subadd,True
7.81028876,0.0026743770577013493,51,1336,recessive,True
6.97248729,0.002671540016308427,34,4948,pager,True
9.73969750,0.0026677262503653765,59,1982,underdominant,True
5.32333977,0.002666069194674492,31,1906,superadd,True
7.80988653,0.002660817466676235,50,1631,recessive,True
6.97414061,0.002658338053151965,34,5765,subadd,True
6.97422095,0.002654934534803033,34,5937,subadd,True
2.256988376,0.002651903545483947,117,6262,dominant,True
4.132457938,0.0026514334604144096,51,4471,pager,True
17.10474737,0.0026426648255437613,0,1681,heterosis,True
14.3200066,0.0026404671370983124,0,5780,superadd,True
17.34811354,0.0026362750213593245,7,8881,superadd,True
5.31538789,0.002618369646370411,28,1709,subadd,True
6.42910163,0.0026077746879309416,8,9985,dominant,True
2.48769108,0.0026045418344438076,9,7189,heterosis,True
6.51913053,0.0026038908399641514,13,7544,superadd,True
9.60024762,0.0025912218261510134,32,7468,superadd,True
6.97003148,0.0025886145886033773,33,4109,pager,True
5.29625477,0.002586593385785818,20,3503,subadd,True
2.124886032,0.0025840154848992825,90,3396,subadd,True
7.81026189,0.0025775914546102285,51,3927,recessive,True
3.136261524,0.002575664082542062,31,5808,subadd,True
17.10877932,0.002574008423835039,1,1391,heterosis,True
7.81217849,0.0025665753055363894,53,3776,recessive,True
12.9289204,0.0025588793214410543,3,8300,recessive,True
11.80814149,0.0025516252499073744,13,4289,recessive,True
7.3363294,0.0025424028281122446,1,391,superadd,True
9.17882438,0.0025412938557565212,11,4039,dominant,True
1.143926410,0.002540913876146078,26,1321,subadd,True
12.9445702,0.0025377345737069845,3,6463,subadd,True
10.98950176,0.0025338924024254084,24,2419,superadd,True
3.136194215,0.0025336220860481262,31,9017,pager,True
17.34928710,0.0025089920964092016,7,9547,superadd,True
17.10493640,0.0025020057801157236,0,1824,heterosis,True
3.169055566,0.0025015324354171753,45,7288,pager,True
9.17896855,0.0024997303262352943,11,2239,pager,True
15.91167704,0.0024945323821157217,24,7844,pager,True
13.93001796,0.002493452513590455,13,5248,subadd,True
20.35513044,0.002492759143933654,14,5363,subadd,True
12.9385798,0.002486220793798566,3,8425,recessive,True
10.93910877,0.002485651755705476,17,8448,superadd,True
14.3333753,0.002482527866959572,0,5880,superadd,True
14.3456265,0.002475850051268935,0,9346,superadd,True
4.85125089,0.0024747569113969803,46,8612,pager,True
17.10721382,0.00246481504291296,1,1812,heterosis,True
9.17599531,0.002458808943629265,10,1437,dominant,True
9.15288700,0.002456426853314042,6,848,subadd,True
10.98965708,0.0024514442775398493,25,3669,superadd,True
15.91102746,0.002432695124298334,24,7746,pager,True
4.112558923,0.0024305968545377254,48,3853,superadd,True
14.4525329,0.0024278883356601,2,6590,subadd,True
2.259704750,0.0024269132409244776,120,4380,heterosis,True
10.100830169,0.00242544524371624,26,5187,superadd,True
14.3361591,0.0024171718396246433,0,7204,superadd,True
12.5606547,0.0024157180450856686,0,2555,superadd,True
14.6954126,0.002409654203802347,4,4322,underdominant,True
14.6927389,0.002404587808996439,4,4333,underdominant,True
19.48553737,0.002402301412075758,20,7593,subadd,True
9.73622552,0.002402053214609623,57,7516,underdominant,True
16.49067351,0.0024017600808292627,3,1386,superadd,True
11.26291423,0.0023982557468116283,3,4831,pager,True
10.92345715,0.0023976617958396673,9,7631,heterosis,True
6.97365093,0.0023911839816719294,34,5489,pager,True
2.244508800,0.002385284984484315,116,8923,pager,True
19.24489380,0.0023831548169255257,9,3491,superadd,True
6.51218596,0.0023827420081943274,12,6010,subadd,True
19.48608784,0.0023824013769626617,21,6633,subadd,True
18.2312673,0.0023714653216302395,3,2929,pager,True
7.121622990,0.002367639448493719,86,7474,pager,True
12.28785183,0.0023672219831496477,6,2765,superadd,True
1.187026945,0.002367183333262801,53,3415,subadd,True
4.181539425,0.0023595381062477827,83,6474,superadd,True
14.10861140,0.0023551045451313257,6,4418,pager,True
4.178546037,0.0023527632001787424,76,2615,subadd,True
14.6496222,0.0023510311730206013,2,5908,pager,True
4.22304898,0.0023504968266934156,2,3148,pager,True
10.97797154,0.0023468262515962124,23,3182,superadd,True
5.29713841,0.002335899043828249,22,5866,superadd,True
18.2289525,0.002335483906790614,3,3274,pager,True
4.133117226,0.0023256544955074787,53,5618,underdominant,True
2.72450046,0.0023223808966577053,43,8413,dominant,True
6.146952453,0.002315464662387967,41,8027,pager,True
7.81221688,0.002311450894922018,53,1374,recessive,True
18.65558535,0.0023091412149369717,12,6504,dominant,True
19.24420860,0.002309071831405163,9,5657,superadd,True
2.43649427,0.0023027993738651276,4,4892,subadd,True
12.16837879,0.0023024599067866802,5,7509,pager,True
14.10513211,0.002301041502505541,5,7562,pager,True
9.110889001,0.0022985979449003935,65,8546,heterosis,True
14.6823918,0.002295438200235367,3,5517,underdominant,True
9.17610866,0.0022922493517398834,11,5221,pager,True
14.6980994,0.002289972733706236,4,4477,underdominant,True
16.49910936,0.0022882160264998674,7,5230,pager,True
9.67979482,0.0022750773932784796,53,5098,superadd,True
20.23591039,0.0022682028356939554,13,5677,superadd,True
5.161297096,0.002266215393319726,124,4330,heterosis,True
12.50413016,0.0022638041991740465,11,4964,superadd,True
12.15189961,0.0022619785740971565,4,3735,dominant,True
4.132263415,0.0022584153339266777,51,5669,subadd,True
14.3256761,0.0022462804336100817,0,6035,superadd,True
9.15925046,0.002233784180134535,9,679,superadd,True
12.50572720,0.0022319841664284468,11,4954,subadd,True
12.29978956,0.0022286917082965374,7,3990,subadd,True
14.6992186,0.00222557270899415,4,4769,underdominant,True
1.172773289,0.002223386662080884,39,3523,superadd,True
13.61208000,0.0022202760446816683,4,4387,superadd,True
14.3504307,0.0022014284040778875,0,8933,superadd,True
9.15976695,0.00219931174069643,9,359,subadd,True
17.10966734,0.0021991878747940063,1,2840,heterosis,True
12.50261813,0.0021937668789178133,11,6708,superadd,True
6.61896756,0.0021870420314371586,24,5722,underdominant,True
7.143702630,0.002185679506510496,103,2327,subadd,True
14.6872119,0.002184670651331544,3,5538,underdominant,True
4.81363228,0.0021792748011648655,46,6259,superadd,True
6.50641496,0.0021785569842904806,10,5024,subadd,True
18.230380,0.0021769916638731956,0,7072,subadd,True
17.10947725,0.002176777459681034,1,2209,heterosis,True
9.60072348,0.0021733916364610195,32,7831,dominant,True
1.202840580,0.002172432141378522,86,8524,pager,True
2.259242418,0.0021697222255170345,119,9147,dominant,True
5.114065272,0.00216790777631104,98,1633,subadd,True
14.6904905,0.0021675184834748507,3,5706,underdominant,True
9.55815710,0.0021536643616855145,22,9436,dominant,True
14.6854630,0.0021487402264028788,3,6844,underdominant,True
9.16386937,0.0021457085385918617,9,674,superadd,True
14.15279913,0.0021425927989184856,9,5319,superadd,True
2.54451232,0.002139576245099306,13,3804,heterosis,True
16.49335683,0.0021387978922575712,3,8908,superadd,True
16.56957029,0.0021293978206813335,11,6654,dominant,True
5.32671237,0.002124519320204854,34,2923,superadd,True
7.81535971,0.0021187670063227415,57,1677,underdominant,True
2.127076634,0.0021159551106393337,94,7807,recessive,True
8.103206052,0.0021136796567589045,26,3071,subadd,True
9.72374728,0.002113285241648555,55,626,pager,True
1.143581351,0.0021085250191390514,26,2436,subadd,True
2.244357102,0.0021076109260320663,116,9936,superadd,True
19.24413944,0.0021062165033072233,9,2728,superadd,True
1.143652876,0.0021038991399109364,26,2485,subadd,True
8.103234525,0.0021026856265962124,27,1688,subadd,True
2.123347320,0.0021001161076128483,90,1603,recessive,True
2.259310130,0.0020982467103749514,119,7826,dominant,True
14.7317086,0.0020888992585241795,4,8366,underdominant,True
9.16575825,0.002085628919303417,10,820,superadd,True
5.114317388,0.0020845546387135983,100,1000,pager,True
12.5632063,0.0020817441400140524,0,4517,pager,True
1.171804179,0.002079256111755967,34,1630,subadd,True
16.50402552,0.0020716290455311537,10,8064,pager,True
2.43643874,0.002071564784273505,4,8298,superadd,True
12.15166306,0.002069310285151005,4,6286,superadd,True
15.62490321,0.002068467903882265,14,3645,recessive,True
9.16656940,0.0020674255210906267,10,702,superadd,True
18.34767068,0.002066593850031495,11,9306,pager,True
14.10922718,0.002050374634563923,6,4674,pager,True
8.81289737,0.0020399712957441807,15,4956,heterosis,True
5.131365603,0.002038046717643738,113,2406,superadd,True
8.102734786,0.002032383345067501,25,6408,pager,True
7.36111628,0.002029361203312874,24,842,pager,True
2.259198148,0.002027109730988741,119,9238,dominant,True
10.110488054,0.0020263991318643093,31,2028,superadd,True
10.98871574,0.002010707976296544,24,3272,superadd,True
5.80565493,0.002009635791182518,74,4235,subadd,True
16.49907561,0.0020067442674189806,7,6688,pager,True
18.1372119,0.0020054203923791647,0,6715,pager,True
8.103596188,0.0019936992321163416,28,2312,subadd,True
13.54972666,0.0019925187807530165,1,7569,subadd,True
16.50485388,0.0019809696823358536,10,6971,pager,True
6.62011994,0.0019696999806910753,24,6237,underdominant,True
8.104245779,0.0019492140272632241,29,2980,subadd,True
9.17679673,0.0019475893350318074,11,4729,pager,True
8.81314883,0.0019457333255559206,15,5168,heterosis,True
1.221277042,0.0019436259754002094,94,1620,subadd,True
9.64820237,0.001943238778039813,43,4826,superadd,True
18.34428947,0.0019415328279137611,11,9041,pager,True
18.1974113,0.0019297458929941058,2,4984,subadd,True
5.131426799,0.0019289596239104867,114,3132,superadd,True
1.172766832,0.0019281606655567884,38,1031,subadd,True
5.131283864,0.0019266152521595359,113,3027,superadd,True
15.62564781,0.0019158856011927128,15,4019,dominant,True
16.82346779,0.0019098909106105566,20,7551,subadd,True
12.9153328,0.0019089413108304143,2,2342,recessive,True
2.122577141,0.0019038186874240637,87,9097,recessive,True
15.62757749,0.001884383149445057,15,2792,superadd,True
12.30037925,0.001876660156995058,7,1578,dominant,True
15.63334581,0.001869676634669304,17,6787,dominant,True
17.35590543,0.001867261715233326,7,9359,superadd,True
5.29096515,0.001864879159256816,18,2148,superadd,True
1.188317340,0.0018642982468008995,62,6481,subadd,True
15.62215265,0.0018622764619067311,14,3194,recessive,True
15.62641008,0.001859634299762547,15,5491,superadd,True
6.29484324,0.0018563054036349058,6,5729,subadd,True
4.22306163,0.0018546257633715868,2,899,subadd,True
2.72947564,0.0018535042181611061,45,7704,heterosis,True
3.51142861,0.0018526929197832942,7,7827,pager,True
3.110023304,0.0018500336445868015,10,2789,pager,True
11.80916627,0.0018485508626326919,14,9644,pager,True
6.51788027,0.001847085077315569,13,8384,superadd,True
6.59452919,0.0018455947283655405,17,5446,underdominant,True
2.72932473,0.0018442386062815785,45,7022,dominant,True
6.57853306,0.0018388713942840695,16,3982,underdominant,True
13.61382285,0.0018384592840448022,4,2535,pager,True
13.91780435,0.0018376349471509457,12,6118,superadd,True
6.146359957,0.0018260139040648937,40,5814,superadd,True
2.72908506,0.0018208116525784135,45,6187,heterosis,True
7.11873294,0.0018197495955973864,14,1087,superadd,True
18.23143039,0.0018193494761362672,5,5582,pager,True
1.143176553,0.0018189088441431522,25,6282,heterosis,True
1.172770744,0.001806200365535915,39,910,subadd,True
1.172772073,0.001806200365535915,39,911,subadd,True
15.62874313,0.0018055080436170101,16,7116,dominant,True
18.34653603,0.0018035025568678975,11,8457,pager,True
12.29334563,0.001802239683456719,6,9567,subadd,True
2.73094115,0.0017961262492462993,46,7845,superadd,True
6.61363575,0.0017947839805856347,23,8806,underdominant,True
2.72966514,0.0017939541721716523,45,8219,heterosis,True
14.15374272,0.001791643095202744,9,9330,superadd,True
4.167640456,0.0017800602363422513,74,9516,subadd,True
10.23342584,0.001777450437657535,6,1337,superadd,True
2.102081619,0.0017651066882535815,74,1682,superadd,True
13.61459584,0.0017531808698549867,5,3439,pager,True
16.50469393,0.0017523947171866894,10,9861,pager,True
4.81047756,0.0017469525337219238,44,8390,superadd,True
15.63284158,0.0017428082646802068,17,7188,dominant,True
7.12165229,0.0017404200043529272,14,1320,superadd,True
1.186418685,0.0017390024149790406,51,3797,superadd,True
16.50324185,0.0017374178860336542,9,7508,superadd,True
5.34411126,0.0017351836431771517,43,2998,subadd,True
11.70207689,0.0017334576696157455,10,2020,subadd,True
3.169020557,0.001731347874738276,45,6529,subadd,True
5.114427808,0.0017272101249545813,100,1666,pager,True
13.59892158,0.0017257236177101731,3,8900,pager,True
5.34423537,0.001722810440696776,43,3156,subadd,True
14.3287709,0.0017214750405400991,0,4943,dominant,True
2.68610903,0.0017062417464330792,31,5719,subadd,True
2.72410966,0.0017041935352608562,43,8686,heterosis,True
3.110096111,0.0017036038916558027,11,4609,pager,True
7.139456317,0.0017035049386322498,100,7400,subadd,True
2.244891054,0.0017014010809361935,116,7724,superadd,True
6.63458199,0.001697781728580594,27,5216,recessive,True
5.130164538,0.0016962774097919464,111,4216,superadd,True
15.63407846,0.0016955069731920958,17,8989,dominant,True
6.147046002,0.0016948087140917778,41,7755,pager,True
15.63384508,0.0016937186010181904,17,7145,dominant,True
9.14451255,0.0016912453575059772,4,5708,dominant,True
12.30095469,0.0016907750396057963,7,2149,subadd,True
5.33814741,0.001685413415543735,38,2017,subadd,True
2.72825507,0.001684851828031242,45,8655,heterosis,True
12.28818113,0.0016794033581390977,6,6872,superadd,True
9.61600942,0.001676384243182838,37,3099,dominant,True
4.22344502,0.0016755674732849002,2,849,subadd,True
15.63540871,0.0016703754663467407,19,7230,dominant,True
15.63548764,0.0016703754663467407,19,6613,dominant,True
16.49611603,0.001668656594119966,5,4211,dominant,True
6.146383105,0.0016681058332324028,40,7298,superadd,True
17.28079914,0.001666703843511641,3,7149,dominant,True
8.102311632,0.0016656629741191864,25,9524,subadd,True
3.169067052,0.0016655222279950976,46,6122,pager,True
5.114445511,0.0016593431355431676,101,1566,pager,True
14.10762614,0.001658297493122518,6,4976,superadd,True
3.136535442,0.0016556092305108905,33,5926,superadd,True
3.169478386,0.0016548673156648874,46,6412,pager,True
1.108838774,0.0016524940729141235,14,2763,subadd,True
6.146577523,0.0016509236302226782,40,6136,superadd,True
9.46380710,0.0016503051156178117,15,7568,pager,True
7.12801320,0.0016477613244205713,17,1301,pager,True
12.16964698,0.0016454755095764995,5,8505,dominant,True
2.99607637,0.0016413393896073103,64,3707,heterosis,True
2.49134896,0.001638015964999795,10,5871,dominant,True
16.57622144,0.0016328758792951703,12,7786,heterosis,True
15.62478146,0.0016185390995815396,14,4409,subadd,True
3.112043333,0.001608446124009788,25,3313,subadd,True
15.61908623,0.0016073035076260567,13,2102,recessive,True
11.32432285,0.0016049358528107405,6,3366,recessive,True
4.78812525,0.0015995752764865756,29,2123,pager,True
12.30042304,0.001597473630681634,7,1932,subadd,True
5.30246575,0.001595708541572094,23,9699,superadd,True
3.112007174,0.0015949718654155731,25,3262,subadd,True
4.80995904,0.001593295601196587,44,8773,superadd,True
1.186283018,0.001590055413544178,51,2447,subadd,True
18.1855712,0.0015886564506217837,2,2585,pager,True
14.8082050,0.0015837870305404067,5,6020,subadd,True
7.139297361,0.001581324147991836,99,7748,subadd,True
5.114069094,0.0015783286653459072,98,623,subadd,True
11.32742864,0.0015764764975756407,7,3257,underdominant,True
6.50543726,0.0015752189792692661,10,8306,superadd,True
14.10725460,0.0015746431890875101,6,6556,superadd,True
2.95311306,0.001572907087393105,59,7911,superadd,True
5.30766892,0.001570981228724122,25,3086,subadd,True
5.130139577,0.0015632581198588014,111,7995,superadd,True
19.30561867,0.0015619023470208049,18,9866,superadd,True
5.114420869,0.0015613645082339644,100,250,superadd,True
8.101953356,0.0015605963999405503,24,9761,subadd,True
9.14441616,0.0015581701882183552,4,6173,dominant,True
6.61870863,0.0015518903965130448,24,4530,underdominant,True
12.6818740,0.0015490164514631033,1,8411,subadd,True
2.67649449,0.0015440360875800252,25,5459,superadd,True
7.36289111,0.001540473778732121,25,1809,subadd,True
1.278069180,0.0015382367419078946,122,1300,recessive,True
11.70261140,0.0015380119439214468,11,1583,recessive,True
7.9830637,0.0015376437222585082,7,1656,subadd,True
11.32364141,0.001530718756839633,6,3667,underdominant,True
1.169188120,0.0015304462285712361,32,5803,heterosis,True
11.27034551,0.0015293046599254012,5,5477,dominant,True
2.259749919,0.0015232525765895844,120,7387,heterosis,True
10.21997633,0.0015219274209812284,3,4814,superadd,True
8.107438950,0.0015210640849545598,33,3895,superadd,True
1.235476921,0.0015150044346228242,100,6397,dominant,True
1.177262447,0.001514746923930943,46,2652,dominant,True
12.29243508,0.001513393479399383,6,8120,subadd,True
9.113558300,0.0015116591239348054,70,3998,heterosis,True
5.80221599,0.001510997419245541,73,5242,superadd,True
7.30240207,0.0015094381524249911,20,9063,underdominant,True
16.49748414,0.0015079185832291842,5,4294,dominant,True
12.9042211,0.001507462002336979,1,2301,recessive,True
7.12248971,0.0014951914781704545,15,1403,superadd,True
5.149051643,0.0014940251130610704,121,5726,subadd,True
8.107480846,0.0014939458342269063,33,2806,dominant,True
14.10955927,0.0014912262558937073,6,8781,pager,True
8.101415337,0.001490980968810618,23,5061,subadd,True
16.49075898,0.0014909320743754506,3,7375,superadd,True
4.22210021,0.0014884709380567074,1,1298,subadd,True
11.32863111,0.0014827630948275328,7,2367,underdominant,True
12.9081622,0.001482109073549509,1,3723,recessive,True
2.123148524,0.001480514882132411,89,9590,recessive,True
7.139246453,0.001474015531130135,99,7289,subadd,True
14.17042816,0.0014731012051925063,11,9460,subadd,True
7.84149435,0.0014729216927662492,65,4107,dominant,True
6.52708606,0.0014682348119094968,14,8073,subadd,True
11.32579443,0.0014655112754553556,6,3284,underdominant,True
12.15208655,0.0014643229078501463,4,3915,superadd,True
3.50948269,0.0014634650433436036,7,9541,pager,True
18.2129062,0.0014626702759414911,3,2858,subadd,True
17.28508824,0.0014616698026657104,3,1158,subadd,True
17.8354362,0.001459956751205027,0,7693,superadd,True
7.12558551,0.0014546675374731421,16,1733,pager,True
1.177391605,0.0014542607823386788,46,2995,dominant,True
8.127236460,0.0014523816062137485,39,8218,pager,True
3.112137425,0.0014514235081151128,26,3080,subadd,True
11.22058803,0.0014496648218482733,1,5115,heterosis,True
6.59685055,0.0014495933428406715,18,5201,subadd,True
16.2858981,0.0014416336780413985,0,8831,underdominant,True
8.84730425,0.001437994884327054,18,7804,subadd,True
12.9110954,0.001436583581380546,2,3642,underdominant,True
19.19806961,0.001432717894203961,1,8091,superadd,True
5.79961085,0.0014266973594203591,73,6769,subadd,True
6.97474076,0.0014252415858209133,34,8057,superadd,True
11.32676616,0.0014247425133362412,7,3617,recessive,True
8.101390714,0.0014240239979699254,23,4634,subadd,True
10.23086120,0.0014229945372790098,5,7601,superadd,True
11.32606694,0.0014212308451533318,7,3574,underdominant,True
6.63219033,0.0014199860161170363,26,6231,recessive,True
4.168134540,0.0014181641163304448,74,3604,recessive,True
11.32603082,0.0014145317254588008,6,4320,underdominant,True
10.110980313,0.0014120943378657103,32,7695,subadd,True
2.121518535,0.001411772333085537,85,6130,subadd,True
8.101439014,0.0014068306190893054,23,5150,subadd,True
7.120126008,0.001401380985043943,85,4313,subadd,True
4.167531682,0.00140019366517663,73,9973,subadd,True
12.30187391,0.001400186331011355,8,4276,superadd,True
6.63116689,0.0013965145917609334,26,7420,recessive,True
4.80052847,0.0013896966120228171,38,645,subadd,True
6.63303486,0.0013874027645215392,27,7822,recessive,True
2.95685667,0.0013847033260390162,60,4885,dominant,True
6.63346990,0.0013782100286334753,27,7716,recessive,True
10.107646907,0.0013741798466071486,30,4926,superadd,True
10.100008065,0.0013726616743952036,25,4866,pager,True
7.30173447,0.001371696824207902,20,7828,underdominant,True
6.63410077,0.0013648318126797676,27,8477,recessive,True
16.50394591,0.0013607027940452099,10,8548,superadd,True
3.136074842,0.0013574166223406792,31,8811,superadd,True
5.75224916,0.0013566846027970314,67,7337,recessive,True
14.10797439,0.0013556487392634153,6,5659,superadd,True
19.30767079,0.001352646155282855,19,6779,superadd,True
20.7823271,0.0013491265708580613,9,6095,subadd,True
4.157564078,0.0013490419369190931,65,4259,pager,True
11.32608570,0.001346809440292418,7,4345,recessive,True
11.70111040,0.001346286153420806,10,2118,recessive,True
5.29491553,0.0013438054593279958,19,5816,dominant,True
2.69159931,0.0013428513193503022,33,5072,heterosis,True
14.10888761,0.0013423898490145802,6,7428,pager,True
2.69200374,0.0013420571340247989,33,3554,subadd,True
7.84249001,0.0013381980825215578,65,5343,dominant,True
5.131428835,0.0013330786023288965,114,4404,subadd,True
5.131419877,0.001328510930761695,114,9114,pager,True
1.188509996,0.001327029662206769,63,6160,pager,True
5.114352601,0.001325693679973483,100,303,subadd,True
4.100264518,0.0013239927357062697,46,9904,superadd,True
9.19347223,0.001316908048465848,13,8083,pager,True
7.119904187,0.0013141052331775427,84,4562,superadd,True
15.62532059,0.001309177023358643,14,7725,recessive,True
2.69857365,0.0013082325458526611,37,9015,subadd,True
16.57883908,0.0013075420865789056,13,9178,subadd,True
12.5961404,0.0013075354509055614,0,6827,pager,True
2.89718586,0.0013059936463832855,54,7978,superadd,True
1.177306241,0.0013028854737058282,46,4430,dominant,True
7.30340959,0.0012998871970921755,20,4898,recessive,True
5.33727664,0.0012985931243747473,37,2497,pager,True
2.101925722,0.0012976682046428323,74,2029,dominant,True
16.58059671,0.0012922030873596668,13,6611,recessive,True
5.161656394,0.001291765016503632,125,4970,heterosis,True
9.19343466,0.0012894371757283807,13,8062,pager,True
1.177116228,0.0012891986407339573,45,3576,recessive,True
16.57101069,0.0012866040924564004,12,7346,subadd,True
2.70089607,0.0012837841641157866,37,7582,pager,True
11.21925308,0.0012805828591808677,0,5540,heterosis,True
2.67783592,0.001277984119951725,25,4753,superadd,True
18.693034,0.0012765037827193737,0,6896,superadd,True
10.107688702,0.0012691501760855317,31,4512,pager,True
4.157893897,0.0012618915643543005,65,7579,underdominant,True
6.60638022,0.001248367945663631,22,2913,recessive,True
5.114405508,0.0012462674640119076,100,1961,pager,True
6.67067481,0.0012411989737302065,30,6423,subadd,True
4.145404336,0.0012331852922216058,58,4641,subadd,True
9.112469824,0.0012329373275861144,66,7132,underdominant,True
10.107448809,0.0012325532734394073,30,6753,superadd,True
5.161720863,0.0012321665417402983,125,5577,underdominant,True
4.79943809,0.0012284985277801752,37,2957,pager,True
3.168999707,0.0012280088849365711,45,6260,subadd,True
2.135478394,0.0012268619611859322,99,2814,subadd,True
13.64289557,0.0012258889619261026,9,7105,superadd,True
7.119949881,0.00122431805357337,84,5643,subadd,True
17.64077944,0.0012207803083583713,7,7879,subadd,True
1.273790604,0.0012199552729725838,106,8115,recessive,True
12.17007848,0.001209976035170257,6,9942,pager,True
7.9926718,0.0012076104758307338,8,1669,dominant,True
13.55321425,0.001207231543958187,2,5700,subadd,True
5.131622904,0.001205953536555171,114,7952,superadd,True
8.101373163,0.0012035322142764926,23,8118,subadd,True
7.13718484,0.0012030488578602672,19,1235,pager,True
6.145527005,0.0012024586321786046,40,7584,dominant,True
2.69812066,0.00119799526873976,36,9769,superadd,True
2.47826875,0.0011904968414455652,7,2198,subadd,True
10.107494500,0.0011885371059179306,30,7334,superadd,True
18.2150562,0.001186432084068656,3,3338,recessive,True
4.80023822,0.0011843724641948938,38,3018,pager,True
2.259843260,0.001184015884064138,120,8807,heterosis,True
5.161774157,0.001178883365355432,126,8637,heterosis,True
18.2188413,0.001178045175038278,3,3255,subadd,True
12.41257972,0.0011766760144382715,8,6749,superadd,True
13.61108450,0.001173746888525784,4,7681,superadd,True
19.30631987,0.0011672696564346552,18,9390,pager,True
7.36288108,0.0011500912951305509,25,3772,pager,True
11.70091428,0.0011471888283267617,10,1267,recessive,True
2.67142901,0.0011471632169559598,23,7292,dominant,True
7.85523989,0.001139861298725009,67,6853,underdominant,True
9.10208407,0.0011382591910660267,2,5778,recessive,True
12.29292959,0.0011364349629729986,6,8122,subadd,True
1.274472166,0.0011358034098520875,111,9620,recessive,True
6.60697770,0.00113434880040586,23,4779,recessive,True
8.103307481,0.0011334128212183714,27,9995,superadd,True
10.107614945,0.0011332744034007192,30,6224,superadd,True
6.97560030,0.0011323093203827739,35,6428,subadd,True
15.59023981,0.001130212564021349,12,9509,subadd,True
6.97162289,0.0011300372425466776,33,9002,superadd,True
5.79713985,0.001126921852119267,72,5303,dominant,True
12.30071710,0.0011260415194556117,7,5682,superadd,True
3.169523422,0.001124642207287252,46,7374,subadd,True
11.26712503,0.0011228378862142563,4,6388,superadd,True
5.130151727,0.0011228318326175213,111,2654,subadd,True
10.100789169,0.0011175115359947085,26,6583,dominant,True
2.244968227,0.0011160231661051512,117,9827,recessive,True
1.282010983,0.0011130440980196,140,1167,subadd,True
12.5692929,0.0011113962391391397,0,9871,subadd,True
3.136288557,0.0011103155557066202,32,9910,pager,True
11.21714272,0.0011083724675700068,0,7742,heterosis,True
7.36337033,0.0011051846668124199,26,4012,pager,True
18.25610489,0.001100423512980342,7,9094,superadd,True
2.102892852,0.0011004131520166993,76,3096,superadd,True
19.23325676,0.0010965452529489994,4,8010,superadd,True
4.80082096,0.0010947667760774493,38,4130,pager,True
4.80946575,0.0010936025064438581,44,9037,superadd,True
2.70668863,0.001089787227101624,38,6925,pager,True
12.6371721,0.0010882617207244039,1,7867,subadd,True
2.135519632,0.0010818915907293558,99,2926,subadd,True
11.21666600,0.0010748290224000812,0,7907,heterosis,True
16.57390928,0.0010737695265561342,12,4955,recessive,True
8.101582762,0.0010720427380874753,24,7147,superadd,True
11.33252353,0.0010669954353943467,8,9686,underdominant,True
2.43644014,0.0010669338516891003,4,4776,dominant,True
4.156352059,0.0010662829736247659,62,8626,underdominant,True
10.23336240,0.001065382151864469,6,9465,subadd,True
13.54997269,0.0010643594432622194,1,2863,subadd,True
7.81024767,0.0010613102931529284,51,4997,subadd,True
4.78811228,0.0010601594112813473,29,636,subadd,True
10.30149278,0.0010586981661617756,7,7142,pager,True
6.60712367,0.0010581337846815586,23,5193,subadd,True
2.100235866,0.001053603831678629,65,6018,heterosis,True
11.21877984,0.0010534042958170176,0,7183,heterosis,True
11.32604779,0.0010525641264393926,7,5789,underdominant,True
9.114871059,0.0010485954117029905,70,6355,pager,True
4.79824624,0.00104594009462744,35,720,subadd,True
4.163389985,0.0010425541549921036,72,8086,dominant,True
2.95581444,0.0010421222541481256,59,6898,dominant,True
18.65602689,0.0010364759946241975,12,7943,dominant,True
5.131141036,0.0010356868151575327,113,4882,superadd,True
2.70057032,0.0010345104383304715,37,7198,pager,True
18.1137899,0.001032748376019299,0,9494,pager,True
13.59614131,0.0010322689777240157,3,7378,superadd,True
12.6048332,0.0010270682396367192,1,9672,pager,True
3.134393256,0.0010264415759593248,30,8932,subadd,True
6.60637401,0.0010219973046332598,22,2289,recessive,True
5.131718665,0.001020302646793425,115,6922,superadd,True
5.131429235,0.001017400878481567,114,5881,subadd,True
3.169556567,0.0010172408074140549,46,9305,subadd,True
10.100517222,0.0010169039014726877,26,8213,recessive,True
4.79981421,0.0010129857109859586,37,743,subadd,True
13.55255369,0.0010126900160685182,2,4924,subadd,True
2.135507637,0.001012439257465303,99,2795,subadd,True
16.57644451,0.0010071591241285205,12,5142,subadd,True
9.45804624,0.0010013410355895758,14,9782,superadd,True
13.61366453,0.000999045092612505,4,5502,superadd,True
7.9933828,0.0009984278585761786,8,2709,pager,True
8.26666610,0.0009935901034623384,1,6407,recessive,True
12.29950419,0.0009899138240143657,7,5020,subadd,True
7.12348855,0.0009855474345386028,15,2073,heterosis,True
7.12440783,0.0009834726806730032,15,2410,recessive,True
15.63380376,0.0009796046651899815,17,9794,heterosis,True
2.47826931,0.0009788521565496922,7,9912,dominant,True
7.11896701,0.000978301977738738,14,1431,subadd,True
12.30126846,0.0009770571487024426,7,7229,superadd,True
10.11331419,0.000974161725025624,0,3988,subadd,True
16.20033062,0.0009733063634485006,0,8755,underdominant,True
11.21650107,0.0009702315437607467,0,8512,heterosis,True
18.25959251,0.0009610092383809388,8,4028,underdominant,True
13.110044170,0.0009570937254466116,13,2565,superadd,True
8.79997161,0.0009569126414135098,12,1921,heterosis,True
15.56771028,0.0009553387062624097,3,7143,recessive,True
11.33212103,0.0009530276875011623,8,5647,heterosis,True
18.1252177,0.0009505153866484761,0,8980,pager,True
2.103181934,0.0009489214862696826,78,5679,subadd,True
18.25913943,0.000943364342674613,8,4244,recessive,True
1.273899254,0.000937316392082721,108,4499,pager,True
16.83127670,0.0009371466003358364,20,5712,dominant,True
4.160752500,0.0009369353647343814,71,2673,pager,True
18.46454879,0.0009330002358183265,11,4386,dominant,True
11.21636676,0.0009294235496781766,0,7618,heterosis,True
5.71552908,0.0009232840384356678,63,3811,dominant,True
18.25635366,0.0009183358633890748,7,6489,subadd,True
2.43698111,0.0009157088352367282,4,9058,recessive,True
17.64022265,0.0009141918271780014,7,9723,recessive,True
10.102937415,0.0009134997962974012,28,4847,heterosis,True
6.60631418,0.0009122769697569311,22,2445,recessive,True
10.103053546,0.0009109499515034258,29,4979,heterosis,True
13.17925333,0.0009084896300919354,0,9081,recessive,True
20.35720572,0.0009004829335026443,15,4890,pager,True
13.55000774,0.0008974728407338262,1,6246,pager,True
8.102918627,0.0008974082884378731,25,6331,superadd,True
9.61516077,0.0008967857575044036,37,5742,superadd,True
11.21552359,0.0008888159645721316,0,8951,heterosis,True
16.49765294,0.000887120608240366,6,7221,dominant,True
17.64023034,0.0008836355991661549,7,8173,pager,True
1.221516372,0.000877421407494694,95,3287,subadd,True
5.161229434,0.0008725397638045251,123,4672,heterosis,True
11.26643956,0.0008623742614872754,4,6622,dominant,True
2.69921728,0.0008608921198174357,37,8383,heterosis,True
5.71553525,0.0008604957838542759,63,5058,dominant,True
12.30217882,0.0008563788724131882,8,3570,heterosis,True
11.33245487,0.0008554541855119169,8,8360,heterosis,True
9.47729275,0.0008526561432518065,17,9435,dominant,True
4.81334869,0.000850565149448812,46,4203,subadd,True
3.134736583,0.0008499241666868329,30,6604,subadd,True
4.73461062,0.0008497228263877332,10,4807,superadd,True
5.131290221,0.0008476817165501416,113,9208,superadd,True
11.23015870,0.0008457658695988357,1,3332,heterosis,True
12.30179743,0.0008406054694205523,8,6219,heterosis,True
1.273070920,0.0008356533944606781,103,6501,pager,True
2.35871642,0.0008353024022653699,1,7079,heterosis,True
7.9784354,0.0008349337731488049,7,1146,subadd,True
1.222970209,0.0008316971361637115,96,4798,subadd,True
13.61626046,0.00082686438690871,5,9076,superadd,True
7.104912317,0.0008262276533059776,76,5508,subadd,True
5.162028395,0.000823088048491627,126,1918,heterosis,True
6.63471894,0.0008209754596464336,28,6482,superadd,True
16.20186762,0.0008202281314879656,0,5676,heterosis,True
13.61812728,0.0008197090937756002,6,5364,superadd,True
13.61794200,0.000813759514130652,6,5404,superadd,True
12.48908588,0.0008113485528156161,10,1751,heterosis,True
4.72103230,0.0008028554730117321,7,7989,subadd,True
7.81251146,0.0008018981316126883,54,5602,subadd,True
1.127716986,0.0008008950971998274,18,6616,dominant,True
12.48875877,0.0007998811779543757,10,2096,heterosis,True
8.101338876,0.0007932557491585612,22,3672,recessive,True
13.61780231,0.0007931283325888216,5,5232,superadd,True
1.202685962,0.0007920890930108726,85,8726,superadd,True
7.13676055,0.0007887847605161369,18,1065,superadd,True
12.48582117,0.0007872684509493411,9,6353,heterosis,True
8.105370933,0.0007849426474422216,31,3042,superadd,True
16.22325948,0.0007846282096579671,1,6756,dominant,True
9.53573717,0.0007830754620954394,20,7328,heterosis,True
8.79839236,0.0007823064224794507,12,1257,heterosis,True
8.107719294,0.000781790993642062,33,5544,subadd,True
18.30548830,0.0007775695412419736,9,7688,superadd,True
16.49745463,0.0007750445511192083,5,9687,dominant,True
12.15194679,0.0007744666072539985,4,9648,pager,True
4.73658840,0.000772742903791368,11,5652,superadd,True
15.57527694,0.000770391954574734,5,7873,recessive,True
4.157435957,0.0007701495196670294,64,4058,heterosis,True
5.71501338,0.0007668890757486224,63,6711,dominant,True
15.57265086,0.0007555495831184089,4,9018,recessive,True
2.69256702,0.0007518447237089276,33,6229,superadd,True
4.78357257,0.0007506061811000109,26,4185,pager,True
6.63159786,0.0007499538478441536,26,7381,superadd,True
15.56842135,0.0007474451558664441,3,7099,recessive,True
8.79786868,0.0007473556324839592,12,1539,heterosis,True
15.57919047,0.0007450921693816781,8,5524,superadd,True
20.8388954,0.000743571319617331,10,2082,subadd,True
8.45756625,0.0007433428545482457,2,4132,superadd,True
15.56726727,0.0007419390603899956,2,8627,dominant,True
6.63345399,0.000736561487428844,27,6751,superadd,True
10.102995132,0.0007339913863688707,28,5351,heterosis,True
2.182653261,0.0007330628577619791,106,3187,subadd,True
15.58173738,0.0007329456275328994,9,4835,superadd,True
2.68359783,0.0007300347788259387,28,7793,subadd,True
16.73814573,0.0007299704011529684,17,5007,heterosis,True
15.56807379,0.0007291783695109189,3,6979,recessive,True
7.9802650,0.0007288137567229569,7,1270,subadd,True
4.78749643,0.0007249926566146314,29,1365,subadd,True
13.63233694,0.0007216144585981965,8,8690,superadd,True
2.55021198,0.000718630850315094,14,4871,heterosis,True
7.81259780,0.0007176157087087631,54,8119,recessive,True
16.49208665,0.0007171430042944849,3,7561,dominant,True
7.105035928,0.0007163279806263745,77,6325,superadd,True
4.79933619,0.0007162198890000582,37,2444,subadd,True
2.50382731,0.000715858768671751,12,4160,dominant,True
2.68972281,0.0007132996688596904,32,7037,heterosis,True
16.73692328,0.0007130163721740246,16,4967,heterosis,True
13.55296757,0.0007118618814274669,2,4458,superadd,True
7.13428650,0.0007100066286511719,18,2876,heterosis,True
19.23769443,0.0007037518080323935,5,8914,dominant,True
6.66917810,0.000703290686942637,28,6847,subadd,True
12.48627838,0.0007003162754699588,10,5785,heterosis,True
15.57910769,0.0006977603188715875,8,8771,recessive,True
19.30676169,0.0006964029744267464,19,5981,pager,True
4.75201739,0.0006952534895390272,16,7422,recessive,True
18.25651925,0.0006936087738722563,7,2643,recessive,True
19.30659297,0.0006925066700205207,19,7432,pager,True
18.84942862,0.0006919304141774774,22,5279,superadd,True
13.61720615,0.0006883540190756321,5,5103,superadd,True
6.60377828,0.0006877704290673137,21,3558,recessive,True
13.18037189,0.000687082065269351,0,9980,dominant,True
12.48602677,0.000686256680637598,9,2512,heterosis,True
13.61840147,0.0006841617287136614,6,6525,superadd,True
14.8002696,0.0006838071276433766,5,7613,subadd,True
7.120094680,0.0006834230734966695,85,5567,subadd,True
16.82742553,0.0006792457425035536,20,5345,pager,True
13.62350587,0.0006764575373381376,8,6239,superadd,True
10.102909440,0.0006709328736178577,28,5015,heterosis,True
13.92339923,0.0006693755276501179,12,8956,dominant,True
20.8778030,0.0006679731304757297,10,1943,subadd,True
4.77906574,0.0006634176825173199,24,1782,recessive,True
15.57898066,0.0006628676783293486,7,9461,recessive,True
18.83423203,0.0006625651149079204,18,9793,dominant,True
20.8561455,0.0006566798547282815,10,3234,superadd,True
12.30201884,0.0006556721054948866,8,3848,heterosis,True
8.81004431,0.0006541932234540582,14,1634,superadd,True
15.59068438,0.0006514084525406361,12,8178,superadd,True
2.241198607,0.0006503593176603317,111,5190,subadd,True
18.1794848,0.0006457316922023892,1,3455,recessive,True
16.73924302,0.0006448043277487159,17,4838,heterosis,True
16.59065040,0.0006431638612411916,15,4302,subadd,True
4.160566535,0.0006421036669053137,70,5165,recessive,True
6.60715932,0.0006418857374228537,23,9345,recessive,True
8.45969847,0.0006403728039003909,2,9332,subadd,True
1.214591081,0.0006391781498678029,91,9318,dominant,True
1.222823573,0.0006383980507962406,96,5262,subadd,True
6.62827448,0.000631228496786207,26,5806,superadd,True
13.60569330,0.0006265542469918728,3,5384,superadd,True
15.61729928,0.0006253794999793172,12,5963,subadd,True
5.50069270,0.0006240534130483866,50,4640,superadd,True
15.56898035,0.0006226313416846097,3,7560,recessive,True
4.22374469,0.0006219644565135241,2,1435,superadd,True
16.73885604,0.0006216054316610098,17,5051,heterosis,True
3.134717196,0.0006210021674633026,30,8373,subadd,True
10.103015717,0.0006203845259733498,29,6813,superadd,True
8.26643626,0.0006193988374434412,1,9424,heterosis,True
18.1539906,0.0006169231492094696,1,7805,subadd,True
5.48647676,0.0006074424018152058,49,4589,subadd,True
13.92877704,0.0006069830269552767,12,7954,subadd,True
4.80360501,0.0006065241759642959,40,2601,pager,True
13.62323934,0.0006047936039976776,7,9979,dominant,True
13.61698693,0.0006042516906745732,5,5703,superadd,True
4.78211524,0.0006026910850778222,25,2842,subadd,True
13.61910451,0.0006021755980327725,6,9763,superadd,True
7.116381248,0.0006012453231960535,79,2050,heterosis,True
6.59348791,0.0005997056141495705,17,6053,pager,True
1.222252279,0.0005987055483274162,95,3850,subadd,True
15.58036038,0.0005985708558000624,8,6758,superadd,True
15.57831223,0.000593132630456239,7,5518,subadd,True
13.61910563,0.0005913538625463843,6,9816,dominant,True
1.277403839,0.0005893727065995336,119,486,dominant,True
7.104804360,0.0005826103733852506,76,7955,recessive,True
6.62067898,0.0005810762522742152,24,7058,dominant,True
15.56994445,0.000580645224545151,3,9038,recessive,True
9.53327995,0.0005800685612484813,19,9443,pager,True
6.89368289,0.0005793114542029798,30,9169,superadd,True
18.83415347,0.0005758075276389718,18,8808,dominant,True
12.48682242,0.0005731155397370458,10,4222,heterosis,True
13.61783452,0.0005725270602852106,6,5756,dominant,True
8.101487102,0.0005719427717849612,24,5215,recessive,True
7.83180642,0.0005705625517293811,62,4752,heterosis,True
16.73805745,0.0005705226794816554,17,5930,heterosis,True
10.23240000,0.0005654070409946144,5,4119,heterosis,True
8.105304719,0.0005607709754258394,30,3435,superadd,True
12.9154307,0.0005596737610176206,2,3175,heterosis,True
8.101450483,0.0005591744557023048,23,9203,underdominant,True
18.65640195,0.000556824030354619,12,9021,dominant,True
8.105290783,0.0005539833218790591,30,3692,superadd,True
16.49342120,0.0005494116339832544,4,8536,dominant,True
18.31119984,0.0005484400317072868,9,9604,superadd,True
13.60536301,0.000546895491424948,3,6997,superadd,True
18.84307034,0.0005465804715640843,20,7211,pager,True
13.61909970,0.0005446247523650527,6,4995,dominant,True
16.22469261,0.000541668850928545,1,8002,dominant,True
15.57530576,0.0005401088856160641,6,5842,superadd,True
7.10378299,0.0005400152876973152,9,1541,recessive,True
13.62045497,0.0005358324851840734,7,7622,dominant,True
13.62025728,0.0005351082654669881,6,7734,dominant,True
7.13350878,0.0005322438664734364,18,1479,subadd,True
2.37110944,0.0005308730178512633,1,9473,superadd,True
2.70013761,0.0005267253727652133,37,8014,heterosis,True
4.78159595,0.0005258699529804289,25,2276,pager,True
4.79503889,0.0005229194648563862,32,3502,subadd,True
15.57556177,0.000518792774528265,6,5798,superadd,True
2.68630591,0.0005162974703125656,31,8302,heterosis,True
11.70356666,0.0005162188317626715,11,8376,heterosis,True
20.37971353,0.0005157654522918165,15,8436,dominant,True
4.77992470,0.0005152551457285881,25,2943,subadd,True
13.62203268,0.0005138222477398813,7,7922,dominant,True
18.84026257,0.0005076692323200405,20,7045,underdominant,True
8.85769018,0.0005028206505812705,20,9431,pager,True
16.20203857,0.0005010162713006139,0,8744,heterosis,True
18.83783021,0.0004985070554539561,19,7120,pager,True
18.84217170,0.0004985070554539561,20,6943,pager,True
15.57511474,0.0004953223397023976,5,5713,superadd,True
16.49799157,0.0004950346774421632,6,4315,dominant,True
16.49195949,0.0004923454253003001,3,6117,superadd,True
18.87652179,0.0004915663739666343,26,8034,subadd,True
18.86057958,0.0004898766055703163,24,6254,superadd,True
18.83461921,0.0004892520373687148,19,7160,underdominant,True
18.84319433,0.0004881597124040127,20,7650,pager,True
15.58145690,0.0004804448108188808,9,9940,superadd,True
18.83485058,0.00047640540287829936,19,8468,pager,True
10.64688790,0.0004688281042035669,8,8796,heterosis,True
5.113851076,0.0004663687141146511,97,2976,superadd,True
5.49592512,0.00046517475857399404,50,7336,superadd,True
4.81319958,0.00045924214646220207,45,6277,subadd,True
15.57485031,0.0004575610801111907,5,5585,superadd,True
13.61800737,0.0004551884485408664,6,5931,dominant,True
7.36028663,0.0004540719382930547,24,1132,dominant,True
20.37971642,0.0004498542984947562,16,7950,superadd,True
13.56376677,0.0004482206131797284,2,8192,subadd,True
15.57485069,0.00044417878962121904,5,9559,recessive,True
4.73034730,0.00044087570859119296,9,5727,superadd,True
12.9083521,0.00044079931103624403,2,3005,underdominant,True
12.48646837,0.00044078045175410807,10,6430,heterosis,True
12.48897022,0.00044051968143321574,10,4629,underdominant,True
18.84367019,0.000438031303929165,20,7683,pager,True
17.28719061,0.0004367434303276241,4,4830,heterosis,True
17.28722707,0.0004367434303276241,4,5522,heterosis,True
18.86909539,0.00043455688864924014,25,6609,superadd,True
16.58982022,0.0004312266828492284,15,6402,recessive,True
12.48024518,0.0004292406083550304,8,4298,heterosis,True
2.182509501,0.00042911971104331315,106,5506,recessive,True
18.83608281,0.00042896915692836046,19,7222,pager,True
4.80005016,0.0004287571646273136,37,1311,underdominant,True
10.11334819,0.000426237762439996,0,8486,subadd,True
19.55120146,0.0004215937224216759,23,7759,superadd,True
12.48829804,0.0004181719268672168,10,4371,underdominant,True
13.61516184,0.0004180035903118551,5,5693,superadd,True
18.83230045,0.00041119111119769514,17,9244,pager,True
18.83243222,0.00041119111119769514,17,9113,pager,True
8.101370487,0.0004074293246958405,23,3515,recessive,True
12.48177039,0.00040585699025541544,9,3929,heterosis,True
4.78099791,0.00040251793689094484,25,4156,subadd,True
8.79881825,0.0004007773823104799,12,2087,heterosis,True
1.213796753,0.00040036754216998816,90,6193,dominant,True
12.48204945,0.0003998262982349843,9,3730,heterosis,True
18.83842970,0.0003996168670710176,20,7429,subadd,True
8.105365625,0.0003967099473811686,31,4301,superadd,True
18.83134234,0.0003954455314669758,17,9230,pager,True
7.139004229,0.00039499843842349946,98,7055,superadd,True
18.83026129,0.0003922861651517451,17,7715,pager,True
18.86880644,0.0003862085286527872,25,7273,superadd,True
18.69962237,0.00038614365621469915,13,4878,superadd,True
8.79033427,0.0003851468791253865,11,1164,dominant,True
12.47957189,0.0003843481244985014,8,3858,heterosis,True
12.48265138,0.0003843481244985014,9,3860,heterosis,True
12.48390848,0.0003843481244985014,9,3861,heterosis,True
15.57540850,0.00038355839205905795,6,9254,superadd,True
4.79776048,0.0003797585377469659,35,3198,subadd,True
18.84926547,0.00037647204590030015,22,8432,pager,True
2.34782754,0.0003762692504096776,1,9743,pager,True
7.138933296,0.0003749318129848689,98,9289,pager,True
6.145921853,0.0003737602091860026,40,8830,pager,True
15.57503890,0.00037079770117998123,5,7803,heterosis,True
13.61256527,0.00037074368447065353,4,7574,superadd,True
3.50974588,0.0003636288456618786,7,8471,pager,True
18.32230747,0.0003619330527726561,9,1758,subadd,True
11.70197029,0.00035863384255208075,10,7524,recessive,True
11.26368982,0.0003569224791135639,4,9430,recessive,True
7.9888436,0.00035459798527881503,8,1133,subadd,True
4.104149705,0.00034643791150301695,47,6209,recessive,True
7.35985047,0.0003463618631940335,24,966,dominant,True
13.62048310,0.0003452962846495211,7,9329,dominant,True
18.64382001,0.0003399489214643836,12,9319,subadd,True
18.83285652,0.0003396062820684165,17,9334,pager,True
18.83413031,0.0003396062820684165,18,9278,pager,True
18.82543677,0.0003378708497621119,16,7530,pager,True
1.235591721,0.00033445272129029036,100,7404,pager,True
18.82324986,0.0003341005649417639,16,8761,pager,True
16.22517288,0.00033010917832143605,1,9969,dominant,True
18.81738870,0.0003291972097940743,15,8501,pager,True
18.81951237,0.0003291972097940743,16,8463,pager,True
7.112695628,0.0003231718728784472,78,7619,dominant,True
14.7934602,0.00032197649125009775,4,7916,pager,True
18.81330247,0.00032126205042004585,15,9202,pager,True
18.81526742,0.00032126205042004585,15,9265,pager,True
16.22483846,0.00032048943103291094,1,8194,dominant,True
15.57989111,0.0003154895966872573,8,9047,recessive,True
13.65257288,0.0003111611003987491,10,9840,dominant,True
13.65275116,0.0003095005522482097,10,9751,dominant,True
4.74556638,0.00030888934270478785,13,5631,recessive,True
2.241325993,0.00030477490508928895,111,3896,pager,True
18.87272465,0.00030159667949192226,26,9399,superadd,True
13.62248446,0.00030100857838988304,7,9190,dominant,True
4.75339358,0.00029312644619494677,17,5198,underdominant,True
10.107725134,0.00029076036298647523,31,5721,pager,True
13.65205939,0.00028881727484986186,9,7565,superadd,True
12.9274414,0.0002788103884086013,3,3584,heterosis,True
5.126571910,0.00026887934654951096,106,8076,subadd,True
15.57877313,0.00026577262906357646,7,9337,superadd,True
12.9380746,0.0002639242447912693,3,5813,underdominant,True
12.49355045,0.00026191576034761965,11,6008,heterosis,True
14.7724208,0.00025814957916736603,4,8609,recessive,True
15.57205518,0.0002573079545982182,4,9452,superadd,True
11.26622453,0.000256383849773556,4,9609,recessive,True
16.59048526,0.00025481704506091774,15,4888,subadd,True
4.75264381,0.0002539973647799343,16,5474,underdominant,True
16.58052145,0.00025037323939614,13,7067,subadd,True
7.112714136,0.0002486026205588132,78,6988,dominant,True
3.172551715,0.0002458635135553777,47,7192,dominant,True
4.75252437,0.00024496091646142304,16,5471,underdominant,True
5.14094480,0.00024107718490995467,5,4403,superadd,True
14.10592382,0.00024064016179181635,5,3852,superadd,True
4.160108538,0.00023922297987155616,68,4089,underdominant,True
8.105081975,0.00023861983208917081,30,4961,dominant,True
15.58961073,0.00023852121375966817,12,9781,recessive,True
15.66218046,0.00023732299450784922,19,9539,heterosis,True
15.66262063,0.00023732299450784922,20,9540,heterosis,True
17.64044242,0.00023672117094974965,7,6891,superadd,True
4.80940406,0.0002309704286744818,44,7914,subadd,True
15.66207252,0.00022668871679343283,19,9150,underdominant,True
3.141791814,0.00022656071814708412,44,6341,heterosis,True
18.25277086,0.00022312764485832304,6,2591,subadd,True
8.81395420,0.00021856276725884527,16,9234,superadd,True
14.19849211,0.00021721638040617108,14,5728,pager,True
20.8824141,0.00021596055012196302,10,1194,recessive,True
7.105034879,0.0002134510432370007,77,6804,subadd,True
17.11038349,0.00021223834482952952,2,7006,heterosis,True
18.69906524,0.00021197779278736562,13,4419,superadd,True
8.101474707,0.00020461526582948864,24,6135,recessive,True
12.7028159,0.00020388708799146116,1,6152,subadd,True
12.48750871,0.00019437266746535897,10,4645,heterosis,True
10.18576251,0.00019337705452926457,1,8534,superadd,True
16.49817359,0.00019271386554464698,6,5318,dominant,True
18.83707290,0.00019099339260719717,19,7689,pager,True
5.14357187,0.0001783887855708599,6,4007,superadd,True
20.6798768,0.00017600736464373767,6,5059,dominant,True
4.75235956,0.00017519955872558057,16,5516,underdominant,True
20.8314429,0.00017471896717324853,9,4923,subadd,True
15.65815993,0.00017148932965938002,19,8592,subadd,True
19.30178189,0.00016993512690532953,17,4974,subadd,True
12.48513955,0.0001692367222858593,9,4362,heterosis,True
13.61313053,0.00016833229165058583,4,6626,superadd,True
16.22451171,0.0001582149852765724,1,9897,dominant,True
5.47756967,0.0001563769328640774,48,5793,subadd,True
20.7058923,0.0001513462484581396,7,8146,superadd,True
4.75190369,0.00014915101928636432,16,5208,underdominant,True
18.31952523,0.00014786564861424267,9,2240,superadd,True
4.75308653,0.00014361817738972604,17,5497,underdominant,True
11.25146230,0.00014168092457111925,2,9344,underdominant,True
20.9583925,0.0001386335352435708,11,7750,underdominant,True
14.10956487,0.00013449863763526082,6,3930,superadd,True
7.105012866,0.00013351514644455165,76,8717,heterosis,True
2.241965129,0.00012736186909023672,113,6992,dominant,True
8.79748644,0.0001260827702935785,12,1318,heterosis,True
20.7751866,0.00012606392556335777,8,6968,recessive,True
13.53144384,0.00012033935490762815,0,9457,dominant,True
18.32179536,0.00011927879677386954,9,2360,superadd,True
13.63213598,0.00011380611249478534,8,7057,dominant,True
4.160527448,0.00011296298180241138,70,3047,dominant,True
12.48781706,0.00010975284385494888,10,4764,heterosis,True
19.30379336,0.00010636753722792491,17,5689,pager,True
1.168027210,9.916072303894907e-05,30,7421,heterosis,True
12.9351479,9.829155897023156e-05,3,4201,heterosis,True
2.212281247,9.755032806424424e-05,108,8056,recessive,True
11.35387645,8.999060082715005e-05,9,9517,subadd,True
13.63221232,8.482007251586765e-05,8,6942,dominant,True
1.212870432,7.803291373420507e-05,90,3244,underdominant,True
11.23689902,7.68051395425573e-05,2,3545,dominant,True
12.22375958,7.570166053483263e-05,6,7224,heterosis,True
12.9435935,7.493214798159897e-05,3,5408,underdominant,True
11.22879401,6.916858546901494e-05,1,5913,heterosis,True
7.79309707,6.870671495562419e-05,39,4945,dominant,True
11.34581675,6.634938472416252e-05,9,8314,pager,True
11.34611024,6.634938472416252e-05,9,8651,pager,True
19.30341695,6.369026959873736e-05,17,5183,superadd,True
7.36278433,6.290913734119385e-05,25,4485,dominant,True
1.167965183,5.491896445164457e-05,30,6056,heterosis,True
4.78431923,4.675649688579142e-05,26,3559,underdominant,True
13.56347352,4.285633622203022e-05,2,9627,dominant,True
17.88395402,3.820430356427096e-05,8,9755,recessive,True
8.104453261,3.598098555812612e-05,29,6812,heterosis,True
1.226656928,3.44560103258118e-05,98,8708,superadd,True
20.9133516,3.029045183211565e-05,11,2720,superadd,True
17.11148887,2.5057754100998864e-05,2,7747,heterosis,True
16.58032361,8.786116723058512e-07,13,8225,subadd,True
4.75148376,-2.2782817268307554e-06,15,5994,underdominant,True
11.26263923,-6.665912223979831e-06,2,9543,underdominant,True
9.117938817,-7.317208201129688e-06,72,5896,dominant,True
19.30393617,-8.955606972449459e-06,17,8928,dominant,True
13.61014496,-1.1487278243293986e-05,3,8671,superadd,True
11.84094276,-1.567797880852595e-05,14,1448,heterosis,True
7.26352893,-3.1027851946419105e-05,19,7958,dominant,True
19.30535897,-3.283754631411284e-05,18,5697,superadd,True
12.9607241,-4.12313274864573e-05,4,5569,underdominant,True
12.7050541,-4.209387770970352e-05,1,8442,subadd,True
9.67767911,-5.330068961484358e-05,52,8148,superadd,True
8.127331785,-5.3350770031102e-05,39,5865,heterosis,True
11.84807362,-5.3815863793715835e-05,15,1585,heterosis,True
4.76030266,-5.6175089412136e-05,20,4915,superadd,True
4.76916789,-5.7493660278851166e-05,23,2851,recessive,True
7.36295587,-6.304297858150676e-05,25,8502,subadd,True
5.67556171,-6.445813050959259e-05,61,4453,dominant,True
5.50933779,-6.615882739424706e-05,51,4594,subadd,True
9.117945994,-6.749699969077483e-05,72,5688,dominant,True
4.75180436,-6.750192551407963e-05,16,9786,subadd,True
19.30407270,-6.835825479356572e-05,18,6100,recessive,True
11.73607023,-7.172727782744914e-05,12,8507,dominant,True
19.55214107,-7.823410123819485e-05,23,4953,underdominant,True
8.104938878,-8.63478344399482e-05,29,4642,dominant,True
1.167904679,-8.695630822330713e-05,30,6612,heterosis,True
14.19248300,-9.000697173178196e-05,13,6416,pager,True
1.166865704,-9.283010149374604e-05,29,6036,heterosis,True
8.78961512,-0.00010794316040119156,11,1355,dominant,True
20.4017279,-0.00010983525135088712,1,9310,dominant,True
8.81097279,-0.00010995317279594019,15,1050,dominant,True
7.105130685,-0.0001111721940105781,77,7511,subadd,True
10.96520415,-0.00011188341886736453,20,4572,heterosis,True
16.49910795,-0.00011252579133724794,7,6381,heterosis,True
4.76176262,-0.000115124938020017,21,5519,dominant,True
1.108178810,-0.00011754909792216495,12,1051,dominant,True
4.78412698,-0.00011907086445717141,26,3058,underdominant,True
20.7613357,-0.00012126097863074392,8,4366,subadd,True
20.7800566,-0.0001287234335904941,9,9084,superadd,True
17.28864850,-0.0001302340824622661,5,8289,heterosis,True
5.55460554,-0.00013037137978244573,53,3095,underdominant,True
5.67592581,-0.00013536817277781665,62,3212,heterosis,True
5.70108650,-0.00014087169256526977,63,7254,dominant,True
14.19128370,-0.00014122758875600994,12,7291,heterosis,True
15.66600790,-0.00014153543452266604,20,6628,subadd,True
8.81026869,-0.00014459823432844132,15,935,heterosis,True
11.34325529,-0.00014750227273907512,8,9414,pager,True
20.9382802,-0.00015015096869319677,11,8458,superadd,True
3.169647039,-0.00015611911658197641,46,9193,heterosis,True
11.87001142,-0.00015669336426071823,20,2172,heterosis,True
14.16882497,-0.00015893171075731516,10,7318,heterosis,True
13.61019119,-0.000161069561727345,3,8511,dominant,True
18.32144979,-0.00016341041191481054,9,3062,dominant,True
17.28137069,-0.00016412543482147157,3,2835,underdominant,True
14.19021088,-0.0001694544480415061,11,3089,heterosis,True
20.4115291,-0.00016974950267467648,3,7453,dominant,True
5.64990410,-0.00017152960936073214,59,6810,recessive,True
14.10941593,-0.00017284631030634046,6,6303,dominant,True
20.4852286,-0.00017680342716630548,6,9227,superadd,True
7.34904600,-0.00018060347065329552,21,8821,underdominant,True
15.61869879,-0.0001937140477821231,13,8011,heterosis,True
11.84122172,-0.00020101829431951046,15,1395,heterosis,True
20.7342819,-0.00020130719349253923,7,7541,underdominant,True
6.29781389,-0.00020187260815873742,7,3223,underdominant,True
12.49309688,-0.0002020333631662652,11,4578,heterosis,True
14.82971863,-0.0002064671425614506,15,9946,heterosis,True
14.19230592,-0.0002080667472910136,13,5195,dominant,True
9.20057796,-0.00021008975454606116,13,6970,recessive,True
2.95678405,-0.00021280763030517846,59,9282,underdominant,True
1.235023144,-0.00021312788885552436,99,9020,underdominant,True
20.7854323,-0.0002135407121386379,9,7457,dominant,True
17.29083823,-0.00022439633903559297,6,9206,heterosis,True
11.86406208,-0.00022494223958346993,17,2909,heterosis,True
2.225416590,-0.0002279657928738743,109,8404,recessive,True
5.55441316,-0.0002284446673002094,53,2130,underdominant,True
20.4348217,-0.0002288721880177036,5,8109,heterosis,True
5.105362996,-0.0002290807169629261,78,635,recessive,True
17.28734577,-0.0002304985246155411,4,5141,underdominant,True
15.68328833,-0.00023200585565064102,22,5267,heterosis,True
6.7788909,-0.00023227478959597647,1,9734,dominant,True
7.80306418,-0.0002371349255554378,46,5410,dominant,True
20.7435209,-0.00023819277703296393,7,4504,heterosis,True
15.67485894,-0.00023929438611958176,21,7216,dominant,True
17.28681300,-0.00024070299696177244,3,7186,heterosis,True
20.4095873,-0.00024287700944114476,2,8516,heterosis,True
6.7627849,-0.0002461291151121259,1,9396,dominant,True
20.7365922,-0.0002482850686646998,7,6133,dominant,True
7.107609737,-0.00025345367612317204,77,5442,heterosis,True
15.14901267,-0.0002538138360250741,0,7383,underdominant,True
20.4017996,-0.0002551507786847651,1,5292,heterosis,True
19.22479863,-0.0002573241654317826,3,9458,dominant,True
15.15466338,-0.00025914740399457514,0,8870,underdominant,True
15.67564859,-0.00026363995857536793,21,7307,heterosis,True
16.58474436,-0.0002668829692993313,15,8621,dominant,True
13.82602880,-0.0002668829692993313,11,8104,recessive,True
20.4094522,-0.0002670098328962922,2,7534,heterosis,True
7.10068903,-0.00026892812456935644,9,962,recessive,True
17.28735848,-0.00027522011077962816,4,8647,heterosis,True
8.78249700,-0.0002752366999629885,10,2687,heterosis,True
8.78805480,-0.00027845727163366973,10,1817,heterosis,True
20.572062,-0.00027894985396414995,0,7369,heterosis,True
11.86993659,-0.000279105210211128,19,2809,heterosis,True
17.29085388,-0.00028274068608880043,6,8403,heterosis,True
4.160746365,-0.000283689791103825,71,2776,heterosis,True
15.15136607,-0.00028909588581882417,0,5845,recessive,True
20.9401181,-0.000289136020001024,11,8568,dominant,True
20.4016976,-0.0002896249352488667,1,9823,heterosis,True
2.47863634,-0.0002898648090194911,7,2520,heterosis,True
15.67801505,-0.00029145265580154955,22,5634,heterosis,True
11.35441413,-0.00029436920885927975,9,7331,dominant,True
15.15628032,-0.0003025961632374674,1,4157,underdominant,True
14.19029421,-0.00031120519270189106,11,3524,heterosis,True
2.241988955,-0.0003187196853104979,113,7871,dominant,True
18.47795844,-0.0003190815623383969,12,9158,underdominant,True
10.100465351,-0.0003254692128393799,25,8254,underdominant,True
20.237252,-0.000343164341757074,0,7519,dominant,True
13.47133279,-0.0003522052429616451,0,5172,heterosis,True
12.8741197,-0.00035448858398012817,1,9069,heterosis,True
15.67848174,-0.00035773919080384076,22,6009,heterosis,True
8.80463231,-0.00036976090632379055,14,1104,heterosis,True
18.46780035,-0.0003718641528394073,11,7061,dominant,True
4.75714609,-0.00039332843152806163,19,5868,dominant,True
20.4330723,-0.00041140749817714095,5,7658,dominant,True
13.47174081,-0.0004176771908532828,0,8783,heterosis,True
14.17077079,-0.0004194284847471863,11,8349,heterosis,True
4.73452812,-0.00042257539462298155,10,8886,heterosis,True
20.4013768,-0.00042571674566715956,0,6771,dominant,True
11.86345475,-0.00042593697435222566,17,8718,underdominant,True
8.77499974,-0.0004361481696832925,9,4932,heterosis,True
20.4412819,-0.00043779745465144515,6,5775,dominant,True
17.28949314,-0.00044534681364893913,6,7364,heterosis,True
2.242024802,-0.00046328530879691243,114,6949,dominant,True
18.23881444,-0.00047207935131154954,5,5834,subadd,True
14.10601780,-0.0004862673522438854,5,6493,recessive,True
20.4032801,-0.0004921158542856574,1,7196,heterosis,True
20.4198900,-0.0004987932625226676,4,8048,dominant,True
8.53780465,-0.0005091624334454536,7,6480,heterosis,True
11.86637832,-0.0005115349194966257,18,2386,heterosis,True
8.53757419,-0.0005244342028163373,6,7085,dominant,True
11.86451433,-0.0005370956496335566,17,2573,heterosis,True
20.4166213,-0.0005460979300551116,3,7108,dominant,True
13.65928847,-0.0005592525703832507,10,3736,dominant,True
8.105530480,-0.0005758522893302143,31,8875,heterosis,True
20.4160320,-0.0005929465405642986,3,7171,dominant,True
20.4027561,-0.0006090005626901984,1,5398,dominant,True
5.67312040,-0.0006995513685978949,61,7674,heterosis,True
14.17066123,-0.0007211736519820988,11,5626,heterosis,True
6.54778249,-0.0008077639504335821,15,7900,dominant,True
6.54802431,-0.0008077639504335821,16,9000,dominant,True
11.84742858,-0.0009107562364079058,15,6494,heterosis,True
10.93257456,-0.0009359174291603267,12,8754,dominant,True
14.20152522,-0.0009822428692132235,15,7327,dominant,True
14.16870870,-0.0009841372957453132,10,6024,heterosis,True
2.242726523,-0.0009896296542137861,114,8763,dominant,True
10.93583019,-0.00102025899104774,15,8408,heterosis,True
10.93375780,-0.0011030113091692328,13,7333,heterosis,True
10.93566888,-0.0011250977404415607,15,9217,heterosis,True
11.85536672,-0.001174341537989676,17,8304,heterosis,True
10.93749326,-0.0011932440102100372,17,9144,dominant,True
10.93733712,-0.001203807070851326,17,9891,dominant,True
10.94038677,-0.0013195406645536423,18,7266,dominant,True
3.171842416,-0.0013412835542112589,46,8664,heterosis,True
10.93274936,-0.0013443299103528261,12,8317,dominant,True
11.85508543,-0.0014989300398156047,17,9877,heterosis,True
14.16943862,-0.0015447308542206883,10,6243,heterosis,True
14.17011586,-0.001615984132513404,11,3639,heterosis,True
11.85426708,-0.0019137877970933914,17,7842,heterosis,True
14.16851818,-0.002135773189365864,10,5566,heterosis,True
1.5633979,-1.0,0,9798,,False
1.5641105,-1.0,0,8028,,False
1.11186681,-1.0,0,6427,,False
1.49602359,-1.0,0,9369,,False
1.49636810,-1.0,0,5008,,False
1.49657869,-1.0,0,5483,,False
1.49675346,-1.0,0,3787,,False
1.49720143,-1.0,0,4370,,False
1.49723198,-1.0,0,9984,,False
1.49723223,-1.0,0,5512,,False
1.49731674,-1.0,1,7587,,False
1.49732857,-1.0,1,9865,,False
1.49756460,-1.0,1,5210,,False
1.50141895,-1.0,1,7267,,False
1.52350257,-1.0,1,8508,,False
1.52426577,-1.0,1,9105,,False
1.52449276,-1.0,1,8320,,False
1.52461340,-1.0,1,8459,,False
1.52739623,-1.0,1,9911,,False
1.52877784,-1.0,1,6808,,False
1.52970787,-1.0,2,8854,,False
1.53088687,-1.0,2,8329,,False
1.53102505,-1.0,2,4032,,False
1.99472884,-1.0,2,4420,,False
1.99489466,-1.0,2,4310,,False
1.99508982,-1.0,2,7134,,False
1.99509442,-1.0,2,2663,,False
1.99525127,-1.0,2,9004,,False
1.102271209,-1.0,2,5763,,False
1.106122856,-1.0,2,6945,,False
1.106163854,-1.0,3,3847,,False
1.106203289,-1.0,3,5178,,False
1.106264131,-1.0,3,5375,,False
1.106549240,-1.0,3,826,,False
1.106572973,-1.0,3,3464,,False
1.106577234,-1.0,3,1083,,False
1.106622251,-1.0,3,870,,False
1.106665904,-1.0,3,925,,False
1.106677415,-1.0,3,4735,,False
1.106712555,-1.0,3,866,,False
1.106736421,-1.0,4,1735,,False
1.106842165,-1.0,4,746,,False
1.106848000,-1.0,4,926,,False
1.106884084,-1.0,4,1480,,False
1.106900416,-1.0,4,327,,False
1.106916147,-1.0,4,928,,False
1.106923495,-1.0,4,238,,False
1.106943992,-1.0,4,1202,,False
1.106945838,-1.0,4,285,,False
1.106957838,-1.0,4,904,,False
1.106958904,-1.0,5,484,,False
1.106966830,-1.0,5,492,,False
1.106967630,-1.0,5,789,,False
1.106980991,-1.0,5,299,,False
1.106992922,-1.0,5,754,,False
1.107001355,-1.0,5,461,,False
1.107014790,-1.0,5,574,,False
1.107027202,-1.0,5,588,,False
1.107027355,-1.0,5,366,,False
1.107047913,-1.0,5,306,,False
1.107053722,-1.0,6,1092,,False
1.107062429,-1.0,6,408,,False
1.107064109,-1.0,6,319,,False
1.107071603,-1.0,6,616,,False
1.107073485,-1.0,6,347,,False
1.107113016,-1.0,6,711,,False
1.107121248,-1.0,6,362,,False
1.107147434,-1.0,6,873,,False
1.107169532,-1.0,6,352,,False
1.107177143,-1.0,7,697,,False
1.107183427,-1.0,7,460,,False
1.107203094,-1.0,7,568,,False
1.107203824,-1.0,7,1028,,False
1.107232224,-1.0,7,2970,,False
1.107265012,-1.0,7,1521,,False
1.107367426,-1.0,7,1446,,False
1.107408171,-1.0,7,517,,False
1.107423631,-1.0,8,1017,,False
1.107442545,-1.0,8,794,,False
1.107451256,-1.0,8,498,,False
1.107523684,-1.0,8,1016,,False
1.107528525,-1.0,8,311,,False
1.107558225,-1.0,8,1027,,False
1.107564119,-1.0,8,851,,False
1.107580257,-1.0,8,1135,,False
1.107613378,-1.0,8,855,,False
1.107644712,-1.0,8,1005,,False
1.107669017,-1.0,9,422,,False
1.107672554,-1.0,9,1131,,False
1.107681925,-1.0,9,380,,False
1.107689485,-1.0,9,531,,False
1.107690442,-1.0,9,1044,,False
1.107704417,-1.0,9,719,,False
1.107717760,-1.0,9,638,,False
1.107718495,-1.0,9,629,,False
1.107782129,-1.0,10,393,,False
1.107827741,-1.0,10,838,,False
1.107844502,-1.0,10,353,,False
1.107971779,-1.0,10,981,,False
1.107977877,-1.0,10,416,,False
1.107982346,-1.0,10,1023,,False
1.108009304,-1.0,10,183,,False
1.108020394,-1.0,10,1950,,False
1.108023890,-1.0,10,493,,False
1.108064338,-1.0,11,1548,,False
1.108073281,-1.0,11,482,,False
1.108074320,-1.0,11,1389,,False
1.108079815,-1.0,11,556,,False
1.108085194,-1.0,11,1417,,False
1.108093817,-1.0,11,715,,False
1.108101604,-1.0,11,1045,,False
1.108106406,-1.0,11,879,,False
1.108107599,-1.0,11,945,,False
1.108141817,-1.0,11,734,,False
1.108145096,-1.0,12,1103,,False
1.108187807,-1.0,12,986,,False
1.108283273,-1.0,12,2741,,False
1.108284340,-1.0,12,8142,,False
1.108344941,-1.0,12,7854,,False
1.108383852,-1.0,12,4581,,False
1.108418031,-1.0,12,2233,,False
1.108438809,-1.0,12,4757,,False
1.108450157,-1.0,12,2294,,False
1.108451594,-1.0,13,5946,,False
1.108454522,-1.0,13,1727,,False
1.108482525,-1.0,13,1786,,False
1.108495245,-1.0,13,1795,,False
1.108667094,-1.0,13,6403,,False
1.108749189,-1.0,13,4293,,False
1.108757478,-1.0,13,4557,,False
1.108774063,-1.0,13,1397,,False
1.108834607,-1.0,14,5872,,False
1.108861608,-1.0,14,2760,,False
1.108878395,-1.0,14,1655,,False
1.108882752,-1.0,14,4818,,False
1.108891451,-1.0,14,1902,,False
1.108893432,-1.0,14,5263,,False
1.108906532,-1.0,14,5851,,False
1.108914376,-1.0,14,5840,,False
1.108916168,-1.0,14,1845,,False
1.108919382,-1.0,15,5580,,False
1.108929514,-1.0,15,1881,,False
1.108966487,-1.0,15,4643,,False
1.108970299,-1.0,15,1394,,False
1.109036789,-1.0,15,5877,,False
1.109163555,-1.0,15,2086,,False
1.109215019,-1.0,15,9690,,False
1.109215590,-1.0,15,2397,,False
1.109226341,-1.0,15,3307,,False
1.109250555,-1.0,15,4891,,False
1.109276105,-1.0,16,2271,,False
1.109334209,-1.0,16,4623,,False
1.109344814,-1.0,16,1952,,False
1.109350957,-1.0,16,4041,,False
1.109351696,-1.0,16,1904,,False
1.109361178,-1.0,16,4116,,False
1.109377355,-1.0,16,2513,,False
1.109485841,-1.0,16,5321,,False
1.109500151,-1.0,16,3335,,False
1.109667323,-1.0,16,3718,,False
1.109855129,-1.0,17,4081,,False
1.125587061,-1.0,17,9800,,False
1.126995722,-1.0,17,1903,,False
1.127031118,-1.0,17,5401,,False
1.127080524,-1.0,17,2815,,False
1.127180385,-1.0,17,4031,,False
1.127223769,-1.0,17,7427,,False
1.127262513,-1.0,17,9660,,False
1.127308223,-1.0,17,8445,,False
1.127315382,-1.0,17,9449,,False
1.127330962,-1.0,18,7671,,False
1.127379304,-1.0,18,4869,,False
1.127470488,-1.0,18,7679,,False
1.127606483,-1.0,18,3886,,False
1.127609244,-1.0,18,6822,,False
1.127630282,-1.0,18,6066,,False
1.127657974,-1.0,18,6377,,False
1.127837439,-1.0,18,7739,,False
1.127856200,-1.0,18,6114,,False
1.129078085,-1.0,19,9247,,False
1.129776943,-1.0,19,4463,,False
1.129944708,-1.0,19,9613,,False
1.130390159,-1.0,19,7667,,False
1.130442544,-1.0,19,9587,,False
1.130548487,-1.0,19,8644,,False
1.130605356,-1.0,19,6085,,False
1.130835667,-1.0,19,6033,,False
1.130895838,-1.0,19,4440,,False
1.130900421,-1.0,19,4206,,False
1.130930923,-1.0,20,9052,,False
1.130942464,-1.0,20,9118,,False
1.130980864,-1.0,20,7074,,False
1.131008133,-1.0,20,7862,,False
1.131013869,-1.0,20,5685,,False
1.131058950,-1.0,20,3744,,False
1.131069344,-1.0,20,5182,,False
1.131078549,-1.0,20,3793,,False
1.131091770,-1.0,20,9754,,False
1.131106982,-1.0,20,5985,,False
1.131172154,-1.0,21,9398,,False
1.131501240,-1.0,21,9307,,False
1.131532593,-1.0,21,5799,,False
1.131563046,-1.0,21,9251,,False
1.131711004,-1.0,21,8578,,False
1.132037449,-1.0,21,8495,,False
1.132068216,-1.0,21,6279,,False
1.132082780,-1.0,21,8979,,False
1.132287019,-1.0,21,4986,,False
1.132335014,-1.0,21,4432,,False
1.132344989,-1.0,22,9937,,False
1.132366645,-1.0,22,6326,,False
1.132476455,-1.0,22,4025,,False
1.132487419,-1.0,22,7034,,False
1.132494136,-1.0,22,2330,,False
1.132527352,-1.0,22,6606,,False
1.132550124,-1.0,22,2263,,False
1.132587891,-1.0,22,9401,,False
1.132606314,-1.0,22,2451,,False
1.132854003,-1.0,22,6983,,False
1.132899762,-1.0,23,4904,,False
1.132916602,-1.0,23,7595,,False
1.132997476,-1.0,23,7088,,False
1.135934520,-1.0,23,4680,,False
1.142221488,-1.0,23,8899,,False
1.142269219,-1.0,23,8150,,False
1.142301838,-1.0,23,9634,,False
1.142369114,-1.0,23,8958,,False
1.142408374,-1.0,23,9738,,False
1.142480804,-1.0,23,9619,,False
1.142507246,-1.0,24,8646,,False
1.142529488,-1.0,24,8097,,False
1.142557310,-1.0,24,9060,,False
1.142609509,-1.0,24,9773,,False
1.142627587,-1.0,24,9814,,False
1.142646291,-1.0,24,9131,,False
1.142779493,-1.0,24,9578,,False
1.142885477,-1.0,24,8172,,False
1.142913997,-1.0,24,7295,,False
1.143005088,-1.0,24,8942,,False
1.143305538,-1.0,25,7661,,False
1.143361156,-1.0,25,9929,,False
1.143374335,-1.0,25,7687,,False
1.143380368,-1.0,25,6228,,False
1.143427743,-1.0,25,5138,,False
1.143489668,-1.0,25,4727,,False
1.143509202,-1.0,25,2872,,False
1.143530451,-1.0,25,2545,,False
1.143561886,-1.0,25,2329,,False
1.143600677,-1.0,26,2161,,False
1.143681293,-1.0,26,2767,,False
1.143708709,-1.0,26,2671,,False
1.143739084,-1.0,26,2438,,False
1.143828028,-1.0,26,2144,,False
1.143909355,-1.0,26,2516,,False
1.144075771,-1.0,26,1447,,False
1.144094880,-1.0,27,2775,,False
1.144097825,-1.0,27,2139,,False
1.144127957,-1.0,27,2398,,False
1.144139927,-1.0,27,2532,,False
1.144200273,-1.0,27,2679,,False
1.144221023,-1.0,27,2990,,False
1.144310864,-1.0,27,2543,,False
1.144333459,-1.0,27,2690,,False
1.144356450,-1.0,27,2745,,False
1.144370306,-1.0,27,2473,,False
1.144388865,-1.0,28,2522,,False
1.157254290,-1.0,28,5809,,False
1.160571052,-1.0,28,7583,,False
1.166576667,-1.0,28,5370,,False
1.166605682,-1.0,28,4626,,False
1.166630951,-1.0,28,4607,,False
1.166658430,-1.0,28,4632,,False
1.166675403,-1.0,28,4183,,False
1.166722472,-1.0,28,4402,,False
1.166776660,-1.0,28,6888,,False
1.167000479,-1.0,29,4982,,False
1.167092760,-1.0,29,4455,,False
1.167215670,-1.0,29,4746,,False
1.167270296,-1.0,29,4416,,False
1.167309412,-1.0,29,4193,,False
1.167676541,-1.0,29,6766,,False
1.167716518,-1.0,29,3572,,False
1.167751261,-1.0,29,5675,,False
1.167815506,-1.0,29,5012,,False
1.167948288,-1.0,30,7407,,False
1.167962199,-1.0,30,7848,,False
1.167993760,-1.0,30,6660,,False
1.168081936,-1.0,30,7187,,False
1.168302416,-1.0,30,3514,,False
1.168324398,-1.0,30,5326,,False
1.168367580,-1.0,30,4684,,False
1.168400983,-1.0,31,7446,,False
1.168468837,-1.0,31,5258,,False
1.168478952,-1.0,31,8723,,False
1.168483171,-1.0,31,5135,,False
1.168494786,-1.0,31,5333,,False
1.168498992,-1.0,31,5886,,False
1.168529281,-1.0,31,5358,,False
1.168535590,-1.0,31,5959,,False
1.168578027,-1.0,31,6154,,False
1.168608380,-1.0,31,5905,,False
1.168680953,-1.0,32,6417,,False
1.168814129,-1.0,32,3408,,False
1.168869512,-1.0,32,5145,,False
1.168889125,-1.0,32,5324,,False
1.168901108,-1.0,32,5607,,False
1.169003027,-1.0,32,5425,,False
1.169126620,-1.0,32,8042,,False
1.169152755,-1.0,32,5542,,False
1.169159168,-1.0,32,5730,,False
1.169226743,-1.0,33,5181,,False
1.169234696,-1.0,33,7470,,False
1.170443274,-1.0,33,1927,,False
1.170543893,-1.0,33,8563,,False
1.170748020,-1.0,33,1658,,False
1.170814675,-1.0,33,1440,,False
1.170836839,-1.0,33,1285,,False
1.170862609,-1.0,33,1302,,False
1.170881240,-1.0,33,1230,,False
1.170937181,-1.0,33,1720,,False
1.170966011,-1.0,34,939,,False
1.171045150,-1.0,34,1277,,False
1.171079015,-1.0,34,1159,,False
1.171128913,-1.0,34,1737,,False
1.171581212,-1.0,34,1033,,False
1.171646977,-1.0,34,831,,False
1.171680605,-1.0,34,1226,,False
1.171750912,-1.0,34,1089,,False
1.171828809,-1.0,34,1916,,False
1.171846891,-1.0,35,946,,False
1.171872460,-1.0,35,774,,False
1.171933558,-1.0,35,814,,False
1.172016261,-1.0,35,1015,,False
1.172100689,-1.0,35,1052,,False
1.172177172,-1.0,35,947,,False
1.172182625,-1.0,35,5422,,False
1.172260326,-1.0,35,606,,False
1.172289936,-1.0,35,761,,False
1.172322760,-1.0,35,821,,False
1.172378980,-1.0,36,805,,False
1.172397559,-1.0,36,753,,False
1.172416097,-1.0,36,671,,False
1.172501669,-1.0,36,1282,,False
1.172508208,-1.0,36,5941,,False
1.172513202,-1.0,36,1366,,False
1.172544699,-1.0,36,804,,False
1.172563435,-1.0,36,3732,,False
1.172568673,-1.0,36,5110,,False
1.172574024,-1.0,36,944,,False
1.172601932,-1.0,37,5609,,False
1.172603745,-1.0,37,764,,False
1.172621174,-1.0,37,5855,,False
1.172630142,-1.0,37,914,,False
1.172631155,-1.0,37,5129,,False
1.172719022,-1.0,37,1013,,False
1.172720630,-1.0,37,3317,,False
1.172726411,-1.0,37,3453,,False
1.172732757,-1.0,37,1106,,False
1.172732882,-1.0,37,3318,,False
1.172742221,-1.0,38,1199,,False
1.172743332,-1.0,38,3319,,False
1.172748329,-1.0,38,854,,False
1.172751165,-1.0,38,3734,,False
1.172751884,-1.0,38,1038,,False
1.172758383,-1.0,38,3783,,False
1.172761223,-1.0,38,1006,,False
1.172763262,-1.0,38,3658,,False
1.172770623,-1.0,38,3556,,False
1.172774889,-1.0,39,772,,False
1.172777794,-1.0,39,1203,,False
1.172787465,-1.0,39,818,,False
1.172788491,-1.0,39,6097,,False
1.172808250,-1.0,39,4599,,False
1.172815916,-1.0,39,987,,False
1.172880479,-1.0,39,5108,,False
1.172894801,-1.0,40,5774,,False
1.172901545,-1.0,40,4717,,False
1.172907176,-1.0,40,4545,,False
1.172951251,-1.0,40,941,,False
1.173020774,-1.0,40,1678,,False
1.173022145,-1.0,40,2373,,False
1.173052299,-1.0,40,1383,,False
1.173076313,-1.0,40,2993,,False
1.173089264,-1.0,40,1533,,False
1.173448770,-1.0,40,1830,,False
1.173473352,-1.0,41,3798,,False
1.173521998,-1.0,41,1046,,False
1.173543030,-1.0,41,4046,,False
1.173545379,-1.0,41,1155,,False
1.173592632,-1.0,41,1338,,False
1.173610909,-1.0,41,5094,,False
1.173620582,-1.0,41,3605,,False
1.173659946,-1.0,41,1314,,False
1.173707301,-1.0,41,5273,,False
1.173768248,-1.0,41,1258,,False
1.173833537,-1.0,42,1019,,False
1.174095059,-1.0,42,1069,,False
1.174838326,-1.0,42,974,,False
1.174865053,-1.0,42,1415,,False
1.174876065,-1.0,42,1250,,False
1.174921932,-1.0,42,931,,False
1.175447306,-1.0,42,1066,,False
1.175519750,-1.0,42,381,,False
1.175588094,-1.0,42,500,,False
1.175627969,-1.0,42,427,,False
1.175666722,-1.0,43,372,,False
1.175691243,-1.0,43,2153,,False
1.175730562,-1.0,43,2336,,False
1.175786892,-1.0,43,1519,,False
1.175893234,-1.0,43,1930,,False
1.176324031,-1.0,43,3778,,False
1.176393108,-1.0,43,2736,,False
1.176420830,-1.0,43,3081,,False
1.176470797,-1.0,43,2381,,False
1.176538097,-1.0,43,5997,,False
1.176550925,-1.0,44,2423,,False
1.176565209,-1.0,44,6356,,False
1.176587308,-1.0,44,8498,,False
1.176593608,-1.0,44,2359,,False
1.176617031,-1.0,44,7236,,False
1.176698121,-1.0,44,3468,,False
1.176752469,-1.0,44,3111,,False
1.176769903,-1.0,44,2260,,False
1.176785191,-1.0,44,2133,,False
1.176801808,-1.0,44,2552,,False
1.176834703,-1.0,45,4913,,False
1.176900628,-1.0,45,3051,,False
1.176949645,-1.0,45,3329,,False
1.176992514,-1.0,45,3826,,False
1.177008298,-1.0,45,4703,,False
1.177034828,-1.0,45,3383,,False
1.177052190,-1.0,45,3417,,False
1.177100501,-1.0,45,3073,,False
1.177130652,-1.0,45,4056,,False
1.177155744,-1.0,46,4725,,False
1.177181373,-1.0,46,6607,,False
1.177208269,-1.0,46,3620,,False
1.177264130,-1.0,46,4876,,False
1.177286803,-1.0,46,4346,,False
1.177343785,-1.0,46,4057,,False
1.177415462,-1.0,46,2647,,False
1.177428592,-1.0,47,7219,,False
1.177462724,-1.0,47,2935,,False
1.177500381,-1.0,47,3003,,False
1.177535229,-1.0,47,3085,,False
1.177588675,-1.0,47,3600,,False
1.177595870,-1.0,47,9693,,False
1.177619800,-1.0,47,3463,,False
1.177644683,-1.0,47,2569,,False
1.177686452,-1.0,47,2570,,False
1.177731274,-1.0,47,2599,,False
1.177794108,-1.0,48,3420,,False
1.177818314,-1.0,48,2828,,False
1.177841294,-1.0,48,7665,,False
1.177854695,-1.0,48,1801,,False
1.177856936,-1.0,48,7644,,False
1.177886892,-1.0,48,2536,,False
1.177927266,-1.0,48,1387,,False
1.177934635,-1.0,48,6518,,False
1.177982306,-1.0,48,5271,,False
1.177987077,-1.0,48,2058,,False
1.178008305,-1.0,49,2201,,False
1.178018120,-1.0,49,8503,,False
1.178033744,-1.0,49,1632,,False
1.178046095,-1.0,49,8257,,False
1.178105325,-1.0,49,2121,,False
1.178147393,-1.0,49,9380,,False
1.178263783,-1.0,49,6572,,False
1.178306670,-1.0,49,2026,,False
1.178316290,-1.0,49,6733,,False
1.184951696,-1.0,49,3011,,False
1.185034979,-1.0,50,3130,,False
1.185085843,-1.0,50,2777,,False
1.185187820,-1.0,50,2577,,False
1.185228981,-1.0,50,1920,,False
1.185344549,-1.0,50,8368,,False
1.185363299,-1.0,50,2912,,False
1.185383579,-1.0,50,2669,,False
1.185453508,-1.0,50,2722,,False
1.185614443,-1.0,50,2811,,False
1.185685454,-1.0,50,2053,,False
1.185828080,-1.0,51,3913,,False
1.185937810,-1.0,51,4368,,False
1.186048754,-1.0,51,3000,,False
1.186085734,-1.0,51,3531,,False
1.186249741,-1.0,51,2791,,False
1.186324737,-1.0,51,2248,,False
1.186480966,-1.0,51,3801,,False
1.186526216,-1.0,51,1627,,False
1.186626013,-1.0,52,1426,,False
1.186645123,-1.0,52,5017,,False
1.186669914,-1.0,52,1212,,False
1.186713815,-1.0,52,2894,,False
1.186739401,-1.0,52,2111,,False
1.186817249,-1.0,52,3224,,False
1.186849170,-1.0,52,4577,,False
1.186873651,-1.0,52,6793,,False
1.186908327,-1.0,52,5584,,False
1.186921804,-1.0,53,4199,,False
1.186985348,-1.0,53,4496,,False
1.186986043,-1.0,53,5315,,False
1.187059923,-1.0,53,5503,,False
1.187064339,-1.0,53,4097,,False
1.187122505,-1.0,53,5549,,False
1.187135823,-1.0,53,5083,,False
1.187161099,-1.0,53,4161,,False
1.187184046,-1.0,53,5075,,False
1.187187995,-1.0,54,4134,,False
1.187228845,-1.0,54,4340,,False
1.187230253,-1.0,54,4484,,False
1.187262893,-1.0,54,2892,,False
1.187265274,-1.0,54,4311,,False
1.187287480,-1.0,54,4040,,False
1.187287921,-1.0,54,4184,,False
1.187301123,-1.0,54,3382,,False
1.187303587,-1.0,54,2744,,False
1.187312026,-1.0,54,4616,,False
1.187319374,-1.0,55,3328,,False
1.187375056,-1.0,55,5217,,False
1.187383683,-1.0,55,2653,,False
1.187384225,-1.0,55,6340,,False
1.187396839,-1.0,55,2822,,False
1.187399268,-1.0,55,4401,,False
1.187404715,-1.0,55,2479,,False
1.187406721,-1.0,55,2897,,False
1.187406806,-1.0,55,5493,,False
1.187419546,-1.0,55,3838,,False
1.187422329,-1.0,56,6170,,False
1.187459861,-1.0,56,4011,,False
1.187477028,-1.0,56,2528,,False
1.187480935,-1.0,56,4698,,False
1.187491295,-1.0,56,1371,,False
1.187494917,-1.0,56,4114,,False
1.187497753,-1.0,56,2113,,False
1.187501692,-1.0,56,5175,,False
1.187512911,-1.0,56,4065,,False
1.187521786,-1.0,56,4024,,False
1.187544127,-1.0,57,4806,,False
1.187548315,-1.0,57,2476,,False
1.187549088,-1.0,57,2793,,False
1.187584647,-1.0,57,4490,,False
1.187589976,-1.0,57,2405,,False
1.187598266,-1.0,57,2887,,False
1.187601646,-1.0,57,5310,,False
1.187603294,-1.0,57,6328,,False
1.187612323,-1.0,57,3068,,False
1.187614019,-1.0,57,5457,,False
1.187626511,-1.0,58,4268,,False
1.187627398,-1.0,58,2614,,False
1.187627844,-1.0,58,6001,,False
1.187632931,-1.0,58,2800,,False
1.187636982,-1.0,58,9872,,False
1.187643441,-1.0,58,5079,,False
1.187643698,-1.0,58,3434,,False
1.187647926,-1.0,58,3467,,False
1.187668510,-1.0,58,5641,,False
1.187669826,-1.0,58,2968,,False
1.187686586,-1.0,59,7097,,False
1.187688091,-1.0,59,6730,,False
1.187690586,-1.0,59,3510,,False
1.187696688,-1.0,59,3694,,False
1.187717241,-1.0,59,6081,,False
1.187722261,-1.0,59,3946,,False
1.187728266,-1.0,59,3975,,False
1.187749829,-1.0,59,4202,,False
1.187761805,-1.0,59,6520,,False
1.187801594,-1.0,59,5597,,False
1.187808108,-1.0,60,5608,,False
1.187965070,-1.0,60,5284,,False
1.187965584,-1.0,60,6859,,False
1.188000606,-1.0,60,5731,,False
1.188013773,-1.0,60,7881,,False
1.188060507,-1.0,60,8882,,False
1.188104472,-1.0,60,9233,,False
1.188112811,-1.0,60,8666,,False
1.188130335,-1.0,60,6329,,False
1.188134521,-1.0,60,8112,,False
1.188162191,-1.0,61,7332,,False
1.188183717,-1.0,61,6184,,False
1.188195210,-1.0,61,8047,,False
1.188202443,-1.0,61,8430,,False
1.188219153,-1.0,61,5368,,False
1.188220434,-1.0,61,6064,,False
1.188229378,-1.0,61,5352,,False
1.188264101,-1.0,61,5932,,False
1.188276731,-1.0,62,9433,,False
1.188282023,-1.0,62,5421,,False
1.188295667,-1.0,62,9501,,False
1.188299444,-1.0,62,5794,,False
1.188313887,-1.0,62,9511,,False
1.188325321,-1.0,62,6705,,False
1.188340439,-1.0,62,6410,,False
1.188349802,-1.0,62,7449,,False
1.188403471,-1.0,62,7483,,False
1.188413205,-1.0,63,6537,,False
1.188447912,-1.0,63,6584,,False
1.188468487,-1.0,63,7293,,False
1.188494832,-1.0,63,7912,,False
1.188503281,-1.0,63,9945,,False
1.188509528,-1.0,63,5592,,False
1.188528228,-1.0,63,6868,,False
1.188591070,-1.0,63,8139,,False
1.188605416,-1.0,63,8930,,False
1.188607266,-1.0,64,6543,,False
1.188609127,-1.0,64,7077,,False
1.188636969,-1.0,64,6557,,False
1.188642500,-1.0,64,7312,,False
1.188658884,-1.0,64,7836,,False
1.188666719,-1.0,64,8832,,False
1.188739792,-1.0,64,6716,,False
1.188777134,-1.0,64,7163,,False
1.188880268,-1.0,64,6967,,False
1.188898415,-1.0,64,6436,,False
1.188948453,-1.0,65,6221,,False
1.188985203,-1.0,65,5481,,False
1.189020214,-1.0,65,6276,,False
1.189047650,-1.0,65,6147,,False
1.189079562,-1.0,65,8539,,False
1.189126729,-1.0,65,5656,,False
1.189146815,-1.0,65,5686,,False
1.189161065,-1.0,65,6294,,False
1.189186664,-1.0,65,6280,,False
1.189234856,-1.0,65,8371,,False
1.192914754,-1.0,66,1122,,False
1.192940615,-1.0,66,5087,,False
1.192973625,-1.0,66,647,,False
1.193001810,-1.0,66,1142,,False
1.193004082,-1.0,66,2168,,False
1.193006996,-1.0,66,3372,,False
1.193044699,-1.0,66,1555,,False
1.193049475,-1.0,66,1204,,False
1.193087941,-1.0,66,1582,,False
1.193097953,-1.0,66,1183,,False
1.193143484,-1.0,67,1308,,False
1.193147670,-1.0,67,2024,,False
1.193183589,-1.0,67,4393,,False
1.193207263,-1.0,67,1747,,False
1.193222486,-1.0,67,2620,,False
1.193235814,-1.0,67,1866,,False
1.193298687,-1.0,67,3454,,False
1.193299636,-1.0,67,1915,,False
1.193349649,-1.0,67,4728,,False
1.193357499,-1.0,67,2237,,False
1.193409243,-1.0,68,3014,,False
1.193414107,-1.0,68,1458,,False
1.193434282,-1.0,68,2714,,False
1.193436510,-1.0,68,1430,,False
1.193477013,-1.0,68,1380,,False
1.193477014,-1.0,68,2333,,False
1.193488479,-1.0,68,1699,,False
1.193507056,-1.0,68,2749,,False
1.193555358,-1.0,68,1466,,False
1.193571233,-1.0,68,2633,,False
1.193629311,-1.0,69,1570,,False
1.193631559,-1.0,69,2691,,False
1.193722625,-1.0,69,2351,,False
1.193816459,-1.0,69,3741,,False
1.193817009,-1.0,69,1229,,False
1.193829355,-1.0,69,1289,,False
1.193832827,-1.0,69,3536,,False
1.193855182,-1.0,69,4181,,False
1.193862738,-1.0,69,1611,,False
1.193930478,-1.0,69,1724,,False
1.193951049,-1.0,70,5914,,False
1.193957499,-1.0,70,4696,,False
1.193973189,-1.0,70,1618,,False
1.193998299,-1.0,70,4410,,False
1.194008390,-1.0,70,7766,,False
1.194020282,-1.0,70,1486,,False
1.194028913,-1.0,70,4212,,False
1.194033011,-1.0,70,7649,,False
1.194045715,-1.0,70,1871,,False
1.194071750,-1.0,70,1854,,False
1.194078624,-1.0,71,4658,,False
1.194084792,-1.0,71,1874,,False
1.194112419,-1.0,71,3053,,False
1.194134339,-1.0,71,1352,,False
1.194155678,-1.0,71,4704,,False
1.194168986,-1.0,71,1205,,False
1.194192622,-1.0,71,4465,,False
1.194234661,-1.0,71,909,,False
1.194262752,-1.0,71,4787,,False
1.194269744,-1.0,72,1047,,False
1.194290690,-1.0,72,1110,,False
1.194304909,-1.0,72,2474,,False
1.194309752,-1.0,72,1577,,False
1.194319281,-1.0,72,6576,,False
1.194319928,-1.0,72,2700,,False
1.194334759,-1.0,72,2191,,False
1.194345259,-1.0,72,5853,,False
1.194346405,-1.0,72,2639,,False
1.194364662,-1.0,72,3371,,False
1.194384483,-1.0,73,2550,,False
1.194390069,-1.0,73,8045,,False
1.194406449,-1.0,73,4695,,False
1.194430490,-1.0,73,1909,,False
1.194445816,-1.0,73,2524,,False
1.194454236,-1.0,73,2974,,False
1.194463036,-1.0,73,2537,,False
1.194470957,-1.0,73,2772,,False
1.194473855,-1.0,73,1708,,False
1.194483702,-1.0,73,1754,,False
1.194484688,-1.0,74,5971,,False
1.194515537,-1.0,74,6931,,False
1.194515538,-1.0,74,3342,,False
1.194526638,-1.0,74,3094,,False
1.194543832,-1.0,74,1770,,False
1.194553659,-1.0,74,3279,,False
1.196048617,-1.0,74,3985,,False
1.196058366,-1.0,74,1059,,False
1.196071588,-1.0,74,3512,,False
1.196072324,-1.0,74,1080,,False
1.196093929,-1.0,75,4957,,False
1.196117077,-1.0,75,3963,,False
1.196126826,-1.0,75,6322,,False
1.196266104,-1.0,75,3466,,False
1.196287094,-1.0,75,4087,,False
1.196321542,-1.0,75,4048,,False
1.196374562,-1.0,75,4110,,False
1.196412760,-1.0,75,3311,,False
1.196457614,-1.0,75,3748,,False
1.196544640,-1.0,75,2521,,False
1.196577917,-1.0,76,2731,,False
1.196599565,-1.0,76,2636,,False
1.196608658,-1.0,76,2870,,False
1.196622067,-1.0,76,1676,,False
1.196650804,-1.0,76,3115,,False
1.196726101,-1.0,76,3102,,False
1.196756913,-1.0,76,3135,,False
1.196783118,-1.0,76,2659,,False
1.196900363,-1.0,77,2712,,False
1.196964297,-1.0,77,2868,,False
1.197037202,-1.0,77,6161,,False
1.197086260,-1.0,77,5771,,False
1.197147570,-1.0,77,3665,,False
1.197206315,-1.0,77,3562,,False
1.197219899,-1.0,77,6831,,False
1.197296656,-1.0,77,5526,,False
1.197302994,-1.0,77,2829,,False
1.197328419,-1.0,78,5590,,False
1.197353116,-1.0,78,3059,,False
1.197395186,-1.0,78,9748,,False
1.197403848,-1.0,78,2808,,False
1.197432707,-1.0,78,3438,,False
1.197432748,-1.0,78,7202,,False
1.197458906,-1.0,78,6099,,False
1.197462990,-1.0,78,8234,,False
1.197473316,-1.0,78,6014,,False
1.197485382,-1.0,79,3518,,False
1.197514826,-1.0,79,9456,,False
1.197514835,-1.0,79,2877,,False
1.197554229,-1.0,79,6333,,False
1.197563031,-1.0,79,4908,,False
1.197592763,-1.0,79,6546,,False
1.197605151,-1.0,79,5336,,False
1.197648250,-1.0,79,4326,,False
1.197731884,-1.0,79,4103,,False
1.197738186,-1.0,79,7389,,False
1.197746253,-1.0,80,3061,,False
1.197848695,-1.0,80,4008,,False
1.197979936,-1.0,80,9228,,False
1.197985792,-1.0,80,3921,,False
1.197998757,-1.0,80,9053,,False
1.198100073,-1.0,80,8518,,False
1.198104125,-1.0,80,4377,,False
1.198156515,-1.0,80,6802,,False
1.198312233,-1.0,80,3549,,False
1.198324291,-1.0,81,9679,,False
1.199880789,-1.0,81,7485,,False
1.199900152,-1.0,81,6951,,False
1.199969787,-1.0,81,7669,,False
1.200023690,-1.0,81,6901,,False
1.200175925,-1.0,81,7776,,False
1.200213803,-1.0,81,9962,,False
1.200236472,-1.0,81,6223,,False
1.200253887,-1.0,81,6390,,False
1.200273675,-1.0,81,5861,,False
1.200432961,-1.0,82,5781,,False
1.200440572,-1.0,82,6330,,False
1.202204246,-1.0,82,5628,,False
1.202290759,-1.0,82,5294,,False
1.202307904,-1.0,82,3368,,False
1.202316933,-1.0,82,8238,,False
1.202338891,-1.0,82,2188,,False
1.202369021,-1.0,82,7514,,False
1.202410319,-1.0,82,3122,,False
1.202435392,-1.0,83,6958,,False
1.202442779,-1.0,83,3161,,False
1.202459556,-1.0,83,8125,,False
1.202473358,-1.0,83,4060,,False
1.202474551,-1.0,83,6757,,False
1.202474594,-1.0,83,8561,,False
1.202495373,-1.0,83,2878,,False
1.202509339,-1.0,83,6172,,False
1.202513808,-1.0,83,2273,,False
1.202523723,-1.0,83,6674,,False
1.202529155,-1.0,84,2972,,False
1.202531205,-1.0,84,6057,,False
1.202538977,-1.0,84,6747,,False
1.202541989,-1.0,84,2507,,False
1.202548851,-1.0,84,2518,,False
1.202566475,-1.0,84,6266,,False
1.202580666,-1.0,84,3169,,False
1.202605281,-1.0,84,2757,,False
1.202642820,-1.0,84,3949,,False
1.202647140,-1.0,84,6563,,False
1.202647380,-1.0,85,5344,,False
1.202671987,-1.0,85,6984,,False
1.202672043,-1.0,85,2477,,False
1.202683708,-1.0,85,6464,,False
1.202696442,-1.0,85,3902,,False
1.202715353,-1.0,85,3684,,False
1.202718286,-1.0,86,2798,,False
1.202722142,-1.0,86,6213,,False
1.202729233,-1.0,86,5004,,False
1.202785513,-1.0,86,7146,,False
1.202845060,-1.0,86,3569,,False
1.202854366,-1.0,86,4633,,False
1.202870085,-1.0,86,4033,,False
1.202900965,-1.0,87,4361,,False
1.202901601,-1.0,87,5954,,False
1.202903122,-1.0,87,2202,,False
1.202920150,-1.0,87,1897,,False
1.202920523,-1.0,87,1429,,False
1.202936704,-1.0,87,7712,,False
1.202940786,-1.0,87,4396,,False
1.202960145,-1.0,87,9591,,False
1.202992438,-1.0,87,3532,,False
1.203002904,-1.0,87,5530,,False
1.203005067,-1.0,88,3381,,False
1.203018035,-1.0,88,8835,,False
1.203022831,-1.0,88,2911,,False
1.203039624,-1.0,88,3181,,False
1.203040828,-1.0,88,2093,,False
1.203055753,-1.0,88,976,,False
1.203068163,-1.0,88,4493,,False
1.203085725,-1.0,88,137,,False
1.206835348,-1.0,88,7305,,False
1.208820499,-1.0,89,6120,,False
1.208908860,-1.0,89,2987,,False
1.208965750,-1.0,89,4889,,False
1.209092946,-1.0,89,9285,,False
1.209441356,-1.0,89,9586,,False
1.209651553,-1.0,89,8214,,False
1.209708954,-1.0,89,8204,,False
1.209737062,-1.0,89,7158,,False
1.209786420,-1.0,89,9136,,False
1.209827035,-1.0,89,8716,,False
1.209847835,-1.0,90,4731,,False
1.209909800,-1.0,90,9639,,False
1.209911361,-1.0,90,5810,,False
1.209951342,-1.0,90,6852,,False
1.213014046,-1.0,90,8182,,False
1.213389668,-1.0,90,8327,,False
1.213458628,-1.0,90,9708,,False
1.213852855,-1.0,90,9878,,False
1.214347577,-1.0,91,8315,,False
1.214673758,-1.0,91,1797,,False
1.214708909,-1.0,91,5064,,False
1.214720086,-1.0,91,6455,,False
1.214755313,-1.0,91,7887,,False
1.214790812,-1.0,91,4720,,False
1.214827165,-1.0,91,5949,,False
1.214882633,-1.0,91,6371,,False
1.214997085,-1.0,91,8282,,False
1.215119850,-1.0,92,7996,,False
1.215153929,-1.0,92,7965,,False
1.215172218,-1.0,92,9514,,False
1.215380985,-1.0,92,7412,,False
1.215394787,-1.0,92,7567,,False
1.215561814,-1.0,92,7538,,False
1.215586701,-1.0,92,6741,,False
1.216082972,-1.0,92,4406,,False
1.216215191,-1.0,92,9991,,False
1.216822714,-1.0,92,9901,,False
1.220486521,-1.0,93,8897,,False
1.220585271,-1.0,93,8642,,False
1.220904625,-1.0,93,2335,,False
1.221004987,-1.0,93,1312,,False
1.221098642,-1.0,93,1370,,False
1.221112257,-1.0,93,2354,,False
1.221151516,-1.0,93,2638,,False
1.221165154,-1.0,93,1616,,False
1.221192640,-1.0,93,1563,,False
1.221208954,-1.0,93,2540,,False
1.221215774,-1.0,94,1552,,False
1.221247189,-1.0,94,1436,,False
1.221270025,-1.0,94,2254,,False
1.221313056,-1.0,94,2341,,False
1.221382218,-1.0,94,3141,,False
1.221387837,-1.0,94,3593,,False
1.221439868,-1.0,94,3646,,False
1.221466039,-1.0,94,3393,,False
1.221486904,-1.0,94,3285,,False
1.221541726,-1.0,95,3021,,False
1.221551381,-1.0,95,5752,,False
1.222077538,-1.0,95,5650,,False
1.222080435,-1.0,95,6444,,False
1.222106982,-1.0,95,6818,,False
1.222127013,-1.0,95,5953,,False
1.222170262,-1.0,95,6347,,False
1.222189021,-1.0,95,5714,,False
1.222408562,-1.0,96,4126,,False
1.222411830,-1.0,96,3178,,False
1.222452832,-1.0,96,3004,,False
1.222561499,-1.0,96,4508,,False
1.222565246,-1.0,96,2402,,False
1.222909699,-1.0,96,7280,,False
1.222913679,-1.0,96,4190,,False
1.222935664,-1.0,96,4690,,False
1.223488841,-1.0,97,8907,,False
1.223600952,-1.0,97,9790,,False
1.224412662,-1.0,97,6578,,False
1.224479735,-1.0,97,6338,,False
1.224509668,-1.0,97,8918,,False
1.224811954,-1.0,97,5379,,False
1.224818719,-1.0,97,5039,,False
1.224850379,-1.0,97,6725,,False
1.224901590,-1.0,97,4248,,False
1.224990816,-1.0,97,4848,,False
1.224997097,-1.0,98,7949,,False
1.233604143,-1.0,98,7258,,False
1.234624191,-1.0,98,6478,,False
1.234630410,-1.0,98,5228,,False
1.234667454,-1.0,98,8946,,False
1.234686648,-1.0,98,5554,,False
1.234729653,-1.0,98,7745,,False
1.234731917,-1.0,98,5173,,False
1.234782558,-1.0,98,5933,,False
1.234787065,-1.0,99,6249,,False
1.234859287,-1.0,99,4188,,False
1.234869276,-1.0,99,7035,,False
1.234893082,-1.0,99,9382,,False
1.234926766,-1.0,99,9006,,False
1.234929636,-1.0,99,5328,,False
1.234960573,-1.0,99,4734,,False
1.234984486,-1.0,99,5176,,False
1.235070991,-1.0,99,8984,,False
1.235143935,-1.0,100,6820,,False
1.235416840,-1.0,100,2916,,False
1.235483850,-1.0,100,1837,,False
1.235529098,-1.0,100,1844,,False
1.235535445,-1.0,100,2529,,False
1.235550573,-1.0,100,5227,,False
1.235596696,-1.0,100,5863,,False
1.240763559,-1.0,100,8266,,False
1.243073607,-1.0,101,5769,,False
1.243241283,-1.0,101,9489,,False
1.245667504,-1.0,101,9789,,False
1.245687448,-1.0,101,9957,,False
1.246176356,-1.0,101,8351,,False
1.246225876,-1.0,101,8560,,False
1.246769691,-1.0,101,8224,,False
1.246818807,-1.0,101,8736,,False
1.272430325,-1.0,101,9846,,False
1.272583701,-1.0,101,9785,,False
1.272610282,-1.0,102,7100,,False
1.272628078,-1.0,102,8985,,False
1.272654419,-1.0,102,9653,,False
1.272711341,-1.0,102,7184,,False
1.272724859,-1.0,102,6990,,False
1.272752199,-1.0,102,6392,,False
1.272761455,-1.0,102,6206,,False
1.272787545,-1.0,102,9915,,False
1.272797747,-1.0,102,8208,,False
1.272850943,-1.0,102,8857,,False
1.272872584,-1.0,103,8911,,False
1.272925353,-1.0,103,7639,,False
1.272938202,-1.0,103,7501,,False
1.272965536,-1.0,103,8013,,False
1.272995947,-1.0,103,7237,,False
1.273028394,-1.0,103,8246,,False
1.273037397,-1.0,103,7970,,False
1.273058866,-1.0,103,6910,,False
1.273090977,-1.0,103,6833,,False
1.273098682,-1.0,104,8786,,False
1.273105987,-1.0,104,8343,,False
1.273114355,-1.0,104,8901,,False
1.273155663,-1.0,104,7684,,False
1.273490144,-1.0,104,3489,,False
1.273525443,-1.0,104,5028,,False
1.273570413,-1.0,104,6139,,False
1.273576076,-1.0,104,7678,,False
1.273609370,-1.0,104,8838,,False
1.273609837,-1.0,104,9712,,False
1.273610318,-1.0,105,4253,,False
1.273615653,-1.0,105,4411,,False
1.273617831,-1.0,105,8818,,False
1.273623811,-1.0,105,8429,,False
1.273635623,-1.0,105,8520,,False
1.273642262,-1.0,105,5297,,False
1.273642574,-1.0,105,9727,,False
1.273654127,-1.0,105,7620,,False
1.273677972,-1.0,105,4977,,False
1.273696405,-1.0,105,5131,,False
1.273700436,-1.0,106,7073,,False
1.273720257,-1.0,106,7382,,False
1.273727754,-1.0,106,5000,,False
1.273734665,-1.0,106,5787,,False
1.273737681,-1.0,106,8316,,False
1.273752457,-1.0,106,4239,,False
1.273757084,-1.0,106,8547,,False
1.273765815,-1.0,106,4287,,False
1.273776647,-1.0,106,9320,,False
1.273812051,-1.0,107,2212,,False
1.273814977,-1.0,107,1849,,False
1.273815248,-1.0,107,8161,,False
1.273817679,-1.0,107,3851,,False
1.273826417,-1.0,107,8454,,False
1.273831156,-1.0,107,1771,,False
1.273857695,-1.0,107,2759,,False
1.273868486,-1.0,107,6914,,False
1.273878347,-1.0,107,2222,,False
1.273878719,-1.0,107,2072,,False
1.273880021,-1.0,108,3487,,False
1.273909794,-1.0,108,3078,,False
1.273916733,-1.0,108,2678,,False
1.273923781,-1.0,108,4534,,False
1.273932030,-1.0,108,3165,,False
1.273933475,-1.0,108,2257,,False
1.273951986,-1.0,108,3683,,False
1.273955580,-1.0,108,5170,,False
1.273960471,-1.0,108,9841,,False
1.273965154,-1.0,109,2091,,False
1.273989259,-1.0,109,3726,,False
1.274003136,-1.0,109,2834,,False
1.274019183,-1.0,109,4174,,False
1.274029579,-1.0,109,3229,,False
1.274062299,-1.0,109,5276,,False
1.274067692,-1.0,109,4601,,False
1.274110332,-1.0,109,2232,,False
1.274114665,-1.0,109,5278,,False
1.274140555,-1.0,109,3796,,False
1.274141690,-1.0,110,2849,,False
1.274156613,-1.0,110,4586,,False
1.274189362,-1.0,110,4939,,False
1.274207687,-1.0,110,3995,,False
1.274219042,-1.0,110,4389,,False
1.274221284,-1.0,110,5049,,False
1.274225188,-1.0,110,4314,,False
1.274235402,-1.0,110,4813,,False
1.274258667,-1.0,110,3944,,False
1.274260035,-1.0,110,3430,,False
1.274260122,-1.0,111,3654,,False
1.274296649,-1.0,111,4598,,False
1.274373454,-1.0,111,6470,,False
1.274419591,-1.0,111,4434,,False
1.274419729,-1.0,111,9179,,False
1.274454751,-1.0,111,7220,,False
1.274505649,-1.0,111,6509,,False
1.274531862,-1.0,111,8070,,False
1.274559965,-1.0,111,5334,,False
1.274573519,-1.0,112,9072,,False
1.274589398,-1.0,112,6166,,False
1.274599222,-1.0,112,9405,,False
1.274641942,-1.0,112,9571,,False
1.274764852,-1.0,112,5151,,False
1.274811152,-1.0,112,3984,,False
1.274839175,-1.0,112,5106,,False
1.275139849,-1.0,112,4225,,False
1.275149204,-1.0,112,9818,,False
1.275234429,-1.0,112,2882,,False
1.275237644,-1.0,113,833,,False
1.275261872,-1.0,113,1554,,False
1.275263099,-1.0,113,1965,,False
1.275293867,-1.0,113,1004,,False
1.275303312,-1.0,113,3213,,False
1.275312718,-1.0,113,961,,False
1.275318204,-1.0,113,3253,,False
1.275337072,-1.0,113,1176,,False
1.275350447,-1.0,113,3699,,False
1.275369988,-1.0,113,2291,,False
1.275384031,-1.0,114,4850,,False
1.275407543,-1.0,114,1481,,False
1.275426342,-1.0,114,4536,,False
1.275432851,-1.0,114,1667,,False
1.275445344,-1.0,114,4561,,False
1.275445846,-1.0,114,1645,,False
1.275456158,-1.0,114,4085,,False
1.275456520,-1.0,114,1575,,False
1.275519980,-1.0,114,1043,,False
1.275562907,-1.0,114,3043,,False
1.275564329,-1.0,115,2169,,False
1.275602856,-1.0,115,3138,,False
1.275689755,-1.0,115,155,,False
1.275707472,-1.0,115,1187,,False
1.275707481,-1.0,115,383,,False
1.275777171,-1.0,115,744,,False
1.275821998,-1.0,115,462,,False
1.275863350,-1.0,115,628,,False
1.275902678,-1.0,115,357,,False
1.275973612,-1.0,115,125,,False
1.276071242,-1.0,116,140,,False
1.276102350,-1.0,116,885,,False
1.276104921,-1.0,116,236,,False
1.276200762,-1.0,116,171,,False
1.276209459,-1.0,116,557,,False
1.276222080,-1.0,116,141,,False
1.276286320,-1.0,116,686,,False
1.276397680,-1.0,116,559,,False
1.276444892,-1.0,116,417,,False
1.276505583,-1.0,116,153,,False
1.276539107,-1.0,117,465,,False
1.276567449,-1.0,117,801,,False
1.276766465,-1.0,117,122,,False
1.276927819,-1.0,117,266,,False
1.276933103,-1.0,117,135,,False
1.276976769,-1.0,117,445,,False
1.276998062,-1.0,117,459,,False
1.277051827,-1.0,118,727,,False
1.277075611,-1.0,118,149,,False
1.277104613,-1.0,118,227,,False
1.277152855,-1.0,118,2081,,False
1.277176638,-1.0,118,284,,False
1.277221715,-1.0,118,1423,,False
1.277234443,-1.0,118,403,,False
1.277332262,-1.0,118,3291,,False
1.277336773,-1.0,118,845,,False
1.277359358,-1.0,119,678,,False
1.277377502,-1.0,119,2880,,False
1.277385765,-1.0,119,583,,False
1.277423386,-1.0,119,1317,,False
1.277450483,-1.0,119,2684,,False
1.277459097,-1.0,119,343,,False
1.277474618,-1.0,119,2548,,False
1.277487428,-1.0,119,456,,False
1.277492356,-1.0,119,3357,,False
1.277524263,-1.0,120,2204,,False
1.277536188,-1.0,120,351,,False
1.277565461,-1.0,120,279,,False
1.277603366,-1.0,120,283,,False
1.277609638,-1.0,120,1880,,False
1.277669666,-1.0,120,252,,False
1.277672519,-1.0,120,2016,,False
1.277702206,-1.0,120,2011,,False
1.277703181,-1.0,120,276,,False
1.277731988,-1.0,120,411,,False
1.277741331,-1.0,121,2259,,False
1.277752248,-1.0,121,235,,False
1.277798786,-1.0,121,1942,,False
1.277803844,-1.0,121,400,,False
1.277820792,-1.0,121,1610,,False
1.277826254,-1.0,121,308,,False
1.277882275,-1.0,121,221,,False
1.277935655,-1.0,121,257,,False
1.277942558,-1.0,121,91,,False
1.277991446,-1.0,122,1354,,False
1.278005598,-1.0,122,222,,False
1.278005961,-1.0,122,1193,,False
1.278024058,-1.0,122,1693,,False
1.278041149,-1.0,122,1385,,False
1.278058453,-1.0,122,242,,False
1.278065417,-1.0,122,205,,False
1.278095545,-1.0,122,1124,,False
1.278106987,-1.0,123,144,,False
1.278179403,-1.0,123,176,,False
1.278193050,-1.0,123,204,,False
1.278195093,-1.0,123,1644,,False
1.278203704,-1.0,123,197,,False
1.278204171,-1.0,123,3273,,False
1.278218824,-1.0,123,159,,False
1.278224842,-1.0,123,1107,,False
1.278225581,-1.0,123,696,,False
1.278232671,-1.0,123,192,,False
1.278255864,-1.0,124,1994,,False
1.278313150,-1.0,124,2915,,False
1.278332199,-1.0,124,3289,,False
1.278412093,-1.0,124,698,,False
1.278474050,-1.0,124,4397,,False
1.278523317,-1.0,124,3958,,False
1.278529296,-1.0,124,510,,False
1.278552994,-1.0,124,521,,False
1.278583323,-1.0,125,4159,,False
1.278588292,-1.0,125,651,,False
1.278607566,-1.0,125,538,,False
1.278630389,-1.0,125,1161,,False
1.278634722,-1.0,125,3568,,False
1.278647762,-1.0,125,3544,,False
1.278664813,-1.0,125,3870,,False
1.278669608,-1.0,125,590,,False
1.278690794,-1.0,125,3807,,False
1.278695760,-1.0,125,518,,False
1.278696836,-1.0,126,663,,False
1.278710821,-1.0,126,552,,False
1.278719065,-1.0,126,4026,,False
1.278730912,-1.0,126,3656,,False
1.278746968,-1.0,126,515,,False
1.278751239,-1.0,126,4469,,False
1.278770803,-1.0,126,670,,False
1.278775176,-1.0,126,3873,,False
1.278791743,-1.0,126,375,,False
1.278882536,-1.0,126,3511,,False
1.278899819,-1.0,127,4875,,False
1.278914070,-1.0,127,4946,,False
1.278953377,-1.0,127,3762,,False
1.278970105,-1.0,127,458,,False
1.279002310,-1.0,127,693,,False
1.279082551,-1.0,127,832,,False
1.279116127,-1.0,127,3947,,False
1.279164151,-1.0,127,3063,,False
1.279173832,-1.0,127,1299,,False
1.279203922,-1.0,127,3033,,False
1.279246463,-1.0,128,579,,False
1.279246961,-1.0,128,3427,,False
1.279260366,-1.0,128,497,,False
1.279269827,-1.0,128,3470,,False
1.279287788,-1.0,128,3251,,False
1.279291295,-1.0,128,361,,False
1.279899489,-1.0,128,7707,,False
1.279961922,-1.0,128,9982,,False
1.280140065,-1.0,128,9628,,False
1.280280160,-1.0,128,9323,,False
1.280290518,-1.0,129,9971,,False
1.280435442,-1.0,129,9735,,False
1.280539078,-1.0,129,67,,False
1.280539887,-1.0,129,78,,False
1.280543726,-1.0,129,131,,False
1.280544925,-1.0,129,728,,False
1.280561475,-1.0,129,77,,False
1.280578023,-1.0,129,106,,False
1.280583271,-1.0,129,76,,False
1.280605120,-1.0,129,102,,False
1.280629211,-1.0,130,81,,False
1.280631871,-1.0,130,94,,False
1.280650625,-1.0,130,75,,False
1.280658126,-1.0,130,1728,,False
1.280666476,-1.0,130,96,,False
1.280667223,-1.0,130,42,,False
1.280668523,-1.0,130,1860,,False
1.280674039,-1.0,130,72,,False
1.280685024,-1.0,130,58,,False
1.280686182,-1.0,130,116,,False
1.280699113,-1.0,131,1393,,False
1.280705182,-1.0,131,73,,False
1.280712784,-1.0,131,119,,False
1.280732811,-1.0,131,118,,False
1.280739530,-1.0,131,56,,False
1.280741302,-1.0,131,74,,False
1.280744252,-1.0,131,7771,,False
1.280750312,-1.0,131,129,,False
1.280758324,-1.0,131,1743,,False
1.280762460,-1.0,131,79,,False
1.280765245,-1.0,132,123,,False
1.280805750,-1.0,132,80,,False
1.280818901,-1.0,132,117,,False
1.280839961,-1.0,132,8353,,False
1.280845017,-1.0,132,84,,False
1.280876316,-1.0,132,107,,False
1.280924333,-1.0,132,21,,False
1.280924773,-1.0,132,44,,False
1.280931791,-1.0,132,6119,,False
1.280940472,-1.0,133,63,,False
1.280941095,-1.0,133,30,,False
1.280947073,-1.0,133,70,,False
1.280959008,-1.0,133,7492,,False
1.280967128,-1.0,133,39,,False
1.280980250,-1.0,133,62,,False
1.280982252,-1.0,133,34,,False
1.280990149,-1.0,133,31,,False
1.281038382,-1.0,133,26,,False
1.281038407,-1.0,133,35,,False
1.281039287,-1.0,134,45,,False
1.281049029,-1.0,134,49,,False
1.281052838,-1.0,134,25,,False
1.281058810,-1.0,134,68,,False
1.281074099,-1.0,134,9850,,False
1.281088049,-1.0,134,18,,False
1.281097018,-1.0,134,53,,False
1.281104564,-1.0,134,8065,,False
1.281114602,-1.0,134,9,,False
1.281142532,-1.0,134,16,,False
1.281156229,-1.0,135,57,,False
1.281158823,-1.0,135,7633,,False
1.281173647,-1.0,135,13,,False
1.281176430,-1.0,135,41,,False
1.281177964,-1.0,135,7999,,False
1.281213811,-1.0,135,23,,False
1.281216913,-1.0,135,5884,,False
1.281217059,-1.0,135,29,,False
1.281224216,-1.0,135,65,,False
1.281247316,-1.0,135,20,,False
1.281250817,-1.0,136,15,,False
1.281272807,-1.0,136,64,,False
1.281284292,-1.0,136,6587,,False
1.281293673,-1.0,136,17,,False
1.281307692,-1.0,136,4466,,False
1.281315656,-1.0,136,24,,False
1.281326083,-1.0,136,6,,False
1.281359616,-1.0,136,60,,False
1.281368990,-1.0,136,7115,,False
1.281372927,-1.0,136,5,,False
1.281380994,-1.0,137,14,,False
1.281381995,-1.0,137,50,,False
1.281395734,-1.0,137,6864,,False
1.281402451,-1.0,137,11,,False
1.281407364,-1.0,137,2581,,False
1.281410169,-1.0,137,36,,False
1.281411657,-1.0,137,19,,False
1.281421168,-1.0,137,52,,False
1.281432568,-1.0,137,429,,False
1.281466997,-1.0,137,51,,False
1.281467940,-1.0,138,2697,,False
1.281474809,-1.0,138,425,,False
1.281482544,-1.0,138,5256,,False
1.281483834,-1.0,138,12,,False
1.281489881,-1.0,138,10,,False
1.281489910,-1.0,138,55,,False
1.281490061,-1.0,138,32,,False
1.281494122,-1.0,138,2393,,False
1.281499469,-1.0,138,54,,False
1.281519574,-1.0,138,27,,False
1.281524287,-1.0,139,2413,,False
1.281529167,-1.0,139,524,,False
1.281700285,-1.0,139,28,,False
1.281741360,-1.0,139,71,,False
1.281774192,-1.0,139,127,,False
1.281788173,-1.0,139,0,,False
1.281808772,-1.0,139,85,,False
1.281823764,-1.0,139,3,,False
1.281829411,-1.0,139,1130,,False
1.281847415,-1.0,139,214,,False
1.281868595,-1.0,140,812,,False
1.281881111,-1.0,140,4,,False
1.281925128,-1.0,140,46,,False
1.281958447,-1.0,140,111,,False
1.281959710,-1.0,140,61,,False
1.281961194,-1.0,140,536,,False
1.282011927,-1.0,141,22,,False
1.282023224,-1.0,141,66,,False
1.282025017,-1.0,141,2,,False
1.282025990,-1.0,141,446,,False
1.282039390,-1.0,141,3128,,False
1.282043175,-1.0,141,1,,False
1.282044604,-1.0,141,37,,False
1.282050736,-1.0,141,896,,False
1.282065226,-1.0,142,82,,False
1.282067961,-1.0,142,103,,False
1.282080763,-1.0,142,86,,False
1.282083090,-1.0,142,199,,False
1.282098532,-1.0,142,101,,False
1.282103003,-1.0,142,7,,False
1.282104740,-1.0,142,829,,False
1.282106850,-1.0,142,40,,False
1.282112734,-1.0,142,126,,False
1.282113718,-1.0,142,8,,False
1.282127663,-1.0,143,87,,False
1.282128705,-1.0,143,98,,False
1.282132441,-1.0,143,48,,False
1.282169541,-1.0,143,3774,,False
1.282219210,-1.0,143,99,,False
1.282235634,-1.0,143,1388,,False
1.282334089,-1.0,143,47,,False
1.282336425,-1.0,143,110,,False
1.282347584,-1.0,143,979,,False
1.282396447,-1.0,143,109,,False
1.282436276,-1.0,144,43,,False
1.282454450,-1.0,144,809,,False
1.282527574,-1.0,144,33,,False
1.282659829,-1.0,144,1510,,False
1.282730801,-1.0,144,168,,False
1.282736277,-1.0,144,59,,False
10.11108924,-1.0,0,8526,,False
10.11176358,-1.0,0,6666,,False
10.11223331,-1.0,0,7653,,False
10.11281321,-1.0,0,6204,,False
10.11293385,-1.0,0,4906,,False
10.16964865,-1.0,0,7338,,False
10.16982961,-1.0,0,8764,,False
10.17015465,-1.0,0,8819,,False
10.19091263,-1.0,1,6739,,False
10.21144897,-1.0,1,5018,,False
10.21207998,-1.0,1,3405,,False
10.21243900,-1.0,1,3416,,False
10.21324638,-1.0,1,6174,,False
10.21359193,-1.0,1,6828,,False
10.21576554,-1.0,1,2488,,False
10.21592881,-1.0,1,4223,,False
10.21625781,-1.0,2,5152,,False
10.21628984,-1.0,2,1283,,False
10.21640381,-1.0,2,5163,,False
10.21658055,-1.0,2,658,,False
10.21679766,-1.0,2,1276,,False
10.21710784,-1.0,2,4363,,False
10.21806754,-1.0,2,1498,,False
10.21822947,-1.0,2,5513,,False
10.21876843,-1.0,2,4676,,False
10.21904185,-1.0,2,5207,,False
10.21907028,-1.0,3,338,,False
10.21948938,-1.0,3,4179,,False
10.21952052,-1.0,3,6981,,False
10.21989060,-1.0,3,509,,False
10.22004095,-1.0,3,336,,False
10.22004736,-1.0,3,6798,,False
10.22031477,-1.0,3,5466,,False
10.22042621,-1.0,3,5636,,False
10.22059717,-1.0,3,4478,,False
10.22067359,-1.0,4,474,,False
10.22077460,-1.0,4,4139,,False
10.22084138,-1.0,4,7361,,False
10.22093234,-1.0,4,706,,False
10.22820685,-1.0,4,6634,,False
10.22945985,-1.0,4,6067,,False
10.22956160,-1.0,4,2170,,False
10.23017541,-1.0,4,6406,,False
10.23060945,-1.0,4,7819,,False
10.23104633,-1.0,5,8389,,False
10.23148345,-1.0,5,6244,,False
10.23267180,-1.0,5,142,,False
10.23270488,-1.0,5,6838,,False
10.23275961,-1.0,5,1626,,False
10.23284141,-1.0,5,1999,,False
10.23299895,-1.0,5,7059,,False
10.23322218,-1.0,6,3380,,False
10.23336083,-1.0,6,167,,False
10.23339261,-1.0,6,6561,,False
10.23364147,-1.0,6,1833,,False
10.23365378,-1.0,6,596,,False
10.23366661,-1.0,6,721,,False
10.23380976,-1.0,6,850,,False
10.23424538,-1.0,6,1316,,False
10.23462197,-1.0,7,563,,False
10.23496839,-1.0,7,180,,False
10.23507124,-1.0,7,8855,,False
10.23507175,-1.0,7,982,,False
10.23508115,-1.0,7,1369,,False
10.23515654,-1.0,7,2195,,False
10.23520078,-1.0,7,185,,False
10.23526446,-1.0,7,6238,,False
10.63545497,-1.0,7,8703,,False
10.83587272,-1.0,8,93,,False
10.83662558,-1.0,8,95,,False
10.83702513,-1.0,8,90,,False
10.84091208,-1.0,8,69,,False
10.84367267,-1.0,8,89,,False
10.84407867,-1.0,8,92,,False
10.84457857,-1.0,8,100,,False
10.84906124,-1.0,9,154,,False
10.84999873,-1.0,9,156,,False
10.85228225,-1.0,9,3376,,False
10.88474658,-1.0,9,9964,,False
10.91258264,-1.0,9,9845,,False
10.91716756,-1.0,9,9666,,False
10.92259318,-1.0,9,8575,,False
10.92524986,-1.0,10,1425,,False
10.92617278,-1.0,10,4914,,False
10.92647493,-1.0,10,1814,,False
10.92680899,-1.0,10,3019,,False
10.92710952,-1.0,10,3258,,False
10.92713741,-1.0,10,1792,,False
10.92895500,-1.0,10,2483,,False
10.92928501,-1.0,10,1841,,False
10.92963719,-1.0,11,7850,,False
10.92971499,-1.0,11,1215,,False
10.92979133,-1.0,11,8529,,False
10.92996255,-1.0,11,2197,,False
10.92996509,-1.0,11,1335,,False
10.93007041,-1.0,11,1463,,False
10.93024906,-1.0,11,1953,,False
10.93035449,-1.0,11,1783,,False
10.93047126,-1.0,11,2472,,False
10.93056379,-1.0,11,1919,,False
10.93163614,-1.0,12,2597,,False
10.93187352,-1.0,12,1601,,False
10.93207473,-1.0,12,1518,,False
10.93240038,-1.0,12,1095,,False
10.93250531,-1.0,12,1238,,False
10.93257105,-1.0,12,1807,,False
10.93275601,-1.0,12,1094,,False
10.93293456,-1.0,12,8410,,False
10.93294448,-1.0,13,803,,False
10.93296552,-1.0,13,1492,,False
10.93309266,-1.0,13,1839,,False
10.93323854,-1.0,13,9545,,False
10.93382438,-1.0,13,1292,,False
10.93395358,-1.0,14,1129,,False
10.93403005,-1.0,14,561,,False
10.93403916,-1.0,14,7717,,False
10.93429711,-1.0,14,8331,,False
10.93456929,-1.0,14,1648,,False
10.93472470,-1.0,14,9224,,False
10.93504931,-1.0,14,6886,,False
10.93516231,-1.0,14,1186,,False
10.93546093,-1.0,15,382,,False
10.93600071,-1.0,15,7172,,False
10.93620095,-1.0,16,1465,,False
10.93623477,-1.0,16,8424,,False
10.93633327,-1.0,16,2377,,False
10.93652998,-1.0,16,1241,,False
10.93657137,-1.0,16,8947,,False
10.93664491,-1.0,16,591,,False
10.93670662,-1.0,16,2586,,False
10.93680248,-1.0,16,9298,,False
10.93684755,-1.0,16,4254,,False
10.93708123,-1.0,16,5356,,False
10.93718854,-1.0,17,9960,,False
10.93764268,-1.0,17,4053,,False
10.93845333,-1.0,17,7919,,False
10.93861993,-1.0,17,9064,,False
10.93874163,-1.0,17,3565,,False
10.93923056,-1.0,18,9085,,False
10.93947895,-1.0,18,9638,,False
10.93951338,-1.0,18,4023,,False
10.93984631,-1.0,18,8443,,False
10.94085040,-1.0,18,6862,,False
10.94152787,-1.0,18,9237,,False
10.94181187,-1.0,18,7343,,False
10.94924119,-1.0,18,5622,,False
10.95221642,-1.0,19,8737,,False
10.95241781,-1.0,19,8358,,False
10.95486919,-1.0,19,8530,,False
10.95595747,-1.0,19,9924,,False
10.95810376,-1.0,19,2126,,False
10.95858238,-1.0,19,3698,,False
10.95876172,-1.0,19,2411,,False
10.95933432,-1.0,19,1248,,False
10.95950336,-1.0,19,1598,,False
10.96459573,-1.0,19,2971,,False
10.96472457,-1.0,20,2836,,False
10.96572124,-1.0,20,1832,,False
10.96604664,-1.0,20,2424,,False
10.96632068,-1.0,20,5302,,False
10.96763180,-1.0,20,2593,,False
10.96861121,-1.0,20,1715,,False
10.97034412,-1.0,20,2003,,False
10.97131700,-1.0,21,1595,,False
10.97158824,-1.0,21,1821,,False
10.97179528,-1.0,21,4710,,False
10.97192663,-1.0,21,3791,,False
10.97272676,-1.0,21,4051,,False
10.97276297,-1.0,21,1694,,False
10.97298540,-1.0,21,3312,,False
10.97305754,-1.0,21,3254,,False
10.97320598,-1.0,21,1350,,False
10.97349875,-1.0,22,1876,,False
10.97376192,-1.0,22,1949,,False
10.97431117,-1.0,22,2225,,False
10.97451232,-1.0,22,1985,,False
10.97507830,-1.0,22,1853,,False
10.97544848,-1.0,22,1777,,False
10.97567684,-1.0,22,2337,,False
10.97623344,-1.0,22,2371,,False
10.97702372,-1.0,22,1755,,False
10.97763449,-1.0,22,2625,,False
10.97850151,-1.0,23,3486,,False
10.97951662,-1.0,23,4481,,False
10.97979120,-1.0,23,4038,,False
10.98006415,-1.0,23,3192,,False
10.98030878,-1.0,23,3973,,False
10.98073746,-1.0,23,4329,,False
10.98088054,-1.0,23,4224,,False
10.98097554,-1.0,23,4213,,False
10.98515439,-1.0,24,7475,,False
10.98585604,-1.0,24,5996,,False
10.98737207,-1.0,24,9938,,False
10.98812705,-1.0,24,9163,,False
10.98847893,-1.0,24,2790,,False
10.98861768,-1.0,24,8250,,False
10.98873903,-1.0,24,8957,,False
10.98892611,-1.0,24,7758,,False
10.100028759,-1.0,25,4929,,False
10.100033766,-1.0,25,7623,,False
10.100082884,-1.0,25,3891,,False
10.100104728,-1.0,25,3184,,False
10.100119777,-1.0,25,2660,,False
10.100433538,-1.0,25,9012,,False
10.100494217,-1.0,26,7391,,False
10.100656677,-1.0,26,4228,,False
10.100711365,-1.0,26,2265,,False
10.100752670,-1.0,26,6363,,False
10.100772587,-1.0,26,7818,,False
10.100789601,-1.0,26,9071,,False
10.100854974,-1.0,26,5639,,False
10.100874565,-1.0,27,5011,,False
10.100896986,-1.0,27,5411,,False
10.101080317,-1.0,27,6393,,False
10.101156465,-1.0,27,6169,,False
10.101261266,-1.0,27,6536,,False
10.102826607,-1.0,27,4553,,False
10.102827930,-1.0,27,5236,,False
10.102829021,-1.0,28,3901,,False
10.102908769,-1.0,28,8270,,False
10.102929783,-1.0,28,3001,,False
10.102929809,-1.0,28,3937,,False
10.102950826,-1.0,28,6404,,False
10.102955893,-1.0,28,3324,,False
10.102958303,-1.0,28,3687,,False
10.103029233,-1.0,29,7419,,False
10.103056682,-1.0,29,6885,,False
10.107292982,-1.0,29,5155,,False
10.107296815,-1.0,29,2228,,False
10.107343448,-1.0,29,6124,,False
10.107375962,-1.0,29,7489,,False
10.107394459,-1.0,29,4972,,False
10.107395269,-1.0,29,6350,,False
10.107414107,-1.0,30,6037,,False
10.107475439,-1.0,30,5541,,False
10.107543128,-1.0,30,3650,,False
10.107582877,-1.0,30,4166,,False
10.107623146,-1.0,30,2933,,False
10.107648437,-1.0,31,2984,,False
10.107691534,-1.0,31,2672,,False
10.107706287,-1.0,31,8137,,False
10.107710096,-1.0,31,2865,,False
10.108068671,-1.0,31,1702,,False
10.110439596,-1.0,31,2566,,False
10.110930702,-1.0,32,1237,,False
10.110951474,-1.0,32,1565,,False
10.111013911,-1.0,32,8038,,False
10.111023465,-1.0,32,858,,False
7.2668574,-1.0,0,502,,False
7.2696738,-1.0,0,558,,False
7.2712785,-1.0,0,473,,False
7.2808328,-1.0,0,526,,False
7.2815108,-1.0,0,566,,False
7.2942317,-1.0,0,525,,False
7.3012075,-1.0,0,632,,False
7.3014786,-1.0,0,602,,False
7.3054344,-1.0,0,398,,False
7.3067301,-1.0,0,1222,,False
7.3127931,-1.0,1,505,,False
7.3277231,-1.0,1,421,,False
7.3358686,-1.0,1,527,,False
7.3360362,-1.0,1,549,,False
7.3390638,-1.0,1,404,,False
7.3522899,-1.0,2,837,,False
7.3726611,-1.0,2,397,,False
7.3789029,-1.0,2,368,,False
7.3792623,-1.0,2,374,,False
7.3818840,-1.0,2,384,,False
7.3822902,-1.0,2,248,,False
7.4148255,-1.0,2,186,,False
7.5663950,-1.0,2,1119,,False
7.7660584,-1.0,2,449,,False
7.7888208,-1.0,2,503,,False
7.8242038,-1.0,3,350,,False
7.8251796,-1.0,3,582,,False
7.8274227,-1.0,3,179,,False
7.8290571,-1.0,3,420,,False
7.8479095,-1.0,3,265,,False
7.8481561,-1.0,3,682,,False
7.8511843,-1.0,3,685,,False
7.8527502,-1.0,3,540,,False
7.8528261,-1.0,4,475,,False
7.8531633,-1.0,4,224,,False
7.8552592,-1.0,4,229,,False
7.8553279,-1.0,4,226,,False
7.8568025,-1.0,4,428,,False
7.8569339,-1.0,4,358,,False
7.8574202,-1.0,4,181,,False
7.8578529,-1.0,4,379,,False
7.8589088,-1.0,4,215,,False
7.8599340,-1.0,4,130,,False
7.8603154,-1.0,5,244,,False
7.8606761,-1.0,5,132,,False
7.8610136,-1.0,5,253,,False
7.8614310,-1.0,5,494,,False
7.8620252,-1.0,5,360,,False
7.8621471,-1.0,5,213,,False
7.8627364,-1.0,5,198,,False
7.8627504,-1.0,5,259,,False
7.8635748,-1.0,5,193,,False
7.8641009,-1.0,5,330,,False
7.8763504,-1.0,6,158,,False
7.8770328,-1.0,6,324,,False
7.9199890,-1.0,6,272,,False
7.9229554,-1.0,6,310,,False
7.9513739,-1.0,6,376,,False
7.9689681,-1.0,6,853,,False
7.9709416,-1.0,6,1253,,False
7.9724466,-1.0,6,1865,,False
7.9727998,-1.0,6,1039,,False
7.9738023,-1.0,6,1128,,False
7.9739442,-1.0,7,1597,,False
7.9756798,-1.0,7,1168,,False
7.9757477,-1.0,7,1134,,False
7.9786483,-1.0,7,1009,,False
7.9813616,-1.0,7,1063,,False
7.9823657,-1.0,7,1170,,False
7.9831093,-1.0,7,1162,,False
7.9842975,-1.0,8,1140,,False
7.9845713,-1.0,8,1020,,False
7.9868860,-1.0,8,1007,,False
7.9870601,-1.0,8,2403,,False
7.9884951,-1.0,8,1723,,False
7.9896105,-1.0,8,1427,,False
7.9933832,-1.0,8,3201,,False
7.10012929,-1.0,9,1375,,False
7.10071976,-1.0,9,1279,,False
7.10357342,-1.0,9,1281,,False
7.10378232,-1.0,9,1504,,False
7.10391424,-1.0,9,1141,,False
7.10641056,-1.0,9,1278,,False
7.10663841,-1.0,9,869,,False
7.10682328,-1.0,9,1619,,False
7.10723850,-1.0,10,1228,,False
7.10735481,-1.0,10,892,,False
7.10740775,-1.0,10,1236,,False
7.10747018,-1.0,10,1532,,False
7.10750175,-1.0,10,968,,False
7.10786205,-1.0,10,1180,,False
7.10900660,-1.0,10,1307,,False
7.10931212,-1.0,10,2455,,False
7.10997926,-1.0,10,1934,,False
7.11005303,-1.0,10,1477,,False
7.11046583,-1.0,11,1675,,False
7.11069186,-1.0,11,1362,,False
7.11098152,-1.0,11,1910,,False
7.11125121,-1.0,11,1638,,False
7.11163701,-1.0,11,1260,,False
7.11270226,-1.0,11,1488,,False
7.11271683,-1.0,11,1604,,False
7.11275765,-1.0,11,3418,,False
7.11291041,-1.0,11,1287,,False
7.11342047,-1.0,11,1457,,False
7.11350638,-1.0,12,1329,,False
7.11400208,-1.0,12,1589,,False
7.11402907,-1.0,12,978,,False
7.11493854,-1.0,12,1816,,False
7.11495638,-1.0,12,1621,,False
7.11503119,-1.0,12,2109,,False
7.11514617,-1.0,12,1978,,False
7.11536730,-1.0,12,1361,,False
7.11538028,-1.0,12,4596,,False
7.11548619,-1.0,12,1665,,False
7.11573264,-1.0,13,998,,False
7.11630718,-1.0,13,1290,,False
7.11661492,-1.0,13,1272,,False
7.11693612,-1.0,13,1664,,False
7.11712698,-1.0,13,280,,False
7.11724137,-1.0,13,1195,,False
7.11750438,-1.0,13,1221,,False
7.11758531,-1.0,13,1288,,False
7.11840718,-1.0,13,1491,,False
7.11872406,-1.0,13,1646,,False
7.11901216,-1.0,14,745,,False
7.11975135,-1.0,14,1093,,False
7.12000541,-1.0,14,1259,,False
7.12042145,-1.0,14,1649,,False
7.12050692,-1.0,14,1736,,False
7.12078285,-1.0,14,1573,,False
7.12079350,-1.0,14,2711,,False
7.12194472,-1.0,15,1557,,False
7.12290927,-1.0,15,1756,,False
7.12291521,-1.0,15,2104,,False
7.12359114,-1.0,15,1451,,False
7.12462073,-1.0,15,1508,,False
7.12483756,-1.0,15,1697,,False
7.12508278,-1.0,15,2449,,False
7.12586039,-1.0,16,2036,,False
7.12613479,-1.0,16,1145,,False
7.12646202,-1.0,16,1925,,False
7.12689530,-1.0,16,959,,False
7.12696130,-1.0,16,1433,,False
7.12719449,-1.0,16,1081,,False
7.12722901,-1.0,16,2571,,False
7.12741667,-1.0,16,1303,,False
7.12759592,-1.0,16,2208,,False
7.12800237,-1.0,17,1246,,False
7.12845695,-1.0,17,1127,,False
7.12866549,-1.0,17,1363,,False
7.12950921,-1.0,17,819,,False
7.12996945,-1.0,17,895,,False
7.13084479,-1.0,17,1392,,False
7.13163615,-1.0,17,1553,,False
7.13197797,-1.0,17,996,,False
7.13274314,-1.0,17,1251,,False
7.13289125,-1.0,18,1420,,False
7.13326019,-1.0,18,1360,,False
7.13378788,-1.0,18,1939,,False
7.13468252,-1.0,18,1668,,False
7.13494152,-1.0,18,1639,,False
7.13666088,-1.0,18,1101,,False
7.13686750,-1.0,18,1084,,False
7.13693082,-1.0,19,1358,,False
7.13747068,-1.0,19,1357,,False
7.16438095,-1.0,19,8216,,False
7.16492773,-1.0,19,395,,False
7.16526282,-1.0,19,297,,False
7.20245596,-1.0,19,4960,,False
7.26307180,-1.0,19,6372,,False
7.26679622,-1.0,20,8953,,False
7.30155422,-1.0,20,4921,,False
7.30386022,-1.0,20,9577,,False
7.30488091,-1.0,20,9797,,False
7.30637778,-1.0,20,9554,,False
7.30703512,-1.0,20,8707,,False
7.34185473,-1.0,20,8131,,False
7.34190724,-1.0,21,7009,,False
7.34227473,-1.0,21,8475,,False
7.34233928,-1.0,21,8197,,False
7.34316729,-1.0,21,7597,,False
7.34863170,-1.0,21,9665,,False
7.34912539,-1.0,21,8401,,False
7.34937545,-1.0,21,8427,,False
7.34950148,-1.0,21,9977,,False
7.34985267,-1.0,21,7891,,False
7.34985287,-1.0,22,5874,,False
7.35040054,-1.0,22,9252,,False
7.35379430,-1.0,22,3814,,False
7.35393540,-1.0,22,3893,,False
7.35394885,-1.0,22,5119,,False
7.35413138,-1.0,22,8996,,False
7.35418817,-1.0,22,4540,,False
7.35427884,-1.0,22,3856,,False
7.35434006,-1.0,22,4841,,False
7.35434652,-1.0,22,3231,,False
7.35503237,-1.0,23,792,,False
7.35522742,-1.0,23,2180,,False
7.35557957,-1.0,23,1980,,False
7.35568456,-1.0,23,1268,,False
7.35589647,-1.0,23,2117,,False
7.35903179,-1.0,23,856,,False
7.35922146,-1.0,23,955,,False
7.35926915,-1.0,23,969,,False
7.35947764,-1.0,23,1150,,False
7.35977852,-1.0,23,990,,False
7.35984961,-1.0,24,971,,False
7.36047698,-1.0,24,756,,False
7.36064332,-1.0,24,595,,False
7.36068689,-1.0,24,1060,,False
7.36173654,-1.0,24,410,,False
7.36185331,-1.0,24,520,,False
7.36205042,-1.0,25,903,,False
7.36254720,-1.0,25,1035,,False
7.36272451,-1.0,25,1685,,False
7.36283121,-1.0,25,2268,,False
7.36293607,-1.0,25,2178,,False
7.36338392,-1.0,26,4832,,False
7.36355496,-1.0,26,2471,,False
7.36356233,-1.0,26,7228,,False
7.36372859,-1.0,26,7869,,False
7.36378011,-1.0,26,3309,,False
7.36379843,-1.0,26,7611,,False
7.36383594,-1.0,26,7719,,False
7.36391883,-1.0,26,3651,,False
7.36401096,-1.0,26,4611,,False
7.36421920,-1.0,27,9267,,False
7.36428974,-1.0,27,639,,False
7.36438519,-1.0,27,2322,,False
7.36463614,-1.0,27,5045,,False
7.36468737,-1.0,27,3945,,False
7.36498811,-1.0,27,1780,,False
7.36501757,-1.0,27,4839,,False
7.36505441,-1.0,27,4902,,False
7.36515461,-1.0,27,3588,,False
7.36516487,-1.0,27,6461,,False
7.36517241,-1.0,28,5605,,False
7.36517912,-1.0,28,6051,,False
7.36522120,-1.0,28,6141,,False
7.36794809,-1.0,28,8054,,False
7.42304384,-1.0,28,9275,,False
7.55435173,-1.0,28,3347,,False
7.55443825,-1.0,28,1424,,False
7.55506689,-1.0,28,1502,,False
7.55520988,-1.0,28,2903,,False
7.55529844,-1.0,28,1850,,False
7.55529961,-1.0,29,4745,,False
7.55539336,-1.0,29,2305,,False
7.55545671,-1.0,29,3271,,False
7.55553550,-1.0,29,5796,,False
7.55565571,-1.0,29,3370,,False
7.55565581,-1.0,29,2101,,False
7.55574499,-1.0,29,1572,,False
7.55595585,-1.0,29,2539,,False
7.55635209,-1.0,29,1441,,False
7.55650045,-1.0,29,1456,,False
7.55704361,-1.0,30,1421,,False
7.55708458,-1.0,30,2596,,False
7.55721426,-1.0,30,1706,,False
7.55758775,-1.0,30,3207,,False
7.55782034,-1.0,30,2000,,False
7.55803816,-1.0,30,2025,,False
7.55813116,-1.0,30,3283,,False
7.55818399,-1.0,30,2046,,False
7.55831679,-1.0,30,3855,,False
7.55842513,-1.0,30,2235,,False
7.55852591,-1.0,31,2015,,False
7.55865542,-1.0,31,3517,,False
7.55868162,-1.0,31,1879,,False
7.55893693,-1.0,31,2594,,False
7.55968233,-1.0,31,7787,,False
7.56031262,-1.0,31,9512,,False
7.56143138,-1.0,31,7423,,False
7.56343405,-1.0,31,6752,,False
7.56369738,-1.0,31,8652,,False
7.56383109,-1.0,31,8406,,False
7.56407691,-1.0,32,9096,,False
7.56430289,-1.0,32,7883,,False
7.56438592,-1.0,32,7762,,False
7.56469792,-1.0,32,7585,,False
7.56490177,-1.0,32,9574,,False
7.57612933,-1.0,32,9819,,False
7.57624119,-1.0,32,3621,,False
7.57689893,-1.0,32,1455,,False
7.57689945,-1.0,32,3710,,False
7.57735299,-1.0,32,9713,,False
7.57745946,-1.0,33,3485,,False
7.57771627,-1.0,33,3702,,False
7.57859889,-1.0,33,3537,,False
7.57899285,-1.0,33,3441,,False
7.57955992,-1.0,33,4445,,False
7.61344039,-1.0,33,2850,,False
7.61367143,-1.0,33,2871,,False
7.61373989,-1.0,33,2833,,False
7.61397311,-1.0,33,2734,,False
7.61415836,-1.0,33,2979,,False
7.61435006,-1.0,34,1970,,False
7.61457211,-1.0,34,2331,,False
7.61457325,-1.0,34,4408,,False
7.61479342,-1.0,34,2375,,False
7.61504707,-1.0,34,2510,,False
7.61519395,-1.0,34,3250,,False
7.61558987,-1.0,34,2955,,False
7.61606057,-1.0,34,3344,,False
7.61624032,-1.0,34,3548,,False
7.61637198,-1.0,34,3892,,False
7.61674627,-1.0,35,2511,,False
7.61697328,-1.0,35,2538,,False
7.61723121,-1.0,35,3002,,False
7.61763769,-1.0,35,2174,,False
7.61797691,-1.0,35,1964,,False
7.61873451,-1.0,35,3882,,False
7.61997637,-1.0,35,898,,False
7.62051312,-1.0,35,1206,,False
7.62086500,-1.0,35,1531,,False
7.62136778,-1.0,35,1827,,False
7.62243157,-1.0,36,2179,,False
7.62321930,-1.0,36,2002,,False
7.62354532,-1.0,36,1514,,False
7.62434400,-1.0,36,1325,,False
7.62470617,-1.0,36,6987,,False
7.62472899,-1.0,36,1924,,False
7.62486686,-1.0,36,3785,,False
7.62489048,-1.0,36,3137,,False
7.62494832,-1.0,36,3586,,False
7.62496666,-1.0,36,464,,False
7.63212325,-1.0,37,9976,,False
7.73497567,-1.0,37,9160,,False
7.73589998,-1.0,37,9886,,False
7.73730078,-1.0,37,9776,,False
7.73913388,-1.0,37,9951,,False
7.73997779,-1.0,37,9873,,False
7.74056031,-1.0,37,8168,,False
7.74110084,-1.0,37,7425,,False
7.74152138,-1.0,37,8286,,False
7.74332534,-1.0,37,9560,,False
7.74402067,-1.0,38,9108,,False
7.74420349,-1.0,38,9220,,False
7.74445252,-1.0,38,7041,,False
7.74865162,-1.0,38,9900,,False
7.75467135,-1.0,38,8965,,False
7.75613588,-1.0,38,8894,,False
7.75663752,-1.0,38,6108,,False
7.75768631,-1.0,38,9669,,False
7.75813326,-1.0,38,8872,,False
7.75883540,-1.0,38,8449,,False
7.75886669,-1.0,39,9462,,False
7.76016372,-1.0,39,8328,,False
7.76431507,-1.0,39,2856,,False
7.79248309,-1.0,39,3546,,False
7.79252605,-1.0,39,3909,,False
7.79255822,-1.0,39,7039,,False
7.79268437,-1.0,39,5589,,False
7.79313801,-1.0,39,5261,,False
7.79350816,-1.0,39,8143,,False
7.79373001,-1.0,40,4339,,False
7.79378317,-1.0,40,8719,,False
7.79394042,-1.0,40,9358,,False
7.79398437,-1.0,40,8720,,False
7.79414368,-1.0,40,9016,,False
7.79439291,-1.0,40,7450,,False
7.79464680,-1.0,40,8415,,False
7.79465805,-1.0,40,8462,,False
7.79470371,-1.0,40,8022,,False
7.79485335,-1.0,40,6544,,False
7.79519865,-1.0,41,6073,,False
7.79577705,-1.0,41,8249,,False
7.79729088,-1.0,41,8662,,False
7.79748052,-1.0,41,6182,,False
7.79768465,-1.0,41,6336,,False
7.79769436,-1.0,41,7668,,False
7.79785808,-1.0,41,7466,,False
7.79804817,-1.0,41,4990,,False
7.79810403,-1.0,41,7757,,False
7.79814692,-1.0,41,8321,,False
7.79830801,-1.0,42,7730,,False
7.79831292,-1.0,42,7769,,False
7.79886800,-1.0,42,6775,,False
7.79905183,-1.0,42,4461,,False
7.79916256,-1.0,42,4284,,False
7.79922074,-1.0,42,6083,,False
7.79925581,-1.0,42,7942,,False
7.79931940,-1.0,42,4195,,False
7.79956263,-1.0,42,4595,,False
7.79957077,-1.0,42,5148,,False
7.79961094,-1.0,43,6062,,False
7.79968956,-1.0,43,4602,,False
7.79980057,-1.0,43,6451,,False
7.80016000,-1.0,43,4372,,False
7.80016050,-1.0,43,2355,,False
7.80035030,-1.0,43,5253,,False
7.80052066,-1.0,43,2173,,False
7.80052791,-1.0,43,4565,,False
7.80057142,-1.0,43,3242,,False
7.80073380,-1.0,43,3298,,False
7.80077713,-1.0,44,3742,,False
7.80103584,-1.0,44,3074,,False
7.80106202,-1.0,44,4096,,False
7.80123528,-1.0,44,2901,,False
7.80127305,-1.0,44,4001,,False
7.80133791,-1.0,44,2983,,False
7.80139686,-1.0,44,2902,,False
7.80143335,-1.0,44,4002,,False
7.80147091,-1.0,44,3026,,False
7.80179492,-1.0,44,4044,,False
7.80180666,-1.0,45,2841,,False
7.80207070,-1.0,45,7080,,False
7.80207350,-1.0,45,2782,,False
7.80221859,-1.0,45,2773,,False
7.80236972,-1.0,45,2891,,False
7.80247294,-1.0,45,3162,,False
7.80248898,-1.0,45,3607,,False
7.80252180,-1.0,45,4877,,False
7.80252518,-1.0,45,4786,,False
7.80253117,-1.0,45,3747,,False
7.80264156,-1.0,46,3950,,False
7.80273151,-1.0,46,5673,,False
7.80276438,-1.0,46,3822,,False
7.80289358,-1.0,46,4336,,False
7.80297385,-1.0,46,4231,,False
7.80307224,-1.0,46,5833,,False
7.80307983,-1.0,46,4115,,False
7.80314273,-1.0,46,4182,,False
7.80316680,-1.0,46,5824,,False
7.80332616,-1.0,47,4066,,False
7.80342316,-1.0,47,4991,,False
7.80343773,-1.0,47,5909,,False
7.80352971,-1.0,47,4739,,False
7.80356717,-1.0,47,4900,,False
7.80362094,-1.0,47,4679,,False
7.80363692,-1.0,47,4833,,False
7.80454149,-1.0,47,8712,,False
7.80494409,-1.0,47,6272,,False
7.80495032,-1.0,47,6664,,False
7.80581433,-1.0,48,5646,,False
7.80825499,-1.0,48,1125,,False
7.80827215,-1.0,48,5891,,False
7.80829747,-1.0,48,6955,,False
7.80843149,-1.0,48,992,,False
7.80843908,-1.0,48,5390,,False
7.80846681,-1.0,48,1082,,False
7.80850360,-1.0,48,5445,,False
7.80861554,-1.0,48,3323,,False
7.80861739,-1.0,48,2454,,False
7.80862424,-1.0,49,569,,False
7.80872110,-1.0,49,872,,False
7.80873597,-1.0,49,7444,,False
7.80878071,-1.0,49,884,,False
7.80879116,-1.0,49,4569,,False
7.80881475,-1.0,49,5892,,False
7.80885984,-1.0,49,828,,False
7.80906181,-1.0,49,1271,,False
7.80940075,-1.0,49,4951,,False
7.80940446,-1.0,49,1444,,False
7.80942855,-1.0,50,1076,,False
7.80945803,-1.0,50,1472,,False
7.80950187,-1.0,50,3743,,False
7.80952963,-1.0,50,4198,,False
7.80965892,-1.0,50,1525,,False
7.80966258,-1.0,50,6413,,False
7.80970354,-1.0,50,1564,,False
7.81019216,-1.0,50,1306,,False
7.81022861,-1.0,50,6395,,False
7.81044546,-1.0,51,4628,,False
7.81044647,-1.0,51,3424,,False
7.81045635,-1.0,51,6375,,False
7.81045647,-1.0,51,1243,,False
7.81055442,-1.0,51,1153,,False
7.81055989,-1.0,51,5317,,False
7.81056502,-1.0,51,9308,,False
7.81066900,-1.0,52,4399,,False
7.81067860,-1.0,52,913,,False
7.81069426,-1.0,52,1154,,False
7.81072450,-1.0,52,8987,,False
7.81077719,-1.0,52,868,,False
7.81078251,-1.0,52,3240,,False
7.81079854,-1.0,52,1234,,False
7.81087682,-1.0,52,5923,,False
7.81091815,-1.0,52,5396,,False
7.81092717,-1.0,52,4180,,False
7.81104413,-1.0,53,1305,,False
7.81105385,-1.0,53,3622,,False
7.81152662,-1.0,53,1490,,False
7.81197869,-1.0,53,1494,,False
7.81215319,-1.0,53,6602,,False
7.81216047,-1.0,53,1483,,False
7.81228153,-1.0,53,5557,,False
7.81229969,-1.0,54,3252,,False
7.81230630,-1.0,54,9166,,False
7.81236210,-1.0,54,1309,,False
7.81247810,-1.0,54,999,,False
7.81248782,-1.0,54,8955,,False
7.81254196,-1.0,54,4241,,False
7.81258280,-1.0,54,835,,False
7.81276016,-1.0,55,1254,,False
7.81276724,-1.0,55,3845,,False
7.81282673,-1.0,55,1640,,False
7.81282763,-1.0,55,8731,,False
7.81284767,-1.0,55,3227,,False
7.81287378,-1.0,55,1412,,False
7.81297406,-1.0,55,1540,,False
7.81304862,-1.0,55,5964,,False
7.81315889,-1.0,55,9874,,False
7.81328499,-1.0,55,2631,,False
7.81360678,-1.0,56,1831,,False
7.81362681,-1.0,56,8522,,False
7.81375873,-1.0,56,9373,,False
7.81388911,-1.0,56,2418,,False
7.81420703,-1.0,56,2321,,False
7.81435290,-1.0,56,1581,,False
7.81440200,-1.0,56,4711,,False
7.81442663,-1.0,56,1779,,False
7.81448143,-1.0,56,1579,,False
7.81450569,-1.0,56,4070,,False
7.81452090,-1.0,57,2404,,False
7.81469316,-1.0,57,2049,,False
7.81469986,-1.0,57,7718,,False
7.81485761,-1.0,57,8435,,False
7.81489722,-1.0,57,3830,,False
7.81491258,-1.0,57,8345,,False
7.81508273,-1.0,57,3362,,False
7.81509010,-1.0,57,8665,,False
7.81509424,-1.0,57,9173,,False
7.81550078,-1.0,58,3587,,False
7.81557557,-1.0,58,8037,,False
7.81559523,-1.0,58,2948,,False
7.81586789,-1.0,58,7390,,False
7.81587886,-1.0,58,2737,,False
7.81611446,-1.0,58,2855,,False
7.81627595,-1.0,58,8447,,False
7.81664831,-1.0,58,8584,,False
7.81681122,-1.0,58,2319,,False
7.81690513,-1.0,58,2733,,False
7.81691530,-1.0,59,9477,,False
7.81701154,-1.0,59,2328,,False
7.81703990,-1.0,59,9192,,False
7.81706528,-1.0,59,2682,,False
7.81721130,-1.0,59,2038,,False
7.81737494,-1.0,59,2277,,False
7.81746442,-1.0,59,8916,,False
7.81790075,-1.0,59,2986,,False
7.81818895,-1.0,59,2964,,False
7.81834074,-1.0,59,2605,,False
7.81876705,-1.0,60,3899,,False
7.81886255,-1.0,60,5878,,False
7.81918750,-1.0,60,7130,,False
7.81927812,-1.0,60,5815,,False
7.81951238,-1.0,60,8451,,False
7.81952993,-1.0,60,3602,,False
7.81954720,-1.0,60,4933,,False
7.82055492,-1.0,60,6503,,False
7.82127902,-1.0,60,6935,,False
7.82260656,-1.0,60,6677,,False
7.82303651,-1.0,61,5339,,False
7.82330689,-1.0,61,5488,,False
7.82361413,-1.0,61,6873,,False
7.82401813,-1.0,61,7103,,False
7.82781848,-1.0,61,9442,,False
7.82891788,-1.0,61,8264,,False
7.82902838,-1.0,61,6645,,False
7.82928520,-1.0,61,7195,,False
7.82941587,-1.0,61,6964,,False
7.83085964,-1.0,61,5599,,False
7.83190616,-1.0,62,6283,,False
7.83229956,-1.0,62,5054,,False
7.83286841,-1.0,62,5440,,False
7.83308495,-1.0,62,4082,,False
7.83330443,-1.0,62,8997,,False
7.83345714,-1.0,62,4121,,False
7.83414932,-1.0,62,9487,,False
7.83439655,-1.0,62,5203,,False
7.83477726,-1.0,63,8746,,False
7.83492030,-1.0,63,6459,,False
7.83621809,-1.0,63,4754,,False
7.83633813,-1.0,63,6892,,False
7.83645974,-1.0,63,4774,,False
7.83647208,-1.0,63,8913,,False
7.83661525,-1.0,63,8152,,False
7.83671264,-1.0,63,5040,,False
7.83691605,-1.0,63,8149,,False
7.83719537,-1.0,63,8515,,False
7.83722262,-1.0,64,4663,,False
7.83732598,-1.0,64,5219,,False
7.83752588,-1.0,64,7533,,False
7.83789500,-1.0,64,5212,,False
7.83789592,-1.0,64,8094,,False
7.83830179,-1.0,64,6513,,False
7.83887977,-1.0,64,4716,,False
7.83915318,-1.0,64,9361,,False
7.83950496,-1.0,64,5825,,False
7.84102754,-1.0,65,3919,,False
7.84167948,-1.0,65,4186,,False
7.84273815,-1.0,65,6059,,False
7.84331505,-1.0,65,6400,,False
7.84363975,-1.0,65,6389,,False
7.84390983,-1.0,65,6791,,False
7.84719150,-1.0,65,6048,,False
7.84794839,-1.0,65,5500,,False
7.84819384,-1.0,66,8456,,False
7.84842355,-1.0,66,9264,,False
7.84850317,-1.0,66,9720,,False
7.84851344,-1.0,66,8374,,False
7.84971022,-1.0,66,9154,,False
7.85041331,-1.0,66,8659,,False
7.85052782,-1.0,66,6646,,False
7.85052833,-1.0,66,9663,,False
7.85061075,-1.0,66,7971,,False
7.85065901,-1.0,66,9446,,False
7.85067045,-1.0,67,7820,,False
7.85468698,-1.0,67,9392,,False
7.85484886,-1.0,67,7888,,False
7.85504485,-1.0,67,8106,,False
7.85607633,-1.0,67,6855,,False
7.85629704,-1.0,67,6737,,False
7.85656103,-1.0,67,7313,,False
7.85677138,-1.0,67,6687,,False
7.85748582,-1.0,67,7440,,False
7.85760853,-1.0,68,6940,,False
7.85771246,-1.0,68,7112,,False
7.85776402,-1.0,68,6296,,False
7.85795298,-1.0,68,9137,,False
7.86974040,-1.0,68,9255,,False
7.87063208,-1.0,68,6129,,False
7.87329810,-1.0,68,8693,,False
7.87461750,-1.0,68,8051,,False
7.87474522,-1.0,68,7486,,False
7.88297196,-1.0,68,8190,,False
7.89885836,-1.0,69,8780,,False
7.89930969,-1.0,69,1143,,False
7.89945036,-1.0,69,9219,,False
7.89952091,-1.0,69,2491,,False
7.89962495,-1.0,69,8174,,False
7.89978135,-1.0,69,1815,,False
7.89981769,-1.0,69,1517,,False
7.90000026,-1.0,69,6292,,False
7.90019500,-1.0,69,659,,False
7.90025321,-1.0,70,1152,,False
7.90030102,-1.0,70,5192,,False
7.90093823,-1.0,70,1032,,False
7.90122818,-1.0,70,2692,,False
7.90159789,-1.0,70,3458,,False
7.90209235,-1.0,70,938,,False
7.90209652,-1.0,70,8750,,False
7.90249851,-1.0,70,1037,,False
7.90267224,-1.0,70,1690,,False
7.90290822,-1.0,70,1255,,False
7.90481162,-1.0,71,4335,,False
7.91257585,-1.0,71,6784,,False
7.92498109,-1.0,71,3849,,False
7.92520565,-1.0,71,3495,,False
7.92565751,-1.0,71,2852,,False
7.92641947,-1.0,71,4037,,False
7.92656395,-1.0,71,4799,,False
7.92667261,-1.0,71,3379,,False
7.92716677,-1.0,71,2821,,False
7.92766576,-1.0,71,2107,,False
7.92777961,-1.0,72,3385,,False
7.92797384,-1.0,72,3305,,False
7.92811945,-1.0,72,2533,,False
7.92850139,-1.0,72,2281,,False
7.92925676,-1.0,72,3028,,False
7.92999522,-1.0,72,3641,,False
7.93084141,-1.0,72,921,,False
7.93194894,-1.0,72,2686,,False
7.93264490,-1.0,72,2013,,False
7.93303858,-1.0,72,2105,,False
7.93364321,-1.0,73,1740,,False
7.95179514,-1.0,73,6112,,False
7.95268558,-1.0,73,5439,,False
7.95281188,-1.0,73,6318,,False
7.95365102,-1.0,73,6207,,False
7.95439925,-1.0,73,9553,,False
7.95500200,-1.0,73,8039,,False
7.95538277,-1.0,73,6445,,False
7.95626800,-1.0,73,8860,,False
7.95684293,-1.0,73,9175,,False
7.98622863,-1.0,74,2895,,False
7.98726206,-1.0,74,3426,,False
7.98929983,-1.0,74,3076,,False
7.98989872,-1.0,74,3039,,False
7.98999162,-1.0,74,3280,,False
7.99032219,-1.0,74,3389,,False
7.100011579,-1.0,74,2515,,False
7.100173611,-1.0,74,3079,,False
7.100219090,-1.0,74,2710,,False
7.100221289,-1.0,75,4123,,False
7.100237756,-1.0,75,3591,,False
7.100379206,-1.0,75,3908,,False
7.100450740,-1.0,75,3795,,False
7.100479581,-1.0,75,3044,,False
7.100526882,-1.0,75,1788,,False
7.100586032,-1.0,75,2388,,False
7.100602304,-1.0,75,5137,,False
7.100605998,-1.0,75,5005,,False
7.100614004,-1.0,75,8117,,False
7.104407360,-1.0,76,5205,,False
7.104488052,-1.0,76,8657,,False
7.104640421,-1.0,76,6599,,False
7.104725057,-1.0,76,7296,,False
7.104780432,-1.0,76,5417,,False
7.104838468,-1.0,76,6382,,False
7.105009150,-1.0,76,9209,,False
7.105094795,-1.0,77,8706,,False
7.105241650,-1.0,77,8147,,False
7.107496005,-1.0,77,4873,,False
7.107545501,-1.0,77,5645,,False
7.111610470,-1.0,77,9391,,False
7.111721715,-1.0,77,9857,,False
7.112002245,-1.0,78,8252,,False
7.112493260,-1.0,78,9226,,False
7.112708111,-1.0,78,8251,,False
7.112718973,-1.0,78,8049,,False
7.116247459,-1.0,78,5552,,False
7.116253149,-1.0,78,5598,,False
7.116295706,-1.0,78,3083,,False
7.116380693,-1.0,78,5761,,False
7.116381589,-1.0,79,1966,,False
7.116439680,-1.0,79,5951,,False
7.116472742,-1.0,79,7675,,False
7.116491270,-1.0,79,6467,,False
7.116641844,-1.0,79,7110,,False
7.116708154,-1.0,79,9174,,False
7.116748520,-1.0,79,6614,,False
7.116786338,-1.0,79,6320,,False
7.116877160,-1.0,79,6268,,False
7.116926516,-1.0,80,6508,,False
7.117032499,-1.0,80,7217,,False
7.117082918,-1.0,80,2114,,False
7.117196429,-1.0,80,1346,,False
7.117202722,-1.0,80,2303,,False
7.117251340,-1.0,80,2559,,False
7.117266249,-1.0,80,2945,,False
7.117276282,-1.0,80,1085,,False
7.117277752,-1.0,80,1829,,False
7.117301960,-1.0,80,2140,,False
7.117341294,-1.0,81,1218,,False
7.117418387,-1.0,81,1799,,False
7.117435719,-1.0,81,1657,,False
7.117521820,-1.0,81,1174,,False
7.117528304,-1.0,81,1422,,False
7.117593873,-1.0,81,1364,,False
7.117624735,-1.0,81,1348,,False
7.117692789,-1.0,81,1100,,False
7.117762598,-1.0,81,662,,False
7.117835255,-1.0,81,1147,,False
7.117892133,-1.0,82,1406,,False
7.118031392,-1.0,82,8283,,False
7.118082720,-1.0,82,6058,,False
7.118244564,-1.0,82,4412,,False
7.118408891,-1.0,82,5433,,False
7.118437304,-1.0,82,4197,,False
7.118809788,-1.0,82,3188,,False
7.118852349,-1.0,82,3888,,False
7.119120815,-1.0,82,3681,,False
7.119123504,-1.0,82,1968,,False
7.119150645,-1.0,83,4117,,False
7.119192827,-1.0,83,2735,,False
7.119273063,-1.0,83,2739,,False
7.119311058,-1.0,83,3228,,False
7.119383769,-1.0,83,2677,,False
7.119413746,-1.0,83,4613,,False
7.119481679,-1.0,83,4233,,False
7.119513518,-1.0,83,3835,,False
7.119600951,-1.0,83,4352,,False
7.119634117,-1.0,83,6899,,False
7.119643362,-1.0,84,8587,,False
7.119694562,-1.0,84,5852,,False
7.119746301,-1.0,84,7117,,False
7.119771294,-1.0,84,6540,,False
7.119814111,-1.0,84,4755,,False
7.119841225,-1.0,84,5944,,False
7.119875456,-1.0,84,6050,,False
7.119939921,-1.0,84,5776,,False
7.119955783,-1.0,85,5174,,False
7.119979258,-1.0,85,6399,,False
7.120030333,-1.0,85,4215,,False
7.120092493,-1.0,85,2249,,False
7.120096523,-1.0,85,5759,,False
7.120127229,-1.0,85,2941,,False
7.120154365,-1.0,85,3596,,False
7.120154569,-1.0,85,6432,,False
7.121646529,-1.0,86,5006,,False
7.121667421,-1.0,86,5361,,False
7.121709241,-1.0,86,6293,,False
7.121758327,-1.0,86,6003,,False
7.121829685,-1.0,86,3955,,False
7.121846015,-1.0,86,4014,,False
7.122476387,-1.0,86,5078,,False
7.122504857,-1.0,86,5376,,False
7.122524966,-1.0,86,5846,,False
7.122604231,-1.0,87,5674,,False
7.122768214,-1.0,87,6824,,False
7.122804078,-1.0,87,7972,,False
7.126506598,-1.0,87,9680,,False
7.126620548,-1.0,87,3484,,False
7.126639775,-1.0,87,3401,,False
7.126666887,-1.0,87,4010,,False
7.126715960,-1.0,87,4894,,False
7.126756400,-1.0,87,3387,,False
7.126775619,-1.0,87,3337,,False
7.126824659,-1.0,88,6291,,False
7.126866770,-1.0,88,4651,,False
7.126931404,-1.0,88,3522,,False
7.126962211,-1.0,88,5750,,False
7.127010208,-1.0,88,3465,,False
7.127091529,-1.0,88,2881,,False
7.127187877,-1.0,88,2525,,False
7.127339907,-1.0,88,2794,,False
7.127452650,-1.0,88,2523,,False
7.127487023,-1.0,88,7456,,False
7.127597640,-1.0,89,3101,,False
7.127635011,-1.0,89,8043,,False
7.127675336,-1.0,89,2572,,False
7.127755129,-1.0,89,3373,,False
7.127772610,-1.0,89,3193,,False
7.127842237,-1.0,89,2275,,False
7.127937331,-1.0,89,2422,,False
7.128030512,-1.0,89,2192,,False
7.128182081,-1.0,90,4227,,False
7.128182935,-1.0,90,2646,,False
7.128196100,-1.0,90,2433,,False
7.128200388,-1.0,90,2434,,False
7.128698565,-1.0,90,7352,,False
7.128762282,-1.0,90,2325,,False
7.128787995,-1.0,91,4300,,False
7.128825153,-1.0,91,2401,,False
7.128878632,-1.0,91,2603,,False
7.128909868,-1.0,91,329,,False
7.128995396,-1.0,91,175,,False
7.128996166,-1.0,91,548,,False
7.128996436,-1.0,91,335,,False
7.129010433,-1.0,91,385,,False
7.129021023,-1.0,91,332,,False
7.129049550,-1.0,91,864,,False
7.129054864,-1.0,92,470,,False
7.129058426,-1.0,92,669,,False
7.129065472,-1.0,92,217,,False
7.129118847,-1.0,92,97,,False
7.129143095,-1.0,92,290,,False
7.129160545,-1.0,92,646,,False
7.129170585,-1.0,92,453,,False
7.129184397,-1.0,92,331,,False
7.129200895,-1.0,92,373,,False
7.129256862,-1.0,92,433,,False
7.129283481,-1.0,93,277,,False
7.129298508,-1.0,93,230,,False
7.129361176,-1.0,93,287,,False
7.129439352,-1.0,93,288,,False
7.129439598,-1.0,93,291,,False
7.129482763,-1.0,93,601,,False
7.129508581,-1.0,93,1190,,False
7.129518799,-1.0,93,346,,False
7.129524121,-1.0,94,811,,False
7.129571902,-1.0,94,454,,False
7.129592162,-1.0,94,790,,False
7.129655073,-1.0,94,444,,False
7.129750385,-1.0,94,512,,False
7.129799321,-1.0,94,9941,,False
7.129805522,-1.0,94,394,,False
7.129899833,-1.0,94,1432,,False
7.129964950,-1.0,95,1497,,False
7.129984891,-1.0,95,255,,False
7.130022984,-1.0,95,189,,False
7.130034421,-1.0,95,2461,,False
7.130073324,-1.0,95,313,,False
7.130107701,-1.0,95,316,,False
7.130160406,-1.0,95,340,,False
7.130176424,-1.0,95,6953,,False
7.130233146,-1.0,96,8583,,False
7.130297071,-1.0,96,467,,False
7.130325797,-1.0,96,7933,,False
7.130327075,-1.0,96,619,,False
7.130352383,-1.0,96,905,,False
7.130353057,-1.0,96,8040,,False
7.130421055,-1.0,96,825,,False
7.130494858,-1.0,96,399,,False
7.130561201,-1.0,97,3139,,False
7.130583792,-1.0,97,2801,,False
7.130613552,-1.0,97,2007,,False
7.130695726,-1.0,97,2696,,False
7.130703899,-1.0,97,4049,,False
7.130727094,-1.0,97,2160,,False
7.138550168,-1.0,97,3129,,False
7.138556517,-1.0,97,4778,,False
7.138567947,-1.0,97,3146,,False
7.138615221,-1.0,97,7031,,False
7.138668782,-1.0,98,3327,,False
7.138728199,-1.0,98,7500,,False
7.138817884,-1.0,98,7770,,False
7.138832150,-1.0,98,4708,,False
7.138850379,-1.0,98,4980,,False
7.138867128,-1.0,98,9898,,False
7.138884898,-1.0,98,8333,,False
7.139030327,-1.0,98,7182,,False
7.139118597,-1.0,99,6287,,False
7.139134241,-1.0,99,6982,,False
7.139152726,-1.0,99,7738,,False
7.139159151,-1.0,99,5738,,False
7.139199687,-1.0,99,8938,,False
7.139216835,-1.0,99,9649,,False
7.139324566,-1.0,99,9213,,False
7.139399194,-1.0,99,8767,,False
7.139422325,-1.0,100,6510,,False
7.139451496,-1.0,100,7303,,False
7.139754647,-1.0,100,8024,,False
7.139823712,-1.0,100,4573,,False
7.139840753,-1.0,100,4505,,False
7.139894687,-1.0,100,4522,,False
7.139911633,-1.0,100,5116,,False
7.139968349,-1.0,100,5413,,False
7.140034967,-1.0,100,5837,,False
7.140073625,-1.0,101,5720,,False
7.140098617,-1.0,101,5431,,False
7.140259625,-1.0,101,4549,,False
7.140582872,-1.0,101,6270,,False
7.141650007,-1.0,101,5249,,False
7.141856165,-1.0,101,5525,,False
7.141908451,-1.0,101,3292,,False
7.141936041,-1.0,101,3939,,False
7.141994866,-1.0,101,2622,,False
7.142010430,-1.0,101,3846,,False
7.142025636,-1.0,102,2287,,False
7.142053266,-1.0,102,1074,,False
7.142102259,-1.0,102,2157,,False
7.142128950,-1.0,102,3595,,False
7.142144493,-1.0,102,1400,,False
7.142161932,-1.0,102,2196,,False
7.142172460,-1.0,102,1438,,False
7.142189766,-1.0,102,2726,,False
7.142234990,-1.0,102,2583,,False
7.142287080,-1.0,102,713,,False
7.142292112,-1.0,103,4043,,False
5.4490029,-1.0,0,9813,,False
5.4513037,-1.0,0,6391,,False
5.4583860,-1.0,0,7086,,False
5.4599486,-1.0,0,6304,,False
5.4631279,-1.0,0,7015,,False
5.4643608,-1.0,0,8265,,False
5.4686140,-1.0,0,5048,,False
5.4773875,-1.0,0,6443,,False
5.4850081,-1.0,0,4801,,False
5.4857275,-1.0,0,9870,,False
5.4875958,-1.0,1,5616,,False
5.4922357,-1.0,1,6086,,False
5.4942527,-1.0,1,5114,,False
5.5052529,-1.0,1,9417,,False
5.5309433,-1.0,1,9892,,False
5.5332862,-1.0,1,8092,,False
5.5344314,-1.0,1,9031,,False
5.5362104,-1.0,1,8967,,False
5.5524623,-1.0,1,9338,,False
5.5576513,-1.0,1,7733,,False
5.5659968,-1.0,2,8105,,False
5.11800791,-1.0,2,9525,,False
5.11852718,-1.0,2,8861,,False
5.12050981,-1.0,2,9221,,False
5.12620472,-1.0,2,9288,,False
5.12810396,-1.0,2,6290,,False
5.12828882,-1.0,2,6566,,False
5.12868181,-1.0,2,6324,,False
5.12982096,-1.0,2,7283,,False
5.13060974,-1.0,2,5331,,False
5.13107735,-1.0,3,5082,,False
5.13158111,-1.0,3,7038,,False
5.13212775,-1.0,3,5086,,False
5.13219747,-1.0,3,8617,,False
5.13257919,-1.0,3,5050,,False
5.13343637,-1.0,3,9481,,False
5.13357337,-1.0,3,5301,,False
5.13367050,-1.0,3,9028,,False
5.13391837,-1.0,3,4694,,False
5.13469124,-1.0,3,5912,,False
5.13486775,-1.0,4,6241,,False
5.13499180,-1.0,4,7033,,False
5.13517743,-1.0,4,5982,,False
5.13558705,-1.0,4,6411,,False
5.13587907,-1.0,4,7662,,False
5.13599414,-1.0,4,4443,,False
5.13615903,-1.0,4,5037,,False
5.13647994,-1.0,4,5320,,False
5.13685654,-1.0,4,4579,,False
5.13702825,-1.0,4,4782,,False
5.13727374,-1.0,5,4543,,False
5.13836323,-1.0,5,8184,,False
5.13874239,-1.0,5,7484,,False
5.13899950,-1.0,5,7016,,False
5.14029143,-1.0,5,6719,,False
5.14041026,-1.0,5,6384,,False
5.14126576,-1.0,5,4825,,False
5.14147767,-1.0,5,7019,,False
5.14186165,-1.0,5,4550,,False
5.14211660,-1.0,6,9996,,False
5.14218695,-1.0,6,4759,,False
5.14225464,-1.0,6,9239,,False
5.14283045,-1.0,6,4570,,False
5.14350233,-1.0,6,7904,,False
5.14367877,-1.0,6,4860,,False
5.14384570,-1.0,6,6683,,False
5.14408573,-1.0,6,5180,,False
5.15196757,-1.0,6,9448,,False
5.15199254,-1.0,7,8998,,False
5.15200159,-1.0,7,9987,,False
5.15204395,-1.0,7,8990,,False
5.15216761,-1.0,7,7930,,False
5.15221740,-1.0,7,7813,,False
5.15237564,-1.0,7,8542,,False
5.15277698,-1.0,7,8793,,False
5.15360151,-1.0,7,9420,,False
5.15800986,-1.0,7,4533,,False
5.15827750,-1.0,7,5550,,False
5.15840981,-1.0,8,5407,,False
5.15850906,-1.0,8,5718,,False
5.15859823,-1.0,8,6255,,False
5.16103033,-1.0,8,6972,,False
5.16105092,-1.0,8,6701,,False
5.16109752,-1.0,8,4075,,False
5.16121630,-1.0,8,7256,,False
5.16133152,-1.0,8,6106,,False
5.20780209,-1.0,8,8711,,False
5.21322390,-1.0,8,8446,,False
5.21674152,-1.0,9,9616,,False
5.24592124,-1.0,9,5966,,False
5.24601138,-1.0,9,8740,,False
5.24629623,-1.0,9,6767,,False
5.24635343,-1.0,9,5335,,False
5.24708341,-1.0,9,6777,,False
5.25241162,-1.0,9,8379,,False
5.25468871,-1.0,9,7791,,False
5.25957870,-1.0,9,5902,,False
5.25987507,-1.0,9,6696,,False
5.26102896,-1.0,10,6029,,False
5.26154444,-1.0,10,6618,,False
5.27006084,-1.0,10,3261,,False
5.27024099,-1.0,10,5635,,False
5.27073682,-1.0,10,5962,,False
5.27106083,-1.0,10,5231,,False
5.27125948,-1.0,10,4200,,False
5.27151043,-1.0,10,4528,,False
5.27325474,-1.0,10,5252,,False
5.27377998,-1.0,10,4792,,False
5.27408562,-1.0,11,4464,,False
5.27499065,-1.0,11,6405,,False
5.27510660,-1.0,11,8802,,False
5.27631107,-1.0,11,9594,,False
5.27670655,-1.0,11,7363,,False
5.27689583,-1.0,11,5371,,False
5.27692209,-1.0,11,6090,,False
5.27704214,-1.0,11,5305,,False
5.27704272,-1.0,11,6763,,False
5.27718764,-1.0,12,5547,,False
5.27729057,-1.0,12,8904,,False
5.27757197,-1.0,12,8893,,False
5.27770436,-1.0,12,7659,,False
5.27786930,-1.0,12,8261,,False
5.27920963,-1.0,12,2505,,False
5.27941013,-1.0,12,1707,,False
5.27946661,-1.0,12,6549,,False
5.27962681,-1.0,12,4849,,False
5.27966999,-1.0,12,1344,,False
5.28122365,-1.0,13,4187,,False
5.28172755,-1.0,13,6593,,False
5.28275433,-1.0,13,1233,,False
5.28291475,-1.0,13,3803,,False
5.28349631,-1.0,13,7060,,False
5.28362596,-1.0,13,2716,,False
5.28397036,-1.0,13,3112,,False
5.28403409,-1.0,13,6456,,False
5.28411536,-1.0,13,9328,,False
5.28420768,-1.0,13,2582,,False
5.28434061,-1.0,14,3781,,False
5.28448577,-1.0,14,7616,,False
5.28448975,-1.0,14,2768,,False
5.28508611,-1.0,14,5621,,False
5.28510912,-1.0,14,2348,,False
5.28515175,-1.0,14,7345,,False
5.28520779,-1.0,14,2621,,False
5.28521712,-1.0,14,6479,,False
5.28521946,-1.0,14,7355,,False
5.28538172,-1.0,14,2627,,False
5.28560038,-1.0,15,7796,,False
5.28561076,-1.0,15,2576,,False
5.28577996,-1.0,15,7894,,False
5.28588419,-1.0,15,2604,,False
5.28597149,-1.0,15,6248,,False
5.28610721,-1.0,15,2561,,False
5.28617455,-1.0,15,9990,,False
5.28618177,-1.0,15,6031,,False
5.28619179,-1.0,15,6507,,False
5.28623615,-1.0,15,5536,,False
5.28637055,-1.0,16,2743,,False
5.28642690,-1.0,16,8727,,False
5.28645576,-1.0,16,5565,,False
5.28668753,-1.0,16,5385,,False
5.28670466,-1.0,16,7615,,False
5.28707155,-1.0,16,2813,,False
5.28720356,-1.0,16,6076,,False
5.28720718,-1.0,16,8437,,False
5.28770045,-1.0,16,7577,,False
5.28771773,-1.0,16,2864,,False
5.28787570,-1.0,17,6620,,False
5.28798420,-1.0,17,4221,,False
5.28810614,-1.0,17,9556,,False
5.28827121,-1.0,17,3631,,False
5.28833100,-1.0,17,9229,,False
5.28842049,-1.0,17,5606,,False
5.28849208,-1.0,17,3173,,False
5.28853746,-1.0,17,5023,,False
5.28872008,-1.0,17,1242,,False
5.28893559,-1.0,17,5711,,False
5.28946684,-1.0,18,7951,,False
5.28956765,-1.0,18,7491,,False
5.28997344,-1.0,18,4718,,False
5.29122484,-1.0,18,2927,,False
5.29125180,-1.0,18,5690,,False
5.29138202,-1.0,18,1938,,False
5.29194082,-1.0,18,1343,,False
5.29209301,-1.0,18,5423,,False
5.29273423,-1.0,18,7542,,False
5.29293980,-1.0,19,2034,,False
5.29315449,-1.0,19,3219,,False
5.29316503,-1.0,19,7482,,False
5.29320565,-1.0,19,7123,,False
5.29320872,-1.0,19,2568,,False
5.29326628,-1.0,19,2064,,False
5.29462914,-1.0,19,5038,,False
5.29467549,-1.0,19,1753,,False
5.29506257,-1.0,19,1042,,False
5.29528980,-1.0,20,9868,,False
5.29538448,-1.0,20,7131,,False
5.29544607,-1.0,20,2090,,False
5.29586575,-1.0,20,4450,,False
5.29612770,-1.0,20,1088,,False
5.29612798,-1.0,20,9750,,False
5.29618171,-1.0,20,6019,,False
5.29624798,-1.0,20,9054,,False
5.29641090,-1.0,21,3296,,False
5.29650149,-1.0,21,8124,,False
5.29650665,-1.0,21,3297,,False
5.29654254,-1.0,21,8339,,False
5.29655018,-1.0,21,3395,,False
5.29693103,-1.0,21,1804,,False
5.29695632,-1.0,21,5392,,False
5.29698849,-1.0,21,1802,,False
5.29700434,-1.0,21,4816,,False
5.29705776,-1.0,21,1787,,False
5.29716051,-1.0,22,2187,,False
5.29731218,-1.0,22,7379,,False
5.29740639,-1.0,22,2136,,False
5.30058581,-1.0,22,6908,,False
5.30067305,-1.0,22,1574,,False
5.30118421,-1.0,22,6531,,False
5.30119925,-1.0,22,3203,,False
5.30151909,-1.0,22,7138,,False
5.30158213,-1.0,22,1972,,False
5.30213218,-1.0,23,2649,,False
5.30226134,-1.0,23,2661,,False
5.30248699,-1.0,23,2683,,False
5.30259202,-1.0,23,9249,,False
5.30276733,-1.0,23,8323,,False
5.30285669,-1.0,23,3673,,False
5.30307096,-1.0,23,3674,,False
5.30318259,-1.0,23,3675,,False
5.30338329,-1.0,24,4669,,False
5.30345900,-1.0,24,9622,,False
5.30358176,-1.0,24,3590,,False
5.30369332,-1.0,24,3519,,False
5.30401111,-1.0,24,3577,,False
5.30414316,-1.0,24,3948,,False
5.30427738,-1.0,24,3828,,False
5.30440074,-1.0,24,3971,,False
5.30462785,-1.0,24,3661,,False
5.30481382,-1.0,24,3712,,False
5.30580636,-1.0,25,5717,,False
5.30625704,-1.0,25,3534,,False
5.30685318,-1.0,25,3423,,False
5.30718677,-1.0,25,3711,,False
5.30733560,-1.0,25,3717,,False
5.30748118,-1.0,25,3626,,False
5.30813188,-1.0,25,7928,,False
5.30826630,-1.0,25,3105,,False
5.30831500,-1.0,25,3106,,False
5.30878038,-1.0,26,2898,,False
5.30895908,-1.0,26,2899,,False
5.30902128,-1.0,26,2900,,False
5.30902170,-1.0,26,7098,,False
5.30910934,-1.0,26,2893,,False
5.30935348,-1.0,26,6783,,False
5.30939089,-1.0,26,2907,,False
5.30955846,-1.0,26,7380,,False
5.30971262,-1.0,26,2057,,False
5.31003375,-1.0,27,2534,,False
5.31032110,-1.0,27,3353,,False
5.31033151,-1.0,27,7162,,False
5.31050126,-1.0,27,3354,,False
5.31057355,-1.0,27,7349,,False
5.31111811,-1.0,27,3399,,False
5.31153395,-1.0,27,3190,,False
5.31330994,-1.0,27,4000,,False
5.31359997,-1.0,27,2658,,False
5.31488722,-1.0,27,1592,,False
5.31501985,-1.0,28,1671,,False
5.31512689,-1.0,28,1605,,False
5.31520602,-1.0,28,1606,,False
5.31539158,-1.0,28,1729,,False
5.31546005,-1.0,28,1789,,False
5.31560786,-1.0,28,1772,,False
5.31564752,-1.0,28,2009,,False
5.31578038,-1.0,28,2085,,False
5.31588492,-1.0,28,2088,,False
5.31594772,-1.0,29,2089,,False
5.31595862,-1.0,29,2060,,False
5.31611224,-1.0,29,2589,,False
5.31656888,-1.0,29,2645,,False
5.31691298,-1.0,29,2008,,False
5.31707464,-1.0,29,2131,,False
5.31707807,-1.0,29,3143,,False
5.31723649,-1.0,29,3133,,False
5.31723898,-1.0,29,2095,,False
5.31742974,-1.0,29,2752,,False
5.31791223,-1.0,30,2519,,False
5.31835900,-1.0,30,2129,,False
5.31857445,-1.0,30,2640,,False
5.31879312,-1.0,30,3008,,False
5.31880551,-1.0,30,3447,,False
5.31895318,-1.0,30,2905,,False
5.31903642,-1.0,30,2293,,False
5.31919072,-1.0,30,2973,,False
5.32025874,-1.0,30,2738,,False
5.32043095,-1.0,30,2125,,False
5.32058640,-1.0,31,2077,,False
5.32180906,-1.0,31,1725,,False
5.32257673,-1.0,31,1396,,False
5.32288630,-1.0,31,1689,,False
5.32289554,-1.0,31,1192,,False
5.32302904,-1.0,31,1759,,False
5.32305135,-1.0,31,1623,,False
5.32370089,-1.0,31,1818,,False
5.32397574,-1.0,31,2267,,False
5.32405411,-1.0,32,2961,,False
5.32418022,-1.0,32,1418,,False
5.32465846,-1.0,32,2124,,False
5.32499448,-1.0,32,2475,,False
5.32522466,-1.0,32,1310,,False
5.32533153,-1.0,32,2478,,False
5.32556892,-1.0,32,1900,,False
5.32563076,-1.0,32,2010,,False
5.32578790,-1.0,32,2489,,False
5.32582560,-1.0,32,2747,,False
5.32593402,-1.0,33,3245,,False
5.32596323,-1.0,33,2137,,False
5.32615656,-1.0,33,2033,,False
5.32617264,-1.0,33,2996,,False
5.32622466,-1.0,33,1767,,False
5.32626476,-1.0,33,1810,,False
5.32629366,-1.0,33,3249,,False
5.32638170,-1.0,33,3303,,False
5.32650773,-1.0,33,3171,,False
5.32665665,-1.0,34,2960,,False
5.32750129,-1.0,34,3090,,False
5.32759057,-1.0,34,2420,,False
5.32801595,-1.0,34,3898,,False
5.32841647,-1.0,34,2376,,False
5.32875642,-1.0,34,5213,,False
5.32911643,-1.0,34,4154,,False
5.32927355,-1.0,34,3214,,False
5.32936934,-1.0,34,3497,,False
5.32942780,-1.0,35,3351,,False
5.33013048,-1.0,35,2788,,False
5.33013802,-1.0,35,3275,,False
5.33024692,-1.0,35,2701,,False
5.33025662,-1.0,35,3225,,False
5.33049896,-1.0,35,4073,,False
5.33085024,-1.0,35,4551,,False
5.33099427,-1.0,35,5426,,False
5.33099551,-1.0,35,3461,,False
5.33106414,-1.0,35,5359,,False
5.33311159,-1.0,36,5130,,False
5.33434535,-1.0,36,4863,,False
5.33435439,-1.0,36,3575,,False
5.33469970,-1.0,36,4563,,False
5.33492077,-1.0,36,4101,,False
5.33516431,-1.0,36,2823,,False
5.33524878,-1.0,36,2824,,False
5.33526312,-1.0,36,2392,,False
5.33539628,-1.0,36,2244,,False
5.33558569,-1.0,36,2075,,False
5.33572002,-1.0,37,2115,,False
5.33581829,-1.0,37,1892,,False
5.33586481,-1.0,37,1998,,False
5.33586829,-1.0,37,2541,,False
5.33608366,-1.0,37,2558,,False
5.33686613,-1.0,37,2648,,False
5.33711586,-1.0,37,9916,,False
5.33724297,-1.0,37,9876,,False
5.33754383,-1.0,37,9691,,False
5.33759341,-1.0,38,2628,,False
5.33766629,-1.0,38,3205,,False
5.33768249,-1.0,38,9830,,False
5.33772854,-1.0,38,3017,,False
5.33773351,-1.0,38,9831,,False
5.33776812,-1.0,38,2384,,False
5.33780158,-1.0,38,2844,,False
5.33786601,-1.0,38,1951,,False
5.33800650,-1.0,38,2914,,False
5.33828175,-1.0,39,2750,,False
5.33845100,-1.0,39,2924,,False
5.33847721,-1.0,39,1867,,False
5.33860757,-1.0,39,1730,,False
5.33861055,-1.0,39,2994,,False
5.33907748,-1.0,39,2463,,False
5.33935492,-1.0,39,2200,,False
5.33962704,-1.0,39,2517,,False
5.33970343,-1.0,39,2223,,False
5.33970807,-1.0,39,2618,,False
5.33996283,-1.0,40,2917,,False
5.33997630,-1.0,40,1851,,False
5.34049101,-1.0,40,1428,,False
5.34054381,-1.0,40,6022,,False
5.34094404,-1.0,40,1470,,False
5.34096025,-1.0,40,6023,,False
5.34122881,-1.0,40,6089,,False
5.34129376,-1.0,40,1947,,False
5.34157608,-1.0,40,1744,,False
5.34162907,-1.0,40,2462,,False
5.34188901,-1.0,41,1687,,False
5.34227950,-1.0,41,1976,,False
5.34241564,-1.0,41,2920,,False
5.34244674,-1.0,41,1984,,False
5.34253370,-1.0,41,3031,,False
5.34258821,-1.0,41,1628,,False
5.34264045,-1.0,41,3032,,False
5.34279715,-1.0,41,2369,,False
5.34290480,-1.0,41,3685,,False
5.34299219,-1.0,41,2283,,False
5.34306125,-1.0,42,3686,,False
5.34332077,-1.0,42,3632,,False
5.34368623,-1.0,42,2324,,False
5.34368652,-1.0,42,1650,,False
5.34384553,-1.0,42,2879,,False
5.34385068,-1.0,42,3900,,False
5.34399169,-1.0,42,4173,,False
5.34402802,-1.0,42,1883,,False
5.34404396,-1.0,42,3066,,False
5.34406363,-1.0,42,1884,,False
5.34418485,-1.0,43,2035,,False
5.34437905,-1.0,43,2141,,False
5.34439993,-1.0,43,3237,,False
5.34466493,-1.0,43,3540,,False
5.34468826,-1.0,43,1890,,False
5.34484152,-1.0,43,3520,,False
5.34488615,-1.0,43,2997,,False
5.34494627,-1.0,43,4761,,False
5.35753687,-1.0,44,7785,,False
5.39723626,-1.0,44,8489,,False
5.39765971,-1.0,44,9803,,False
5.39804176,-1.0,44,9844,,False
5.39824761,-1.0,44,9109,,False
5.39834643,-1.0,44,9698,,False
5.39899523,-1.0,44,9189,,False
5.39921519,-1.0,44,9383,,False
5.39962409,-1.0,44,8699,,False
5.39970689,-1.0,44,8735,,False
5.40439842,-1.0,45,7135,,False
5.40529854,-1.0,45,9896,,False
5.40548570,-1.0,45,9926,,False
5.40785462,-1.0,45,8614,,False
5.40976968,-1.0,45,8577,,False
5.40998211,-1.0,45,8058,,False
5.41739188,-1.0,45,9968,,False
5.42003288,-1.0,45,8452,,False
5.42016386,-1.0,45,7368,,False
5.42082730,-1.0,45,7814,,False
5.42142709,-1.0,46,6202,,False
5.42170612,-1.0,46,7673,,False
5.42183551,-1.0,46,8019,,False
5.42208959,-1.0,46,8491,,False
5.42241414,-1.0,46,8732,,False
5.42277975,-1.0,46,9386,,False
5.47338012,-1.0,46,3174,,False
5.47374469,-1.0,46,3794,,False
5.47397118,-1.0,46,2724,,False
5.47422892,-1.0,46,3239,,False
5.47436937,-1.0,47,4859,,False
5.47514551,-1.0,47,2311,,False
5.47560619,-1.0,47,2242,,False
5.47566372,-1.0,47,5112,,False
5.47582322,-1.0,47,1843,,False
5.47609914,-1.0,47,3691,,False
5.47629000,-1.0,47,4730,,False
5.47629649,-1.0,47,4827,,False
5.47655786,-1.0,47,6257,,False
5.47657241,-1.0,47,3824,,False
5.47696050,-1.0,48,6061,,False
5.47702474,-1.0,48,3825,,False
5.47729681,-1.0,48,5961,,False
5.47737239,-1.0,48,5925,,False
5.47756857,-1.0,48,6442,,False
5.47765608,-1.0,48,5056,,False
5.48100785,-1.0,48,8036,,False
5.48159705,-1.0,48,7975,,False
5.48243873,-1.0,48,6383,,False
5.48459387,-1.0,49,3766,,False
5.48812422,-1.0,49,5747,,False
5.48880628,-1.0,49,4514,,False
5.48984675,-1.0,49,5873,,False
5.49056345,-1.0,49,9536,,False
5.49146692,-1.0,49,6113,,False
5.49236189,-1.0,49,6750,,False
5.49321868,-1.0,49,9005,,False
5.49403051,-1.0,49,7606,,False
5.49481621,-1.0,50,8212,,False
5.49632802,-1.0,50,7113,,False
5.49765989,-1.0,50,5177,,False
5.49889772,-1.0,50,4564,,False
5.50039162,-1.0,50,5081,,False
5.50057567,-1.0,50,4901,,False
5.50191237,-1.0,50,4086,,False
5.50704451,-1.0,50,3980,,False
5.50880369,-1.0,51,3266,,False
5.50887352,-1.0,51,1178,,False
5.53406137,-1.0,51,1738,,False
5.53430186,-1.0,51,1600,,False
5.53459212,-1.0,51,1624,,False
5.53473398,-1.0,51,2951,,False
5.53507460,-1.0,51,1347,,False
5.53528508,-1.0,51,1635,,False
5.54105517,-1.0,51,2158,,False
5.54147906,-1.0,52,3677,,False
5.54246870,-1.0,52,6179,,False
5.54304092,-1.0,52,9340,,False
5.54319022,-1.0,52,8324,,False
5.54327517,-1.0,52,9631,,False
5.55145918,-1.0,52,6447,,False
5.55161124,-1.0,52,6923,,False
5.55221405,-1.0,52,5365,,False
5.55235631,-1.0,52,5280,,False
5.55252932,-1.0,52,5085,,False
5.55317287,-1.0,53,7370,,False
5.55359449,-1.0,53,7540,,False
5.55367874,-1.0,53,3025,,False
5.55408109,-1.0,53,2296,,False
5.55498080,-1.0,53,3007,,False
5.55547836,-1.0,53,2802,,False
5.55580049,-1.0,53,2685,,False
5.55640758,-1.0,53,2245,,False
5.55645583,-1.0,54,8253,,False
5.55665597,-1.0,54,2370,,False
5.55871262,-1.0,54,7988,,False
5.55900664,-1.0,54,5186,,False
5.55906996,-1.0,54,7235,,False
5.55926919,-1.0,54,6905,,False
5.56004724,-1.0,54,4263,,False
5.56036146,-1.0,54,4100,,False
5.56042938,-1.0,54,7213,,False
5.56051613,-1.0,54,4151,,False
5.56542381,-1.0,55,9889,,False
5.56626668,-1.0,55,8500,,False
5.56663681,-1.0,55,9842,,False
5.57831754,-1.0,55,8134,,False
5.57886717,-1.0,55,7602,,False
5.57928046,-1.0,55,7089,,False
5.58159434,-1.0,55,9811,,False
5.58181805,-1.0,55,9439,,False
5.58186119,-1.0,55,9506,,False
5.58316344,-1.0,55,9504,,False
5.58345909,-1.0,56,9502,,False
5.58375496,-1.0,56,9112,,False
5.58420829,-1.0,56,9930,,False
5.58707221,-1.0,56,9733,,False
5.59008066,-1.0,56,9883,,False
5.59033354,-1.0,56,8745,,False
5.59033548,-1.0,56,7241,,False
5.59394089,-1.0,56,8378,,False
5.59424492,-1.0,56,6665,,False
5.59436957,-1.0,56,8232,,False
5.59458906,-1.0,57,7431,,False
5.59549184,-1.0,57,6533,,False
5.59552469,-1.0,57,8243,,False
5.59559579,-1.0,57,6519,,False
5.59639374,-1.0,57,9088,,False
5.59753622,-1.0,57,8414,,False
5.59787739,-1.0,57,9196,,False
5.59827694,-1.0,57,7458,,False
5.59881934,-1.0,57,7272,,False
5.59886544,-1.0,57,9151,,False
5.62298826,-1.0,58,3818,,False
5.63649652,-1.0,58,8787,,False
5.64765738,-1.0,58,5322,,False
5.64806367,-1.0,58,3704,,False
5.64806659,-1.0,58,5847,,False
5.64850913,-1.0,58,5311,,False
5.64860537,-1.0,58,5323,,False
5.64957369,-1.0,58,8891,,False
5.64972755,-1.0,58,6917,,False
5.64973273,-1.0,58,6819,,False
5.64983103,-1.0,59,7065,,False
5.65002771,-1.0,59,7780,,False
5.65007398,-1.0,59,6709,,False
5.67040818,-1.0,59,5501,,False
5.67043608,-1.0,59,7773,,False
5.67058527,-1.0,59,7781,,False
5.67073575,-1.0,59,7861,,False
5.67084229,-1.0,59,5454,,False
5.67098078,-1.0,59,5955,,False
5.67115363,-1.0,60,7083,,False
5.67130953,-1.0,60,6176,,False
5.67144358,-1.0,60,6288,,False
5.67204802,-1.0,60,5980,,False
5.67204865,-1.0,60,8260,,False
5.67219165,-1.0,60,5791,,False
5.67226641,-1.0,60,5402,,False
5.67236767,-1.0,60,6307,,False
5.67264824,-1.0,60,5521,,False
5.67292159,-1.0,60,7049,,False
5.67335162,-1.0,61,7777,,False
5.67335878,-1.0,61,6774,,False
5.67345843,-1.0,61,7175,,False
5.67351996,-1.0,61,7176,,False
5.67442635,-1.0,61,6672,,False
5.67527933,-1.0,61,9544,,False
5.67529331,-1.0,61,9737,,False
5.67587227,-1.0,61,5399,,False
5.67645630,-1.0,62,3928,,False
5.67652528,-1.0,62,6962,,False
5.67866580,-1.0,62,5838,,False
5.67872522,-1.0,62,4858,,False
5.67913054,-1.0,62,4497,,False
5.67924895,-1.0,62,8003,,False
5.67943616,-1.0,62,8385,,False
5.68094506,-1.0,62,9008,,False
5.70011865,-1.0,62,6924,,False
5.70016257,-1.0,63,7200,,False
5.70053554,-1.0,63,8963,,False
5.71458330,-1.0,63,9293,,False
5.71462812,-1.0,63,9303,,False
5.71518523,-1.0,63,5386,,False
5.71543311,-1.0,63,3728,,False
5.71599579,-1.0,64,3459,,False
5.71642323,-1.0,64,6171,,False
5.71792049,-1.0,64,7284,,False
5.71866470,-1.0,64,6487,,False
5.71944293,-1.0,64,5883,,False
5.72480643,-1.0,64,5709,,False
5.72624480,-1.0,64,4959,,False
5.72680674,-1.0,64,7655,,False
5.72715431,-1.0,64,4472,,False
5.72778540,-1.0,64,973,,False
5.72864332,-1.0,65,1662,,False
5.72916242,-1.0,65,440,,False
5.72971529,-1.0,65,923,,False
5.73006487,-1.0,65,906,,False
5.73178278,-1.0,65,1297,,False
5.73278339,-1.0,65,5143,,False
5.73397424,-1.0,65,3108,,False
5.73420078,-1.0,65,4862,,False
5.73425550,-1.0,65,4660,,False
5.73427746,-1.0,65,4385,,False
5.73469957,-1.0,66,4766,,False
5.73522158,-1.0,66,5202,,False
5.73555567,-1.0,66,6236,,False
5.73954319,-1.0,66,6034,,False
5.74047808,-1.0,66,6039,,False
5.74078986,-1.0,66,4414,,False
5.74188165,-1.0,66,1513,,False
5.74205323,-1.0,66,5235,,False
5.74212927,-1.0,66,8258,,False
5.74242381,-1.0,66,4567,,False
5.74277944,-1.0,67,8770,,False
5.74278285,-1.0,67,3243,,False
5.74467168,-1.0,67,5591,,False
5.74765750,-1.0,67,8677,,False
5.75066675,-1.0,67,9191,,False
5.75274758,-1.0,67,6199,,False
5.75310425,-1.0,67,5841,,False
5.75570807,-1.0,67,4804,,False
5.75624230,-1.0,67,3992,,False
5.75690590,-1.0,68,5743,,False
5.75710477,-1.0,68,2963,,False
5.75832617,-1.0,68,2502,,False
5.75852904,-1.0,68,6488,,False
5.75892199,-1.0,68,2297,,False
5.75921366,-1.0,68,6684,,False
5.75933377,-1.0,68,2557,,False
5.76020519,-1.0,68,2181,,False
5.76033593,-1.0,68,5734,,False
5.76080628,-1.0,68,6074,,False
5.76108086,-1.0,69,3916,,False
5.76234465,-1.0,69,6728,,False
5.76252869,-1.0,69,8052,,False
5.76276336,-1.0,69,3030,,False
5.76367421,-1.0,69,9434,,False
5.76404129,-1.0,69,2807,,False
5.76423741,-1.0,69,8937,,False
5.76625612,-1.0,69,3682,,False
5.77212897,-1.0,69,6194,,False
5.78137275,-1.0,70,3022,,False
5.78531740,-1.0,70,3029,,False
5.78554642,-1.0,70,3230,,False
5.78572555,-1.0,70,3049,,False
5.78637723,-1.0,70,2665,,False
5.78657580,-1.0,70,2134,,False
5.78714231,-1.0,70,2498,,False
5.78739343,-1.0,70,8356,,False
5.78864591,-1.0,70,3308,,False
5.78906275,-1.0,71,4523,,False
5.78934577,-1.0,71,3688,,False
5.79003222,-1.0,71,4473,,False
5.79054539,-1.0,71,3813,,False
5.79176870,-1.0,71,3409,,False
5.79231939,-1.0,71,5879,,False
5.79241669,-1.0,71,5362,,False
5.79248030,-1.0,71,3116,,False
5.79283258,-1.0,71,4856,,False
5.79349875,-1.0,71,3449,,False
5.79370967,-1.0,72,3561,,False
5.79456246,-1.0,72,3460,,False
5.79552235,-1.0,72,3842,,False
5.79611235,-1.0,72,3761,,False
5.79758325,-1.0,72,4962,,False
5.79782556,-1.0,72,6063,,False
5.79801945,-1.0,72,6233,,False
5.79810179,-1.0,73,6542,,False
5.79829469,-1.0,73,5162,,False
5.79867402,-1.0,73,8804,,False
5.79993312,-1.0,73,8641,,False
5.80147754,-1.0,73,6636,,False
5.80176647,-1.0,73,6316,,False
5.80250055,-1.0,73,6717,,False
5.80311495,-1.0,73,9507,,False
5.80358176,-1.0,74,7525,,False
5.80400424,-1.0,74,8785,,False
5.80408263,-1.0,74,7941,,False
5.80417880,-1.0,74,7233,,False
5.80668053,-1.0,74,6021,,False
5.80708531,-1.0,74,6305,,False
5.80733453,-1.0,74,7166,,False
5.80788875,-1.0,74,5684,,False
5.80851092,-1.0,74,5209,,False
5.80970239,-1.0,75,5289,,False
5.81047687,-1.0,75,4531,,False
5.81086958,-1.0,75,5022,,False
5.81089243,-1.0,75,7645,,False
5.81103598,-1.0,75,4630,,False
5.81118651,-1.0,75,7638,,False
5.81131753,-1.0,75,5188,,False
5.81158709,-1.0,75,9895,,False
5.81158946,-1.0,75,3140,,False
5.82169544,-1.0,75,7626,,False
5.98525919,-1.0,76,9093,,False
5.98558427,-1.0,76,8970,,False
5.98607451,-1.0,76,7436,,False
5.101099558,-1.0,76,7837,,False
5.101137366,-1.0,76,7271,,False
5.101158133,-1.0,76,5595,,False
5.101179219,-1.0,76,8026,,False
5.101210443,-1.0,76,7880,,False
5.101273619,-1.0,76,9569,,False
5.102260844,-1.0,76,5746,,False
5.102332442,-1.0,77,3993,,False
5.102381766,-1.0,77,5766,,False
5.102419253,-1.0,77,4969,,False
5.102459798,-1.0,77,4817,,False
5.102725283,-1.0,77,6072,,False
5.104208047,-1.0,77,6352,,False
5.104765216,-1.0,77,301,,False
5.105254425,-1.0,77,656,,False
5.105301475,-1.0,77,457,,False
5.105330086,-1.0,77,654,,False
5.105361540,-1.0,78,174,,False
5.105375774,-1.0,78,333,,False
5.105399802,-1.0,78,750,,False
5.105455682,-1.0,78,1026,,False
5.105541218,-1.0,78,769,,False
5.105569181,-1.0,78,315,,False
5.105601344,-1.0,78,304,,False
5.105624963,-1.0,78,434,,False
5.105735460,-1.0,78,169,,False
5.105938203,-1.0,79,182,,False
5.106046669,-1.0,79,212,,False
5.106121253,-1.0,79,138,,False
5.106376149,-1.0,79,2389,,False
5.106531976,-1.0,79,2761,,False
5.106622587,-1.0,79,863,,False
5.106761219,-1.0,79,1997,,False
5.106841530,-1.0,79,254,,False
5.106877110,-1.0,79,1704,,False
5.106891113,-1.0,80,191,,False
5.106894486,-1.0,80,1442,,False
5.107075686,-1.0,80,1836,,False
5.107093454,-1.0,80,241,,False
5.107104454,-1.0,80,143,,False
5.107136281,-1.0,80,2103,,False
5.107146176,-1.0,80,160,,False
5.107146837,-1.0,80,2300,,False
5.107159708,-1.0,80,1593,,False
5.107164735,-1.0,80,112,,False
5.107167969,-1.0,81,104,,False
5.107220026,-1.0,81,121,,False
5.107231800,-1.0,81,730,,False
5.107263604,-1.0,81,1068,,False
5.107268182,-1.0,81,164,,False
5.107654991,-1.0,81,2662,,False
5.107671779,-1.0,81,349,,False
5.107716209,-1.0,81,752,,False
5.107716241,-1.0,81,3386,,False
5.107734745,-1.0,81,5601,,False
5.107748105,-1.0,82,778,,False
5.107761627,-1.0,82,5662,,False
5.107789725,-1.0,82,732,,False
5.107797693,-1.0,82,5594,,False
5.107842983,-1.0,82,5158,,False
5.107850077,-1.0,82,608,,False
5.107944936,-1.0,82,655,,False
5.107947313,-1.0,83,3070,,False
5.107967998,-1.0,83,480,,False
5.107992487,-1.0,83,3580,,False
5.108028480,-1.0,83,571,,False
5.108089138,-1.0,83,5366,,False
5.108105849,-1.0,83,603,,False
5.108131286,-1.0,83,3543,,False
5.108159804,-1.0,83,782,,False
5.108173177,-1.0,83,2143,,False
5.108400148,-1.0,84,1813,,False
5.108549121,-1.0,84,463,,False
5.108562528,-1.0,84,3528,,False
5.108569856,-1.0,84,4576,,False
5.108572472,-1.0,84,529,,False
5.108584583,-1.0,84,594,,False
5.108596342,-1.0,84,3777,,False
5.108603861,-1.0,84,479,,False
5.108637421,-1.0,84,1001,,False
5.108638894,-1.0,85,3481,,False
5.108686974,-1.0,85,2740,,False
5.108688145,-1.0,85,610,,False
5.108696687,-1.0,85,508,,False
5.108712088,-1.0,85,843,,False
5.108781281,-1.0,85,289,,False
5.108781467,-1.0,85,2054,,False
5.108812909,-1.0,85,3907,,False
5.108814432,-1.0,85,281,,False
5.108837950,-1.0,85,597,,False
5.108838236,-1.0,86,3241,,False
5.108856710,-1.0,86,857,,False
5.108876055,-1.0,86,3142,,False
5.108880966,-1.0,86,675,,False
5.108908444,-1.0,86,724,,False
5.108947288,-1.0,86,3513,,False
5.108995333,-1.0,86,402,,False
5.109000090,-1.0,86,2938,,False
5.109003356,-1.0,86,1072,,False
5.109011717,-1.0,86,3157,,False
5.109018948,-1.0,87,689,,False
5.109028393,-1.0,87,3183,,False
5.109049967,-1.0,87,768,,False
5.109059194,-1.0,87,2889,,False
5.109062865,-1.0,87,687,,False
5.109079567,-1.0,87,2592,,False
5.109108236,-1.0,87,617,,False
5.109124812,-1.0,87,1808,,False
5.109134052,-1.0,87,640,,False
5.109139535,-1.0,87,2100,,False
5.109193071,-1.0,88,3957,,False
5.109223720,-1.0,88,490,,False
5.109242753,-1.0,88,729,,False
5.109287646,-1.0,88,6797,,False
5.109339243,-1.0,88,5707,,False
5.109363933,-1.0,88,2416,,False
5.109434535,-1.0,88,2106,,False
5.109434721,-1.0,88,9474,,False
5.109476313,-1.0,88,8694,,False
5.109477783,-1.0,88,891,,False
5.109522358,-1.0,89,800,,False
5.109539910,-1.0,89,5678,,False
5.109549008,-1.0,89,836,,False
5.109574992,-1.0,89,5171,,False
5.109576468,-1.0,89,936,,False
5.109630473,-1.0,89,5660,,False
5.109636896,-1.0,89,1014,,False
5.109684981,-1.0,89,1568,,False
5.109777433,-1.0,89,1105,,False
5.109835404,-1.0,89,8977,,False
5.109877424,-1.0,90,8820,,False
5.109919032,-1.0,90,1114,,False
5.109921312,-1.0,90,5476,,False
5.109960598,-1.0,90,1058,,False
5.109968995,-1.0,90,3857,,False
5.110001351,-1.0,90,1732,,False
5.110007010,-1.0,90,4834,,False
5.110030449,-1.0,90,1166,,False
5.110078242,-1.0,90,953,,False
5.110104791,-1.0,90,4588,,False
5.110142556,-1.0,91,2352,,False
5.110143559,-1.0,91,5830,,False
5.110145511,-1.0,91,5360,,False
5.110158307,-1.0,91,1264,,False
5.110169402,-1.0,91,4433,,False
5.110324178,-1.0,91,3606,,False
5.110329517,-1.0,91,844,,False
5.110352406,-1.0,91,535,,False
5.110366064,-1.0,91,7066,,False
5.110379009,-1.0,91,578,,False
5.110427762,-1.0,92,2412,,False
5.110433464,-1.0,92,550,,False
5.110447936,-1.0,92,3759,,False
5.110487540,-1.0,92,1334,,False
5.110521203,-1.0,92,886,,False
5.110556919,-1.0,92,4590,,False
5.110617924,-1.0,92,1156,,False
5.110709729,-1.0,92,5118,,False
5.110711997,-1.0,92,7817,,False
5.110715358,-1.0,92,377,,False
5.110771383,-1.0,93,1070,,False
5.110792480,-1.0,93,5520,,False
5.110829000,-1.0,93,1181,,False
5.110857343,-1.0,93,6183,,False
5.110890804,-1.0,93,1036,,False
5.110910160,-1.0,93,7239,,False
5.110910830,-1.0,93,641,,False
5.110928360,-1.0,93,920,,False
5.110933133,-1.0,93,7091,,False
5.110952221,-1.0,93,1073,,False
5.110974551,-1.0,94,822,,False
5.110989041,-1.0,94,781,,False
5.111018579,-1.0,94,5546,,False
5.111079877,-1.0,94,6475,,False
5.111148080,-1.0,94,7051,,False
5.111212850,-1.0,94,6702,,False
5.111254397,-1.0,94,6079,,False
5.111588494,-1.0,94,8170,,False
5.111629849,-1.0,94,8193,,False
5.111656458,-1.0,94,8067,,False
5.111669725,-1.0,95,8032,,False
5.111694176,-1.0,95,6627,,False
5.111707499,-1.0,95,6500,,False
5.111720496,-1.0,95,5760,,False
5.111760085,-1.0,95,5859,,False
5.111946685,-1.0,95,5555,,False
5.111975632,-1.0,95,5900,,False
5.112005607,-1.0,95,6617,,False
5.112427164,-1.0,95,7953,,False
5.112446087,-1.0,95,8765,,False
5.112831005,-1.0,96,874,,False
5.112852017,-1.0,96,817,,False
5.112893558,-1.0,96,1359,,False
5.112928824,-1.0,96,1120,,False
5.113000205,-1.0,96,770,,False
5.113451394,-1.0,96,1217,,False
5.113468943,-1.0,96,2156,,False
5.113564595,-1.0,96,2668,,False
5.113599813,-1.0,96,6511,,False
5.113671745,-1.0,96,4612,,False
5.113795948,-1.0,97,2613,,False
5.113838914,-1.0,97,688,,False
5.113853899,-1.0,97,722,,False
5.113864622,-1.0,97,2953,,False
5.113891346,-1.0,97,2827,,False
5.113896438,-1.0,97,2874,,False
5.113897362,-1.0,97,573,,False
5.113909045,-1.0,97,516,,False
5.113915519,-1.0,97,2634,,False
5.113920919,-1.0,98,435,,False
5.113928716,-1.0,98,2439,,False
5.113945386,-1.0,98,2229,,False
5.113947761,-1.0,98,439,,False
5.113983533,-1.0,98,2774,,False
5.113996157,-1.0,98,634,,False
5.114008563,-1.0,98,1244,,False
5.114024577,-1.0,98,2873,,False
5.114141224,-1.0,99,2098,,False
5.114153498,-1.0,99,396,,False
5.114174275,-1.0,99,2159,,False
5.114196727,-1.0,99,485,,False
5.114198767,-1.0,99,2279,,False
5.114223189,-1.0,99,3153,,False
5.114240991,-1.0,99,430,,False
5.114276799,-1.0,99,1184,,False
5.114285356,-1.0,99,151,,False
5.114315388,-1.0,99,251,,False
5.114343855,-1.0,100,1713,,False
5.114345841,-1.0,100,1200,,False
5.114365849,-1.0,100,1523,,False
5.114373719,-1.0,100,356,,False
5.114406512,-1.0,100,405,,False
5.114430667,-1.0,101,345,,False
5.114454685,-1.0,101,1372,,False
5.114460082,-1.0,101,710,,False
5.114476238,-1.0,101,1245,,False
5.114480334,-1.0,101,344,,False
5.114549797,-1.0,101,2326,,False
5.114550346,-1.0,101,637,,False
5.114579326,-1.0,101,1680,,False
5.114582188,-1.0,101,443,,False
5.114598768,-1.0,102,779,,False
5.114639023,-1.0,102,317,,False
5.114646375,-1.0,102,2037,,False
5.114705469,-1.0,102,354,,False
5.114741518,-1.0,102,412,,False
5.114747631,-1.0,102,1746,,False
5.114775262,-1.0,102,476,,False
5.114776414,-1.0,102,2797,,False
5.114811378,-1.0,102,511,,False
5.114850302,-1.0,102,370,,False
5.114864690,-1.0,103,2185,,False
5.114917703,-1.0,103,413,,False
5.115047582,-1.0,103,2066,,False
5.115080576,-1.0,103,2234,,False
5.115228306,-1.0,103,1791,,False
5.115290336,-1.0,103,2584,,False
5.115324888,-1.0,103,1493,,False
5.115382022,-1.0,103,2650,,False
5.115435517,-1.0,103,2930,,False
5.115493214,-1.0,103,2217,,False
5.115546323,-1.0,104,2417,,False
5.115632026,-1.0,104,3277,,False
5.115684873,-1.0,104,2448,,False
5.115697293,-1.0,104,2299,,False
5.115728562,-1.0,104,1091,,False
5.115806374,-1.0,104,3364,,False
5.115837100,-1.0,104,1963,,False
5.115989294,-1.0,104,5613,,False
5.117030500,-1.0,104,9704,,False
5.118609134,-1.0,104,5275,,False
5.118967916,-1.0,105,7670,,False
5.119015101,-1.0,105,6358,,False
5.119540738,-1.0,105,2437,,False
5.119567848,-1.0,105,2946,,False
5.122078725,-1.0,105,6574,,False
5.126319418,-1.0,105,3935,,False
5.126337836,-1.0,105,4280,,False
5.126349950,-1.0,105,8833,,False
5.126388116,-1.0,105,5460,,False
5.126428810,-1.0,105,6107,,False
5.126694555,-1.0,106,8581,,False
5.126805977,-1.0,106,6185,,False
5.126941092,-1.0,106,8779,,False
5.126966697,-1.0,106,6195,,False
5.126998387,-1.0,106,5968,,False
5.127103952,-1.0,106,5792,,False
5.127125993,-1.0,106,5920,,False
5.127149035,-1.0,106,7464,,False
5.127193467,-1.0,106,9048,,False
5.127230140,-1.0,107,5767,,False
5.127230581,-1.0,107,9742,,False
5.127254364,-1.0,107,3496,,False
5.127290819,-1.0,107,4867,,False
5.127351255,-1.0,107,4091,,False
5.127361316,-1.0,107,6401,,False
5.127361806,-1.0,107,4851,,False
5.127423620,-1.0,107,5826,,False
5.127486520,-1.0,107,4721,,False
5.127549427,-1.0,107,4583,,False
5.127607331,-1.0,108,4556,,False
5.127619215,-1.0,108,5579,,False
5.127681632,-1.0,108,4927,,False
5.127724534,-1.0,108,4252,,False
5.127793977,-1.0,108,4707,,False
5.127796076,-1.0,108,1717,,False
5.127837488,-1.0,108,3996,,False
5.127885030,-1.0,108,5100,,False
5.127959726,-1.0,108,4947,,False
5.127983880,-1.0,108,5144,,False
5.128062545,-1.0,109,4447,,False
5.128136695,-1.0,109,4935,,False
5.128247907,-1.0,109,4627,,False
5.128272820,-1.0,109,7231,,False
5.128366186,-1.0,109,5832,,False
5.128489442,-1.0,109,4555,,False
5.128504811,-1.0,109,5090,,False
5.128568609,-1.0,109,5828,,False
5.128682567,-1.0,109,5084,,False
5.128720084,-1.0,109,6128,,False
5.128803735,-1.0,110,4005,,False
5.128881351,-1.0,110,5016,,False
5.128902933,-1.0,110,3563,,False
5.129041031,-1.0,110,4256,,False
5.129386754,-1.0,110,4250,,False
5.129462244,-1.0,110,3365,,False
5.129598066,-1.0,110,4622,,False
5.129634066,-1.0,110,6110,,False
5.129686159,-1.0,110,5224,,False
5.129749035,-1.0,110,5762,,False
5.129919760,-1.0,111,3041,,False
5.129956918,-1.0,111,3052,,False
5.129957006,-1.0,111,1587,,False
5.129978277,-1.0,111,5835,,False
5.130110635,-1.0,111,3535,,False
5.130121655,-1.0,111,2266,,False
5.130139695,-1.0,111,3608,,False
5.130216295,-1.0,112,1750,,False
5.130246473,-1.0,112,3500,,False
5.130302103,-1.0,112,4249,,False
5.130405995,-1.0,112,4532,,False
5.130902356,-1.0,112,4655,,False
5.130961071,-1.0,112,4673,,False
5.131008417,-1.0,112,1231,,False
5.131020112,-1.0,112,3356,,False
5.131055700,-1.0,112,3325,,False
5.131057609,-1.0,112,1262,,False
5.131076979,-1.0,113,3983,,False
5.131140391,-1.0,113,1701,,False
5.131188933,-1.0,113,1588,,False
5.131225684,-1.0,113,7868,,False
5.131263928,-1.0,113,3874,,False
5.131399821,-1.0,113,8277,,False
5.131420174,-1.0,114,2680,,False
5.131427376,-1.0,114,3696,,False
5.131427642,-1.0,114,5070,,False
5.131441787,-1.0,114,9684,,False
5.131667201,-1.0,114,2771,,False
5.131684716,-1.0,115,2175,,False
5.131685907,-1.0,115,6676,,False
5.131718690,-1.0,115,2316,,False
5.131754277,-1.0,115,3034,,False
5.131807067,-1.0,115,3136,,False
5.131807406,-1.0,115,8231,,False
5.131827828,-1.0,115,5067,,False
5.131906634,-1.0,115,6054,,False
5.131915599,-1.0,115,4064,,False
5.131927721,-1.0,116,4364,,False
5.132120362,-1.0,116,6150,,False
5.132124505,-1.0,116,5821,,False
5.132130534,-1.0,116,8296,,False
5.132138388,-1.0,116,5804,,False
5.132146451,-1.0,116,7140,,False
5.132153962,-1.0,116,5164,,False
5.132156814,-1.0,116,4487,,False
5.132201537,-1.0,116,9788,,False
5.132235411,-1.0,116,9014,,False
5.132242670,-1.0,117,7310,,False
5.132245857,-1.0,117,9045,,False
5.133051225,-1.0,117,6580,,False
5.133059917,-1.0,117,6721,,False
5.133063824,-1.0,117,6722,,False
5.133096725,-1.0,117,5307,,False
5.133155488,-1.0,117,6421,,False
5.133183415,-1.0,117,7849,,False
5.135603518,-1.0,117,9159,,False
5.136301072,-1.0,117,9029,,False
5.145794291,-1.0,118,8532,,False
5.145850374,-1.0,118,4398,,False
5.145888605,-1.0,118,8141,,False
5.145963213,-1.0,118,6365,,False
5.145997358,-1.0,118,6568,,False
5.146074653,-1.0,118,7573,,False
5.146118388,-1.0,118,8101,,False
5.146186931,-1.0,118,8084,,False
5.146367754,-1.0,118,6070,,False
5.146375137,-1.0,118,9759,,False
5.146400207,-1.0,119,6700,,False
5.146443985,-1.0,119,8825,,False
5.147407722,-1.0,119,4917,,False
5.147468696,-1.0,119,6017,,False
5.147491168,-1.0,119,9724,,False
5.147573221,-1.0,119,1018,,False
5.147579253,-1.0,119,5586,,False
5.147701750,-1.0,119,6928,,False
5.148127991,-1.0,119,5563,,False
5.148286286,-1.0,119,5424,,False
5.148304047,-1.0,120,4510,,False
5.148339584,-1.0,120,5149,,False
5.148342001,-1.0,120,8976,,False
5.148358017,-1.0,120,9718,,False
5.148372660,-1.0,120,4379,,False
5.148441249,-1.0,120,3875,,False
5.148458564,-1.0,120,4425,,False
5.148473070,-1.0,120,9488,,False
5.148483177,-1.0,120,8849,,False
5.148486275,-1.0,120,8797,,False
5.148564677,-1.0,121,2947,,False
5.148583359,-1.0,121,4015,,False
5.148610003,-1.0,121,4529,,False
5.148646075,-1.0,121,8313,,False
5.148977350,-1.0,121,8705,,False
5.149047613,-1.0,121,7596,,False
5.149058007,-1.0,121,7476,,False
5.149114747,-1.0,121,7779,,False
5.149144377,-1.0,121,6869,,False
5.149181133,-1.0,122,6675,,False
5.149219337,-1.0,122,8695,,False
5.149227374,-1.0,122,9888,,False
5.149230453,-1.0,122,9404,,False
5.149243775,-1.0,122,8255,,False
5.154240542,-1.0,122,7564,,False
5.154263477,-1.0,122,8021,,False
5.154297039,-1.0,122,6977,,False
5.154377271,-1.0,122,8782,,False
5.154415251,-1.0,122,7053,,False
5.154568453,-1.0,123,9204,,False
5.154684818,-1.0,123,9783,,False
5.154734726,-1.0,123,4112,,False
5.154830701,-1.0,123,3816,,False
5.155177963,-1.0,123,8660,,False
5.161188877,-1.0,123,3450,,False
5.161220340,-1.0,123,5080,,False
5.161222738,-1.0,123,4286,,False
5.161244387,-1.0,123,6699,,False
5.161245413,-1.0,124,4610,,False
5.161263566,-1.0,124,5282,,False
5.161267935,-1.0,124,4243,,False
5.161296092,-1.0,124,3505,,False
5.161301723,-1.0,124,5444,,False
5.161301864,-1.0,124,5487,,False
5.161479695,-1.0,124,5469,,False
5.161494859,-1.0,124,5349,,False
5.161497869,-1.0,124,4749,,False
5.161508400,-1.0,125,1560,,False
5.161568136,-1.0,125,6088,,False
5.161581913,-1.0,125,7774,,False
5.161622901,-1.0,125,5725,,False
5.161684421,-1.0,125,8544,,False
5.161694788,-1.0,125,6845,,False
5.161713009,-1.0,125,5009,,False
5.161714895,-1.0,125,5240,,False
5.161727420,-1.0,126,7242,,False
5.161733593,-1.0,126,5189,,False
5.161755718,-1.0,126,5347,,False
5.161819823,-1.0,126,1908,,False
5.161901963,-1.0,126,1895,,False
5.161953159,-1.0,126,4067,,False
5.161977751,-1.0,126,4829,,False
5.162212423,-1.0,126,2394,,False
5.162224044,-1.0,127,3714,,False
5.173521711,-1.0,127,9621,,False
19.18894939,-1.0,0,7438,,False
19.19074484,-1.0,0,6720,,False
19.19104359,-1.0,0,5169,,False
19.19118984,-1.0,0,5889,,False
19.19141325,-1.0,0,6230,,False
19.19153725,-1.0,0,2399,,False
19.19194806,-1.0,0,5790,,False
19.19391462,-1.0,0,9528,,False
19.19396350,-1.0,0,8743,,False
19.19408529,-1.0,0,7351,,False
19.19517709,-1.0,1,6571,,False
19.19675676,-1.0,1,8075,,False
19.21147777,-1.0,1,8643,,False
19.21296348,-1.0,1,9725,,False
19.21367271,-1.0,1,4388,,False
19.21410174,-1.0,1,4685,,False
19.21469054,-1.0,1,4668,,False
19.21532285,-1.0,1,4442,,False
19.21572983,-1.0,2,4006,,False
19.21709076,-1.0,2,5732,,False
19.21754988,-1.0,2,4597,,False
19.21774820,-1.0,2,3469,,False
19.21861562,-1.0,2,2553,,False
19.21955241,-1.0,3,4144,,False
19.22014759,-1.0,3,4104,,False
19.22027654,-1.0,3,5768,,False
19.22046455,-1.0,3,4719,,False
19.22082978,-1.0,3,3969,,False
19.22106711,-1.0,3,5160,,False
19.22432393,-1.0,3,9098,,False
19.23131906,-1.0,3,6663,,False
19.23147167,-1.0,4,7985,,False
19.23163004,-1.0,4,7418,,False
19.23218841,-1.0,4,5667,,False
19.23251431,-1.0,4,8949,,False
19.23389234,-1.0,4,8585,,False
19.23439266,-1.0,4,8365,,False
19.23456904,-1.0,4,8753,,False
19.23552246,-1.0,4,9384,,False
19.23655478,-1.0,4,9646,,False
19.23750133,-1.0,5,9245,,False
19.23942062,-1.0,5,7535,,False
19.24054334,-1.0,5,6746,,False
19.24142206,-1.0,5,1464,,False
19.24142393,-1.0,5,5057,,False
19.24144658,-1.0,5,808,,False
19.24151966,-1.0,5,223,,False
19.24219099,-1.0,6,240,,False
19.24243608,-1.0,6,194,,False
19.24274372,-1.0,6,3619,,False
19.24278379,-1.0,7,1445,,False
19.24310169,-1.0,7,307,,False
19.24314998,-1.0,7,275,,False
19.24316853,-1.0,7,1096,,False
19.24321261,-1.0,7,105,,False
19.24355893,-1.0,8,2122,,False
19.24382150,-1.0,8,1075,,False
19.24386618,-1.0,8,424,,False
19.24391643,-1.0,8,6006,,False
19.24392338,-1.0,8,2718,,False
19.24393412,-1.0,8,1798,,False
19.24398066,-1.0,8,625,,False
19.24403252,-1.0,8,1071,,False
19.24412415,-1.0,9,600,,False
19.24449264,-1.0,9,5340,,False
19.24449265,-1.0,9,839,,False
19.24479952,-1.0,9,927,,False
19.24487760,-1.0,9,742,,False
19.24511097,-1.0,10,4122,,False
19.24511386,-1.0,10,499,,False
19.24511947,-1.0,10,841,,False
19.24527846,-1.0,10,450,,False
19.24528707,-1.0,10,1024,,False
19.24546120,-1.0,10,741,,False
19.24588325,-1.0,10,1034,,False
19.24596656,-1.0,11,388,,False
19.24609131,-1.0,11,963,,False
19.24624646,-1.0,11,389,,False
19.24638264,-1.0,11,2574,,False
19.24663844,-1.0,11,442,,False
19.24673692,-1.0,11,877,,False
19.24696828,-1.0,11,664,,False
19.24715699,-1.0,11,546,,False
19.24717047,-1.0,12,1079,,False
19.24723067,-1.0,12,146,,False
19.24740548,-1.0,12,1055,,False
19.24756637,-1.0,12,609,,False
19.24761497,-1.0,12,537,,False
19.24763232,-1.0,12,627,,False
19.24767473,-1.0,12,957,,False
19.24785823,-1.0,12,522,,False
19.24872848,-1.0,12,1784,,False
19.24976810,-1.0,13,1304,,False
19.25006939,-1.0,13,5389,,False
19.25010270,-1.0,13,980,,False
19.25090369,-1.0,13,912,,False
19.25108680,-1.0,13,4323,,False
19.25279698,-1.0,13,8741,,False
19.25374706,-1.0,13,6729,,False
19.25387744,-1.0,14,9833,,False
19.25429761,-1.0,14,5504,,False
19.25433167,-1.0,14,4290,,False
19.25440452,-1.0,14,8181,,False
19.25449276,-1.0,14,9518,,False
19.25457819,-1.0,14,7846,,False
19.25458300,-1.0,14,2069,,False
19.25465851,-1.0,14,9347,,False
19.25477818,-1.0,15,7240,,False
19.25491010,-1.0,15,4854,,False
19.25509436,-1.0,15,9675,,False
19.25566613,-1.0,15,4172,,False
19.25570878,-1.0,15,6655,,False
19.25596715,-1.0,16,4127,,False
19.25625895,-1.0,16,2753,,False
19.25637504,-1.0,16,3879,,False
19.25670109,-1.0,16,3103,,False
19.25680879,-1.0,16,8649,,False
19.25681473,-1.0,16,2258,,False
19.25811439,-1.0,16,7699,,False
19.29780228,-1.0,17,8625,,False
19.29918771,-1.0,17,8843,,False
19.30145087,-1.0,17,6765,,False
19.30293672,-1.0,17,7101,,False
19.30312877,-1.0,17,6222,,False
19.30371938,-1.0,17,5610,,False
19.30442824,-1.0,18,9145,,False
19.30452250,-1.0,18,5234,,False
19.30492387,-1.0,18,4811,,False
19.30507081,-1.0,18,7905,,False
19.30522724,-1.0,18,7711,,False
19.30590984,-1.0,18,7144,,False
19.30705413,-1.0,19,5984,,False
19.30755058,-1.0,19,4260,,False
19.48406739,-1.0,19,5862,,False
19.48434334,-1.0,19,7479,,False
19.48441074,-1.0,19,8050,,False
19.48457234,-1.0,20,9771,,False
19.48465185,-1.0,20,4638,,False
19.48476071,-1.0,20,4765,,False
19.48491959,-1.0,20,8596,,False
19.48526728,-1.0,20,6893,,False
19.48533112,-1.0,20,3295,,False
19.48570714,-1.0,21,7865,,False
19.48572393,-1.0,21,4489,,False
19.48579512,-1.0,21,4296,,False
19.48581151,-1.0,21,8880,,False
19.48590581,-1.0,21,6912,,False
19.48614331,-1.0,21,7191,,False
19.48615193,-1.0,21,2884,,False
19.48635663,-1.0,21,6577,,False
19.48645394,-1.0,22,3445,,False
19.48676373,-1.0,22,6121,,False
19.48696090,-1.0,22,2950,,False
19.48714612,-1.0,22,4382,,False
19.48715938,-1.0,22,1840,,False
19.48740039,-1.0,22,1367,,False
19.48745554,-1.0,22,5089,,False
19.48773483,-1.0,22,3541,,False
19.48773966,-1.0,22,4050,,False
19.54664891,-1.0,22,4162,,False
19.55285074,-1.0,23,5300,,False
4.21823714,-1.0,0,5167,,False
4.21882345,-1.0,0,1535,,False
4.21889708,-1.0,0,1450,,False
4.21913703,-1.0,0,1414,,False
4.21914149,-1.0,0,1613,,False
4.21934432,-1.0,0,1549,,False
4.21955965,-1.0,0,2074,,False
4.22044775,-1.0,0,1341,,False
4.22098991,-1.0,0,2288,,False
4.22174611,-1.0,0,1562,,False
4.22181799,-1.0,1,3020,,False
4.22222996,-1.0,1,840,,False
4.22234788,-1.0,1,815,,False
4.22236911,-1.0,1,780,,False
4.22239130,-1.0,1,824,,False
4.22249781,-1.0,1,1118,,False
4.22289445,-1.0,1,1062,,False
4.22289673,-1.0,1,970,,False
4.22294288,-1.0,1,2988,,False
4.22309360,-1.0,2,1670,,False
4.22319248,-1.0,2,1957,,False
4.22331200,-1.0,2,2854,,False
4.22336099,-1.0,2,1381,,False
4.22336296,-1.0,2,1484,,False
4.22361270,-1.0,2,3979,,False
4.22413231,-1.0,3,3411,,False
4.22499077,-1.0,3,2468,,False
4.22553157,-1.0,3,1825,,False
4.22624733,-1.0,3,1684,,False
4.22696000,-1.0,3,1647,,False
4.22702295,-1.0,3,2116,,False
4.22737818,-1.0,3,2785,,False
4.22772959,-1.0,3,1528,,False
4.22785613,-1.0,3,1462,,False
4.22794621,-1.0,3,2272,,False
4.22961851,-1.0,4,1973,,False
4.23003794,-1.0,4,1891,,False
4.23005307,-1.0,4,1545,,False
4.23058227,-1.0,4,3436,,False
4.23095644,-1.0,4,1945,,False
4.23109105,-1.0,4,1527,,False
4.23139915,-1.0,4,3941,,False
4.23166225,-1.0,4,1793,,False
4.23170485,-1.0,4,1434,,False
4.23214326,-1.0,4,2698,,False
4.23226790,-1.0,5,3924,,False
4.23294743,-1.0,5,2339,,False
4.23307258,-1.0,5,2146,,False
4.23307802,-1.0,5,2922,,False
4.41065040,-1.0,5,4931,,False
4.41087331,-1.0,5,4800,,False
4.41149435,-1.0,5,4279,,False
4.41177716,-1.0,5,7126,,False
4.41242492,-1.0,5,5523,,False
4.64499600,-1.0,5,6710,,False
4.64574175,-1.0,6,8046,,False
4.71844088,-1.0,6,6735,,False
4.71847022,-1.0,6,5033,,False
4.71876092,-1.0,6,8704,,False
4.71890593,-1.0,6,5255,,False
4.71922715,-1.0,6,8102,,False
4.71950946,-1.0,6,9807,,False
4.71952923,-1.0,6,5770,,False
4.71966489,-1.0,6,4511,,False
4.71974877,-1.0,6,5027,,False
4.71992727,-1.0,7,5772,,False
4.72005117,-1.0,7,9739,,False
4.72025083,-1.0,7,7294,,False
4.72133045,-1.0,7,8352,,False
4.72189689,-1.0,7,7274,,False
4.72231328,-1.0,7,9692,,False
4.72238414,-1.0,7,4662,,False
4.72253684,-1.0,7,9205,,False
4.72513624,-1.0,7,6681,,False
4.72622536,-1.0,8,7170,,False
4.72665425,-1.0,8,5556,,False
4.72665449,-1.0,8,7324,,False
4.72706115,-1.0,8,7783,,False
4.72706402,-1.0,8,4742,,False
4.72731528,-1.0,8,4178,,False
4.72775411,-1.0,8,5403,,False
4.72937560,-1.0,8,7156,,False
4.72975268,-1.0,8,6755,,False
4.72979230,-1.0,8,8294,,False
4.73013824,-1.0,9,5699,,False
4.73052454,-1.0,9,9092,,False
4.73304294,-1.0,9,6890,,False
4.73311437,-1.0,9,8068,,False
4.73336394,-1.0,9,5990,,False
4.73352709,-1.0,9,5287,,False
4.73359598,-1.0,9,8890,,False
4.73373959,-1.0,9,9295,,False
4.73415477,-1.0,9,4692,,False
4.73471514,-1.0,10,9852,,False
4.73493208,-1.0,10,4618,,False
4.73506637,-1.0,10,9611,,False
4.73510456,-1.0,10,4449,,False
4.73527130,-1.0,10,5002,,False
4.73542375,-1.0,10,9880,,False
4.73550310,-1.0,10,4467,,False
4.73574546,-1.0,10,7335,,False
4.73586261,-1.0,11,8291,,False
4.73618433,-1.0,11,8312,,False
4.73647427,-1.0,11,6788,,False
4.73707590,-1.0,11,8199,,False
4.73740542,-1.0,11,9095,,False
4.73758196,-1.0,11,8426,,False
4.73775917,-1.0,11,9822,,False
4.73798523,-1.0,11,9304,,False
4.73854533,-1.0,11,8654,,False
4.74201646,-1.0,12,5250,,False
4.74248877,-1.0,12,9955,,False
4.74334271,-1.0,12,8342,,False
4.74354556,-1.0,12,8762,,False
4.74364599,-1.0,12,8081,,False
4.74377363,-1.0,12,9312,,False
4.74415179,-1.0,12,9989,,False
4.74420886,-1.0,12,9999,,False
4.74439644,-1.0,12,9360,,False
4.74463586,-1.0,12,9752,,False
4.74526284,-1.0,13,4145,,False
4.74540269,-1.0,13,4437,,False
4.74553414,-1.0,13,5260,,False
4.74558078,-1.0,13,8639,,False
4.74574273,-1.0,13,6151,,False
4.74581555,-1.0,13,5200,,False
4.74591520,-1.0,13,5897,,False
4.74605608,-1.0,13,6101,,False
4.74615026,-1.0,13,6966,,False
4.74632834,-1.0,14,7093,,False
4.74648064,-1.0,14,6835,,False
4.74681143,-1.0,14,6465,,False
4.74701625,-1.0,14,6418,,False
4.74734190,-1.0,14,5993,,False
4.74744612,-1.0,14,6256,,False
4.74754747,-1.0,14,6462,,False
4.74795217,-1.0,14,7763,,False
4.74822881,-1.0,14,7405,,False
4.74881893,-1.0,14,6695,,False
4.74921049,-1.0,15,7102,,False
4.74987809,-1.0,15,6834,,False
4.75011228,-1.0,15,5533,,False
4.75016685,-1.0,15,7434,,False
4.75032370,-1.0,15,7178,,False
4.75063210,-1.0,15,8169,,False
4.75078119,-1.0,15,5308,,False
4.75105207,-1.0,15,9376,,False
4.75147181,-1.0,15,9437,,False
4.75169756,-1.0,16,6011,,False
4.75217342,-1.0,16,5374,,False
4.75223718,-1.0,16,8844,,False
4.75292571,-1.0,16,5414,,False
4.75304269,-1.0,17,5463,,False
4.75340877,-1.0,17,9235,,False
4.75349536,-1.0,17,8517,,False
4.75351934,-1.0,17,5199,,False
4.75359465,-1.0,17,8586,,False
4.75369365,-1.0,17,5071,,False
4.75372446,-1.0,17,9603,,False
4.75384830,-1.0,17,7657,,False
4.75386871,-1.0,18,9948,,False
4.75399898,-1.0,18,4928,,False
4.75434798,-1.0,18,7630,,False
4.75438008,-1.0,18,5812,,False
4.75492642,-1.0,18,5514,,False
4.75500251,-1.0,18,8702,,False
4.75529951,-1.0,18,5801,,False
4.75538102,-1.0,18,8632,,False
4.75549511,-1.0,18,6342,,False
4.75568884,-1.0,18,6422,,False
4.75619823,-1.0,19,7401,,False
4.75624934,-1.0,19,8031,,False
4.75678255,-1.0,19,8467,,False
4.75686805,-1.0,19,8377,,False
4.75719106,-1.0,19,8128,,False
4.75758677,-1.0,19,9647,,False
4.75786295,-1.0,19,6840,,False
4.75794154,-1.0,19,6364,,False
4.75804058,-1.0,19,6534,,False
4.75834474,-1.0,20,8883,,False
4.75905005,-1.0,20,6807,,False
4.75952489,-1.0,20,4084,,False
4.75984734,-1.0,20,7838,,False
4.75992585,-1.0,20,4265,,False
4.76015093,-1.0,20,4985,,False
4.76056136,-1.0,20,4415,,False
4.76059508,-1.0,20,7722,,False
4.76081284,-1.0,20,8269,,False
4.76122675,-1.0,21,9188,,False
4.76131537,-1.0,21,9272,,False
4.76248362,-1.0,21,5132,,False
4.76295047,-1.0,21,5753,,False
4.76324698,-1.0,21,5991,,False
4.76365971,-1.0,21,3350,,False
4.76380105,-1.0,21,2247,,False
4.76385962,-1.0,21,2817,,False
4.76390245,-1.0,21,2366,,False
4.76428406,-1.0,22,3868,,False
4.76468921,-1.0,22,3889,,False
4.76525036,-1.0,22,6208,,False
4.76541072,-1.0,22,4331,,False
4.76610741,-1.0,22,4492,,False
4.76621151,-1.0,22,3398,,False
4.76636065,-1.0,22,3168,,False
4.76636251,-1.0,22,3377,,False
4.76684205,-1.0,22,9397,,False
4.76757966,-1.0,22,5197,,False
4.76764450,-1.0,23,2857,,False
4.76835334,-1.0,23,2940,,False
4.76869607,-1.0,23,3054,,False
4.76893835,-1.0,23,3629,,False
4.76896734,-1.0,23,2127,,False
4.76915097,-1.0,23,1989,,False
4.76961319,-1.0,23,2787,,False
4.76961332,-1.0,23,2164,,False
4.76999285,-1.0,23,3150,,False
4.77056704,-1.0,24,4395,,False
4.77201491,-1.0,24,900,,False
4.77376651,-1.0,24,2460,,False
4.77633571,-1.0,24,4350,,False
4.77672850,-1.0,24,2490,,False
4.77797343,-1.0,24,3644,,False
4.77818622,-1.0,24,2414,,False
4.77859351,-1.0,24,3134,,False
4.77903414,-1.0,24,2457,,False
4.77906590,-1.0,25,1454,,False
4.77906674,-1.0,25,2575,,False
4.77991673,-1.0,25,2226,,False
4.78036532,-1.0,25,2705,,False
4.78180526,-1.0,25,2708,,False
4.78183499,-1.0,25,1886,,False
4.78247573,-1.0,26,2530,,False
4.78260511,-1.0,26,2368,,False
4.78290067,-1.0,26,3773,,False
4.78290106,-1.0,26,3827,,False
4.78310251,-1.0,26,4519,,False
4.78373058,-1.0,26,3384,,False
4.78381118,-1.0,26,3676,,False
4.78432973,-1.0,27,3471,,False
4.78469672,-1.0,27,2407,,False
4.78471153,-1.0,27,3172,,False
4.78484428,-1.0,27,2962,,False
4.78499025,-1.0,27,3724,,False
4.78520069,-1.0,27,1898,,False
4.78527875,-1.0,27,709,,False
4.78537008,-1.0,27,5486,,False
4.78537018,-1.0,27,1474,,False
4.78563752,-1.0,27,1901,,False
4.78566235,-1.0,28,1926,,False
4.78596090,-1.0,28,2826,,False
4.78618827,-1.0,28,2092,,False
4.78619458,-1.0,28,2503,,False
4.78630335,-1.0,28,501,,False
4.78630706,-1.0,28,1745,,False
4.78631697,-1.0,28,2415,,False
4.78647164,-1.0,28,1940,,False
4.78658415,-1.0,28,5629,,False
4.78688950,-1.0,28,545,,False
4.78726981,-1.0,29,802,,False
4.78742195,-1.0,29,4291,,False
4.78750128,-1.0,29,5970,,False
4.78779260,-1.0,29,1691,,False
4.78788992,-1.0,29,466,,False
4.78794321,-1.0,29,1741,,False
4.78806765,-1.0,29,3483,,False
4.78830319,-1.0,30,2595,,False
4.78872729,-1.0,30,581,,False
4.78970517,-1.0,30,3065,,False
4.79014044,-1.0,30,3507,,False
4.79019408,-1.0,30,3633,,False
4.79035045,-1.0,30,2564,,False
4.79123192,-1.0,30,5091,,False
4.79242579,-1.0,30,3390,,False
4.79279739,-1.0,30,2703,,False
4.79280476,-1.0,30,2353,,False
4.79281515,-1.0,31,648,,False
4.79281583,-1.0,31,1179,,False
4.79305525,-1.0,31,1487,,False
4.79306186,-1.0,31,2958,,False
4.79321482,-1.0,31,667,,False
4.79321853,-1.0,31,2443,,False
4.79340344,-1.0,31,1855,,False
4.79340765,-1.0,31,3294,,False
4.79346364,-1.0,31,587,,False
4.79353133,-1.0,31,3316,,False
4.79357468,-1.0,32,491,,False
4.79361209,-1.0,32,1232,,False
4.79368139,-1.0,32,788,,False
4.79386580,-1.0,32,2546,,False
4.79433150,-1.0,32,2978,,False
4.79477612,-1.0,32,2421,,False
4.79486208,-1.0,32,3216,,False
4.79493055,-1.0,32,2730,,False
4.79519920,-1.0,32,1820,,False
4.79522649,-1.0,33,3553,,False
4.79529599,-1.0,33,2006,,False
4.79541361,-1.0,33,1286,,False
4.79549849,-1.0,33,3149,,False
4.79552224,-1.0,33,784,,False
4.79589093,-1.0,33,2719,,False
4.79597229,-1.0,33,2778,,False
4.79609126,-1.0,33,1021,,False
4.79610440,-1.0,33,737,,False
4.79624437,-1.0,33,3155,,False
4.79652505,-1.0,34,712,,False
4.79659967,-1.0,34,2688,,False
4.79673081,-1.0,34,785,,False
4.79684929,-1.0,34,1674,,False
4.79704182,-1.0,34,2975,,False
4.79717441,-1.0,34,749,,False
4.79739012,-1.0,34,2820,,False
4.79759158,-1.0,34,775,,False
4.79759847,-1.0,34,2717,,False
4.79774655,-1.0,34,876,,False
4.79778731,-1.0,35,1330,,False
4.79787711,-1.0,35,3361,,False
4.79798506,-1.0,35,1151,,False
4.79804658,-1.0,35,3334,,False
4.79812268,-1.0,35,2549,,False
4.79820525,-1.0,35,1108,,False
4.79821911,-1.0,35,3012,,False
4.79835234,-1.0,35,2780,,False
4.79837285,-1.0,36,1496,,False
4.79849684,-1.0,36,3055,,False
4.79850776,-1.0,36,2928,,False
4.79856794,-1.0,36,2152,,False
4.79856972,-1.0,36,4498,,False
4.79898731,-1.0,36,2306,,False
4.79899745,-1.0,36,3967,,False
4.79900022,-1.0,36,3452,,False
4.79904005,-1.0,36,1969,,False
4.79933033,-1.0,36,2623,,False
4.79935649,-1.0,37,827,,False
4.79949242,-1.0,37,3402,,False
4.79951990,-1.0,37,1113,,False
4.79967599,-1.0,37,3120,,False
4.79981352,-1.0,37,1379,,False
4.80009186,-1.0,37,3330,,False
4.80031560,-1.0,38,726,,False
4.80094566,-1.0,38,942,,False
4.80095530,-1.0,38,2346,,False
4.80106082,-1.0,38,3583,,False
4.80144994,-1.0,38,3894,,False
4.80152730,-1.0,38,2762,,False
4.80182679,-1.0,38,4375,,False
4.80183072,-1.0,39,3211,,False
4.80234096,-1.0,39,5154,,False
4.80255495,-1.0,39,4575,,False
4.80282202,-1.0,39,4245,,False
4.80287347,-1.0,39,5648,,False
4.80301424,-1.0,39,3609,,False
4.80301857,-1.0,39,4454,,False
4.80304730,-1.0,39,4137,,False
4.80313584,-1.0,39,3158,,False
4.80314823,-1.0,39,4358,,False
4.80317793,-1.0,40,4381,,False
4.80349577,-1.0,40,2246,,False
4.80381936,-1.0,40,4823,,False
4.80391963,-1.0,40,3865,,False
4.80393263,-1.0,40,2504,,False
4.80409825,-1.0,40,5019,,False
4.80413203,-1.0,40,3023,,False
4.80423111,-1.0,40,5095,,False
4.80425353,-1.0,40,4675,,False
4.80433654,-1.0,41,3127,,False
4.80434742,-1.0,41,3616,,False
4.80436839,-1.0,41,4062,,False
4.80468916,-1.0,41,1941,,False
4.80475231,-1.0,41,2379,,False
4.80482859,-1.0,41,4819,,False
4.80490378,-1.0,41,2453,,False
4.80490788,-1.0,41,1875,,False
4.80506935,-1.0,41,3286,,False
4.80513371,-1.0,41,799,,False
4.80534374,-1.0,42,4135,,False
4.80534398,-1.0,42,7441,,False
4.80569635,-1.0,42,4468,,False
4.80601154,-1.0,42,3521,,False
4.80608155,-1.0,42,6301,,False
4.80616719,-1.0,42,4355,,False
4.80623895,-1.0,42,2308,,False
4.80630245,-1.0,42,2989,,False
4.80660249,-1.0,42,7729,,False
4.80669119,-1.0,42,6297,,False
4.80683671,-1.0,43,7253,,False
4.80687902,-1.0,43,8812,,False
4.80692549,-1.0,43,6969,,False
4.80713377,-1.0,43,6920,,False
4.80720439,-1.0,43,5032,,False
4.80816914,-1.0,43,7608,,False
4.80831966,-1.0,43,7751,,False
4.80842395,-1.0,43,7749,,False
4.80846038,-1.0,43,8268,,False
4.80856746,-1.0,43,7547,,False
4.80858032,-1.0,44,7594,,False
4.80870918,-1.0,44,9040,,False
4.80896601,-1.0,44,8355,,False
4.80907758,-1.0,44,6743,,False
4.80928415,-1.0,44,8610,,False
4.80940461,-1.0,44,8088,,False
4.81065986,-1.0,45,8016,,False
4.81093642,-1.0,45,7469,,False
4.81098393,-1.0,45,6082,,False
4.81169994,-1.0,45,6691,,False
4.81173950,-1.0,45,7521,,False
4.81208413,-1.0,45,6682,,False
4.81238923,-1.0,45,8535,,False
4.81310835,-1.0,45,4351,,False
4.81322607,-1.0,45,8030,,False
4.99929099,-1.0,46,9250,,False
4.100140344,-1.0,46,9445,,False
4.100230069,-1.0,46,8309,,False
4.100274831,-1.0,46,7122,,False
4.100331337,-1.0,46,8687,,False
4.100372464,-1.0,46,9519,,False
4.100389552,-1.0,47,9116,,False
4.100513428,-1.0,47,9848,,False
4.100646541,-1.0,47,7578,,False
4.100843013,-1.0,47,8310,,False
4.101460248,-1.0,47,8191,,False
4.104109543,-1.0,47,9422,,False
4.104213527,-1.0,47,6823,,False
4.112486372,-1.0,47,1955,,False
4.112503398,-1.0,48,7480,,False
4.112523940,-1.0,48,2770,,False
4.112589575,-1.0,48,4077,,False
4.112661786,-1.0,48,5956,,False
4.112681523,-1.0,48,5694,,False
4.112694960,-1.0,48,6457,,False
4.112705733,-1.0,48,5987,,False
4.112731394,-1.0,48,6157,,False
4.112770959,-1.0,49,6515,,False
4.112841585,-1.0,49,7855,,False
4.112951765,-1.0,49,6668,,False
4.127882698,-1.0,49,9777,,False
4.128328056,-1.0,49,8226,,False
4.128373288,-1.0,49,7522,,False
4.128425098,-1.0,49,9283,,False
4.128436707,-1.0,49,9284,,False
4.128520263,-1.0,49,7936,,False
4.128520533,-1.0,49,8778,,False
4.128546102,-1.0,50,7510,,False
4.129171195,-1.0,50,9992,,False
4.129182992,-1.0,50,2721,,False
4.129183948,-1.0,50,3738,,False
4.129219480,-1.0,50,9706,,False
4.129234802,-1.0,50,7227,,False
4.129470340,-1.0,50,9678,,False
4.132093836,-1.0,50,5281,,False
4.132130722,-1.0,50,5749,,False
4.132177340,-1.0,50,6025,,False
4.132205548,-1.0,51,4539,,False
4.132247289,-1.0,51,5204,,False
4.132311586,-1.0,51,5455,,False
4.132353526,-1.0,51,4604,,False
4.132385915,-1.0,51,5735,,False
4.132401594,-1.0,51,5161,,False
4.132421466,-1.0,51,5329,,False
4.132494731,-1.0,51,6156,,False
4.132569031,-1.0,52,4544,,False
4.132627405,-1.0,52,8801,,False
4.132628984,-1.0,52,5233,,False
4.132658988,-1.0,52,8382,,False
4.132685911,-1.0,52,4353,,False
4.132686635,-1.0,52,3462,,False
4.132785791,-1.0,52,6904,,False
4.132863219,-1.0,52,5515,,False
4.132874130,-1.0,52,6271,,False
4.132899202,-1.0,52,6144,,False
4.132909926,-1.0,53,7366,,False
4.132951462,-1.0,53,9375,,False
4.132960349,-1.0,53,4763,,False
4.132998108,-1.0,53,6567,,False
4.133036937,-1.0,53,7802,,False
4.133041744,-1.0,53,6570,,False
4.133238440,-1.0,53,4844,,False
4.133405810,-1.0,54,8478,,False
4.133444035,-1.0,54,9570,,False
4.133491618,-1.0,54,8145,,False
4.133507054,-1.0,54,4887,,False
4.133515408,-1.0,54,6559,,False
4.133631703,-1.0,54,7265,,False
4.133636291,-1.0,54,8925,,False
4.133637976,-1.0,54,4936,,False
4.138917094,-1.0,54,8074,,False
4.138934139,-1.0,55,2374,,False
4.138935596,-1.0,55,5558,,False
4.139005527,-1.0,55,8599,,False
4.139005545,-1.0,55,3326,,False
4.139011978,-1.0,55,2435,,False
4.139014887,-1.0,55,7021,,False
4.139035063,-1.0,55,6996,,False
4.139041547,-1.0,55,3222,,False
4.139055492,-1.0,55,8531,,False
4.139079548,-1.0,55,4262,,False
4.139113117,-1.0,56,9055,,False
4.139161372,-1.0,56,9429,,False
4.139296830,-1.0,56,9408,,False
4.139575641,-1.0,56,5929,,False
4.139630822,-1.0,56,8350,,False
4.140310579,-1.0,56,5898,,False
4.140396898,-1.0,56,9496,,False
4.144693086,-1.0,56,8658,,False
4.144706034,-1.0,56,8444,,False
4.144820656,-1.0,56,7330,,False
4.144908311,-1.0,57,4421,,False
4.144909366,-1.0,57,4045,,False
4.144967611,-1.0,57,6652,,False
4.145095795,-1.0,57,6909,,False
4.145165944,-1.0,57,9268,,False
4.145166500,-1.0,57,6398,,False
4.145173119,-1.0,57,3974,,False
4.145224121,-1.0,57,7090,,False
4.145236330,-1.0,57,4795,,False
4.145307288,-1.0,57,7882,,False
4.145314770,-1.0,58,5093,,False
4.145337170,-1.0,58,8196,,False
4.145342395,-1.0,58,5257,,False
4.145387394,-1.0,58,9013,,False
4.145479385,-1.0,58,7624,,False
4.145802770,-1.0,58,6615,,False
4.145976674,-1.0,58,9858,,False
4.150213054,-1.0,58,5977,,False
4.150236577,-1.0,58,4822,,False
4.150325766,-1.0,59,7064,,False
4.150368452,-1.0,59,8540,,False
4.150371246,-1.0,59,9214,,False
4.150446817,-1.0,59,4824,,False
4.150493364,-1.0,59,8839,,False
4.150513836,-1.0,59,4920,,False
4.150520948,-1.0,59,4681,,False
4.150537689,-1.0,59,4324,,False
4.150551366,-1.0,59,3488,,False
4.150556321,-1.0,59,8975,,False
4.150565278,-1.0,60,5823,,False
4.150575198,-1.0,60,3594,,False
4.150579079,-1.0,60,9143,,False
4.150588805,-1.0,60,2715,,False
4.150589203,-1.0,60,7969,,False
4.151914818,-1.0,60,7609,,False
4.154523984,-1.0,60,7546,,False
4.154752713,-1.0,60,5943,,False
4.155234226,-1.0,60,8357,,False
4.155394085,-1.0,60,6863,,False
4.155465278,-1.0,61,9583,,False
4.155715142,-1.0,61,9722,,False
4.155919546,-1.0,61,6486,,False
4.155926533,-1.0,61,6592,,False
4.155941217,-1.0,61,5448,,False
4.155954246,-1.0,61,5449,,False
4.155963236,-1.0,61,5420,,False
4.156021078,-1.0,61,7834,,False
4.156060184,-1.0,61,9139,,False
4.156065201,-1.0,61,9182,,False
4.156109802,-1.0,62,8769,,False
4.156116322,-1.0,62,6861,,False
4.156142050,-1.0,62,7571,,False
4.156156575,-1.0,62,8473,,False
4.156181387,-1.0,62,9466,,False
4.156188567,-1.0,62,7735,,False
4.156247524,-1.0,62,8742,,False
4.156265771,-1.0,62,8326,,False
4.156297469,-1.0,62,6203,,False
4.156378199,-1.0,63,7531,,False
4.156385248,-1.0,63,7447,,False
4.156550323,-1.0,63,8263,,False
4.156575464,-1.0,63,7651,,False
4.156654916,-1.0,63,8025,,False
4.156692290,-1.0,63,7581,,False
4.156725080,-1.0,63,8041,,False
4.156971452,-1.0,63,8827,,False
4.157020822,-1.0,63,8369,,False
4.157082356,-1.0,63,5939,,False
4.157114712,-1.0,64,7797,,False
4.157146155,-1.0,64,6989,,False
4.157394855,-1.0,64,7193,,False
4.157394856,-1.0,64,6693,,False
4.157414653,-1.0,64,9349,,False
4.157482422,-1.0,64,5337,,False
4.157500905,-1.0,64,3940,,False
4.157502621,-1.0,64,4251,,False
4.157539958,-1.0,64,5817,,False
4.157609644,-1.0,65,5807,,False
4.157669365,-1.0,65,4865,,False
4.157669875,-1.0,65,4305,,False
4.157758894,-1.0,65,7287,,False
4.157799969,-1.0,65,8879,,False
4.157800465,-1.0,65,6285,,False
4.157885790,-1.0,65,6441,,False
4.157916351,-1.0,65,7081,,False
4.157942628,-1.0,66,8292,,False
4.157965998,-1.0,66,9884,,False
4.158006758,-1.0,66,9259,,False
4.158070177,-1.0,66,9350,,False
4.158130016,-1.0,66,6841,,False
4.158152923,-1.0,66,6867,,False
4.158167591,-1.0,66,9172,,False
4.158184442,-1.0,66,8663,,False
4.158198232,-1.0,66,8935,,False
4.158220370,-1.0,66,6740,,False
4.158244990,-1.0,67,7664,,False
4.158296232,-1.0,67,6673,,False
4.158352191,-1.0,67,9966,,False
4.158425799,-1.0,67,8311,,False
4.158498121,-1.0,67,6897,,False
4.158596293,-1.0,67,2655,,False
4.158664148,-1.0,67,8600,,False
4.158681343,-1.0,67,7471,,False
4.160006543,-1.0,67,4342,,False
4.160023762,-1.0,67,3715,,False
4.160059165,-1.0,68,3394,,False
4.160059191,-1.0,68,6015,,False
4.160080324,-1.0,68,8576,,False
4.160080914,-1.0,68,2213,,False
4.160092192,-1.0,68,5975,,False
4.160095736,-1.0,68,9550,,False
4.160101126,-1.0,68,7824,,False
4.160105598,-1.0,68,4756,,False
4.160130246,-1.0,68,7477,,False
4.160169822,-1.0,69,3388,,False
4.160225812,-1.0,69,7886,,False
4.160226646,-1.0,69,2742,,False
4.160245007,-1.0,69,7754,,False
4.160256282,-1.0,69,3834,,False
4.160285597,-1.0,69,4941,,False
4.160297504,-1.0,69,3972,,False
4.160387325,-1.0,69,5773,,False
4.160400617,-1.0,69,3653,,False
4.160433495,-1.0,69,4836,,False
4.160434593,-1.0,70,3499,,False
4.160472027,-1.0,70,5355,,False
4.160512724,-1.0,70,3917,,False
4.160520282,-1.0,70,6671,,False
4.160541393,-1.0,70,5464,,False
4.160679452,-1.0,70,3854,,False
4.160726578,-1.0,70,3114,,False
4.160746330,-1.0,70,2861,,False
4.160760655,-1.0,71,3010,,False
4.160760880,-1.0,71,4106,,False
4.160772876,-1.0,71,4278,,False
4.160776669,-1.0,71,2936,,False
4.160940204,-1.0,71,3331,,False
4.161738525,-1.0,71,7340,,False
4.161771319,-1.0,71,6232,,False
4.161808120,-1.0,71,6581,,False
4.161876925,-1.0,72,7987,,False
4.162026851,-1.0,72,2992,,False
4.166095935,-1.0,72,7948,,False
4.166182348,-1.0,72,6264,,False
4.166195614,-1.0,72,6541,,False
4.167058324,-1.0,72,7878,,False
4.167070657,-1.0,72,8555,,False
4.167079751,-1.0,72,8482,,False
4.167099404,-1.0,73,8679,,False
4.167157270,-1.0,73,5936,,False
4.167351150,-1.0,73,9492,,False
4.167360519,-1.0,73,9909,,False
4.167363415,-1.0,73,7656,,False
4.167494721,-1.0,73,8826,,False
4.167501435,-1.0,73,9187,,False
4.167504147,-1.0,73,8469,,False
4.167513411,-1.0,73,7964,,False
4.167541424,-1.0,74,6458,,False
4.167575813,-1.0,74,6306,,False
4.167607598,-1.0,74,7341,,False
4.167721379,-1.0,74,5406,,False
4.167727214,-1.0,74,9087,,False
4.167732019,-1.0,74,6597,,False
4.167857943,-1.0,74,7628,,False
4.168010983,-1.0,74,4808,,False
4.168166386,-1.0,75,3355,,False
4.168201468,-1.0,75,4585,,False
4.174049681,-1.0,75,9413,,False
4.174112881,-1.0,75,9331,,False
4.174190390,-1.0,75,9102,,False
4.174271942,-1.0,75,630,,False
4.174311035,-1.0,75,585,,False
4.174327710,-1.0,75,534,,False
4.178377265,-1.0,75,3432,,False
4.178410626,-1.0,75,2429,,False
4.178462183,-1.0,76,2991,,False
4.178490971,-1.0,76,2227,,False
4.178507786,-1.0,76,2274,,False
4.178574790,-1.0,76,3431,,False
4.178603117,-1.0,76,3321,,False
4.178674833,-1.0,76,3147,,False
4.178696947,-1.0,76,2495,,False
4.178742657,-1.0,76,3348,,False
4.178946041,-1.0,76,108,,False
4.179090075,-1.0,77,273,,False
4.179143324,-1.0,77,881,,False
4.179164752,-1.0,77,409,,False
4.179165444,-1.0,77,165,,False
4.179207572,-1.0,77,807,,False
4.179214144,-1.0,77,166,,False
4.179222545,-1.0,77,200,,False
4.179238655,-1.0,77,188,,False
4.179279026,-1.0,77,201,,False
4.179284045,-1.0,77,187,,False
4.179303832,-1.0,78,220,,False
4.179314214,-1.0,78,202,,False
4.179327089,-1.0,78,210,,False
4.179333250,-1.0,78,196,,False
4.179335527,-1.0,78,195,,False
4.179354486,-1.0,78,225,,False
4.179366245,-1.0,78,342,,False
4.179374054,-1.0,78,233,,False
4.179397659,-1.0,78,270,,False
4.179404038,-1.0,78,246,,False
4.179436916,-1.0,79,261,,False
4.179437778,-1.0,79,256,,False
4.179451649,-1.0,79,203,,False
4.179470526,-1.0,79,173,,False
4.179499914,-1.0,79,431,,False
4.179517583,-1.0,79,219,,False
4.179523322,-1.0,79,488,,False
4.179529456,-1.0,79,245,,False
4.179551539,-1.0,79,115,,False
4.179564585,-1.0,79,152,,False
4.179628086,-1.0,80,207,,False
4.179638287,-1.0,80,172,,False
4.179654440,-1.0,80,309,,False
4.179658418,-1.0,80,162,,False
4.179658647,-1.0,80,704,,False
4.179662245,-1.0,80,489,,False
4.179668166,-1.0,80,532,,False
4.179733655,-1.0,80,282,,False
4.179735153,-1.0,80,624,,False
4.179806399,-1.0,81,952,,False
4.179930636,-1.0,81,414,,False
4.180120306,-1.0,81,133,,False
4.180201855,-1.0,81,295,,False
4.180275480,-1.0,81,113,,False
4.180331707,-1.0,81,184,,False
4.180387378,-1.0,81,163,,False
4.180427030,-1.0,81,150,,False
4.180450319,-1.0,81,161,,False
4.180474412,-1.0,81,228,,False
4.180497796,-1.0,82,170,,False
4.180531712,-1.0,82,264,,False
4.180552893,-1.0,82,1003,,False
4.180635396,-1.0,82,177,,False
4.180673572,-1.0,82,3623,,False
4.180677370,-1.0,82,157,,False
4.180681764,-1.0,82,692,,False
4.180690268,-1.0,82,793,,False
4.180697664,-1.0,82,147,,False
4.180777020,-1.0,82,328,,False
4.180814184,-1.0,83,148,,False
4.180821496,-1.0,83,668,,False
4.180860511,-1.0,83,249,,False
4.180996389,-1.0,83,1351,,False
4.181299833,-1.0,83,631,,False
4.181462261,-1.0,83,7505,,False
3.3629089,-1.0,0,7263,,False
3.3666001,-1.0,0,8078,,False
3.3696780,-1.0,0,6065,,False
3.3794212,-1.0,0,8552,,False
3.3824887,-1.0,0,7070,,False
3.3863410,-1.0,0,9232,,False
3.4257213,-1.0,0,9780,,False
3.4266719,-1.0,0,8991,,False
3.4292589,-1.0,0,8995,,False
3.5063064,-1.0,1,8917,,False
3.5073278,-1.0,1,7553,,False
3.5080449,-1.0,1,7403,,False
3.5084571,-1.0,1,7637,,False
3.5099424,-1.0,1,8593,,False
3.5101726,-1.0,1,7968,,False
3.5268182,-1.0,2,9705,,False
3.5549958,-1.0,2,8271,,False
3.5666236,-1.0,2,8483,,False
3.5690789,-1.0,2,7736,,False
3.5783729,-1.0,2,8682,,False
3.5805094,-1.0,2,9584,,False
3.7767625,-1.0,2,9959,,False
3.7838766,-1.0,2,7676,,False
3.7888741,-1.0,2,7830,,False
3.8674830,-1.0,3,5797,,False
3.8846091,-1.0,3,5894,,False
3.8897713,-1.0,3,4013,,False
3.8976144,-1.0,4,6933,,False
3.9038696,-1.0,4,3934,,False
3.9118424,-1.0,4,5264,,False
3.9171190,-1.0,4,3731,,False
3.9492717,-1.0,4,5695,,False
3.9527036,-1.0,4,4688,,False
3.9582678,-1.0,5,5858,,False
3.9633608,-1.0,5,3648,,False
3.9662970,-1.0,5,5073,,False
3.10579003,-1.0,5,9745,,False
3.28561102,-1.0,5,8359,,False
3.28950778,-1.0,5,9806,,False
3.28968605,-1.0,5,7255,,False
3.39793580,-1.0,5,9324,,False
3.39880242,-1.0,5,9954,,False
3.39894961,-1.0,5,9257,,False
3.39941316,-1.0,6,7947,,False
3.39946899,-1.0,6,8800,,False
3.39957158,-1.0,6,9258,,False
3.39957637,-1.0,6,8698,,False
3.50728493,-1.0,6,7281,,False
3.50776467,-1.0,6,7556,,False
3.50794573,-1.0,6,8273,,False
3.50826940,-1.0,6,8616,,False
3.50856462,-1.0,6,9101,,False
3.50870079,-1.0,6,9451,,False
3.50919670,-1.0,7,9425,,False
3.51041629,-1.0,7,9741,,False
3.51099546,-1.0,7,7498,,False
3.51306586,-1.0,7,9515,,False
3.51386793,-1.0,7,7424,,False
3.56843398,-1.0,7,9607,,False
3.56905524,-1.0,7,8837,,False
3.57686233,-1.0,8,3910,,False
3.109786181,-1.0,8,1559,,False
3.109788325,-1.0,8,2295,,False
3.109793400,-1.0,8,1660,,False
3.109805761,-1.0,8,3265,,False
3.109813526,-1.0,8,1679,,False
3.109813535,-1.0,8,4705,,False
3.109834016,-1.0,8,4234,,False
3.109835559,-1.0,8,4423,,False
3.109843288,-1.0,9,2145,,False
3.109850213,-1.0,9,4275,,False
3.109855470,-1.0,9,1805,,False
3.109859568,-1.0,9,4027,,False
3.109862874,-1.0,9,1376,,False
3.109879787,-1.0,9,1529,,False
3.109905079,-1.0,9,1332,,False
3.109908688,-1.0,9,3920,,False
3.109909704,-1.0,9,2378,,False
3.109933397,-1.0,10,3446,,False
3.109942006,-1.0,10,1696,,False
3.109942598,-1.0,10,2040,,False
3.110011039,-1.0,10,1893,,False
3.110021181,-1.0,10,2004,,False
3.110022200,-1.0,10,1960,,False
3.110044553,-1.0,10,2812,,False
3.110050430,-1.0,10,2067,,False
3.110075779,-1.0,10,3204,,False
3.110101264,-1.0,11,3359,,False
3.110129915,-1.0,11,4030,,False
3.110130566,-1.0,11,4448,,False
3.110151640,-1.0,11,2484,,False
3.110162786,-1.0,12,4506,,False
3.110183957,-1.0,12,4273,,False
3.110188751,-1.0,12,1219,,False
3.110194023,-1.0,12,2171,,False
3.110196441,-1.0,12,1469,,False
3.110197355,-1.0,12,2619,,False
3.110218834,-1.0,12,1785,,False
3.110233117,-1.0,12,1654,,False
3.110250989,-1.0,12,1439,,False
3.110253216,-1.0,12,716,,False
3.110260650,-1.0,13,3805,,False
3.110266697,-1.0,13,3810,,False
3.110266843,-1.0,13,1405,,False
3.110278703,-1.0,13,3799,,False
3.110283205,-1.0,13,1596,,False
3.110307794,-1.0,13,680,,False
3.110323403,-1.0,13,666,,False
3.110326265,-1.0,13,1057,,False
3.110333296,-1.0,13,544,,False
3.110363055,-1.0,13,964,,False
3.110368915,-1.0,14,1211,,False
3.110398345,-1.0,14,496,,False
3.110402686,-1.0,14,3036,,False
3.110441488,-1.0,14,1139,,False
3.110489396,-1.0,14,1761,,False
3.110540063,-1.0,14,1111,,False
3.110554883,-1.0,14,1614,,False
3.110585857,-1.0,15,1847,,False
3.110588830,-1.0,15,3662,,False
3.110589286,-1.0,15,2748,,False
3.110606688,-1.0,15,2128,,False
3.110625834,-1.0,15,4566,,False
3.110633253,-1.0,15,1538,,False
3.110646438,-1.0,15,1189,,False
3.110646455,-1.0,16,2243,,False
3.110693727,-1.0,16,797,,False
3.110698544,-1.0,16,2607,,False
3.110718788,-1.0,16,3038,,False
3.110720127,-1.0,16,1857,,False
3.110720931,-1.0,16,1651,,False
3.110744289,-1.0,16,2567,,False
3.110747995,-1.0,16,2022,,False
3.110761715,-1.0,16,1402,,False
3.110764103,-1.0,16,1249,,False
3.110773773,-1.0,17,2205,,False
3.110781411,-1.0,17,3585,,False
3.110781464,-1.0,17,3107,,False
3.110796943,-1.0,17,2282,,False
3.110801862,-1.0,17,1991,,False
3.110815098,-1.0,17,1993,,False
3.110817755,-1.0,17,2695,,False
3.110894745,-1.0,17,2832,,False
3.110929703,-1.0,17,2706,,False
3.110932050,-1.0,17,3360,,False
3.110961457,-1.0,18,2031,,False
3.111007093,-1.0,18,2298,,False
3.111019603,-1.0,18,1768,,False
3.111022181,-1.0,18,1471,,False
3.111033085,-1.0,18,1274,,False
3.111034732,-1.0,18,1996,,False
3.111054256,-1.0,18,3349,,False
3.111057107,-1.0,18,1296,,False
3.111093934,-1.0,19,2264,,False
3.111099088,-1.0,19,2012,,False
3.111108968,-1.0,19,977,,False
3.111109097,-1.0,19,1331,,False
3.111132402,-1.0,19,3832,,False
3.111138158,-1.0,19,5739,,False
3.111141474,-1.0,20,4365,,False
3.111344453,-1.0,20,1763,,False
3.111360099,-1.0,20,2693,,False
3.111403827,-1.0,20,1546,,False
3.111446447,-1.0,21,2839,,False
3.111470646,-1.0,21,2059,,False
3.111560870,-1.0,21,3206,,False
3.111599597,-1.0,21,1599,,False
3.111605491,-1.0,21,1652,,False
3.111605849,-1.0,21,2344,,False
3.111633452,-1.0,21,4810,,False
3.111635944,-1.0,21,2859,,False
3.111636041,-1.0,21,3806,,False
3.111657623,-1.0,22,2005,,False
3.111662803,-1.0,22,2361,,False
3.111682267,-1.0,22,1731,,False
3.111692828,-1.0,22,2214,,False
3.111710269,-1.0,22,3592,,False
3.111735955,-1.0,22,1410,,False
3.111750171,-1.0,22,1917,,False
3.111772051,-1.0,22,3863,,False
3.111774965,-1.0,22,2578,,False
3.111793133,-1.0,23,2580,,False
3.111807552,-1.0,23,1551,,False
3.111829276,-1.0,23,3655,,False
3.111841092,-1.0,23,1584,,False
3.111874793,-1.0,23,2199,,False
3.111881000,-1.0,23,1148,,False
3.111884011,-1.0,23,2042,,False
3.111892406,-1.0,24,1123,,False
3.111894909,-1.0,24,2338,,False
3.111910003,-1.0,24,2464,,False
3.111953025,-1.0,24,3721,,False
3.111954440,-1.0,24,1882,,False
3.111969486,-1.0,24,694,,False
3.111973228,-1.0,25,3666,,False
3.111980495,-1.0,25,1977,,False
3.111985047,-1.0,25,3740,,False
3.111992304,-1.0,25,487,,False
3.112025481,-1.0,25,477,,False
3.112113728,-1.0,26,4376,,False
3.112170145,-1.0,26,708,,False
3.112175156,-1.0,26,3802,,False
3.112195152,-1.0,26,883,,False
3.112203648,-1.0,26,365,,False
3.112225747,-1.0,26,915,,False
3.112248561,-1.0,26,2746,,False
3.112249279,-1.0,26,3123,,False
3.112288361,-1.0,26,541,,False
3.112294735,-1.0,27,1048,,False
3.112311024,-1.0,27,3823,,False
3.112316689,-1.0,27,2309,,False
3.112353564,-1.0,27,506,,False
3.112362375,-1.0,27,1157,,False
3.112432385,-1.0,27,3821,,False
3.112462844,-1.0,27,3069,,False
3.112471228,-1.0,27,965,,False
3.112479344,-1.0,27,1659,,False
3.112483051,-1.0,27,1625,,False
3.112490615,-1.0,28,378,,False
3.112666604,-1.0,28,1629,,False
3.112674029,-1.0,28,748,,False
3.112687456,-1.0,28,1342,,False
3.112688368,-1.0,28,3152,,False
3.112703133,-1.0,28,2932,,False
3.112722508,-1.0,28,2674,,False
3.112722550,-1.0,28,321,,False
3.112736760,-1.0,28,893,,False
3.112751667,-1.0,29,323,,False
3.112752403,-1.0,29,643,,False
3.112757847,-1.0,29,2456,,False
3.112771231,-1.0,29,1672,,False
3.112794656,-1.0,29,2644,,False
3.132240255,-1.0,29,5206,,False
3.134336017,-1.0,29,8772,,False
3.134348483,-1.0,30,9576,,False
3.134607961,-1.0,30,7518,,False
3.134640371,-1.0,30,8685,,False
3.134687361,-1.0,30,8506,,False
3.134780961,-1.0,30,9605,,False
3.134936692,-1.0,30,9082,,False
3.135694426,-1.0,30,8968,,False
3.135708817,-1.0,31,8622,,False
3.135759020,-1.0,31,5758,,False
3.135818167,-1.0,31,5441,,False
3.136032337,-1.0,31,9821,,False
3.136092881,-1.0,31,8936,,False
3.136165936,-1.0,31,5978,,False
3.136322797,-1.0,32,8943,,False
3.136339937,-1.0,32,9125,,False
3.136358920,-1.0,32,8747,,False
3.136388429,-1.0,32,8267,,False
3.136394131,-1.0,32,9378,,False
3.136410597,-1.0,32,7119,,False
3.136416842,-1.0,32,7459,,False
3.136448343,-1.0,32,8455,,False
3.136492861,-1.0,32,128,,False
3.136495009,-1.0,33,7437,,False
3.136545587,-1.0,33,1328,,False
3.136646760,-1.0,33,232,,False
3.136665006,-1.0,33,7634,,False
3.136666598,-1.0,33,4237,,False
3.136674530,-1.0,33,341,,False
3.136697747,-1.0,34,9412,,False
3.136707086,-1.0,34,6218,,False
3.136708912,-1.0,34,415,,False
3.136723529,-1.0,34,6950,,False
3.136727955,-1.0,34,274,,False
3.136739219,-1.0,34,8293,,False
3.136746916,-1.0,34,6052,,False
3.136752035,-1.0,34,271,,False
3.136757216,-1.0,34,7174,,False
3.136766806,-1.0,34,8574,,False
3.136779867,-1.0,35,7223,,False
3.136782441,-1.0,35,258,,False
3.136803484,-1.0,35,6191,,False
3.136808779,-1.0,35,218,,False
3.136808830,-1.0,35,9670,,False
3.136812663,-1.0,35,6724,,False
3.136847854,-1.0,35,6858,,False
3.136854035,-1.0,35,278,,False
3.136861248,-1.0,35,7218,,False
3.136880852,-1.0,35,8944,,False
3.136886210,-1.0,36,5680,,False
3.136888778,-1.0,36,7030,,False
3.136903934,-1.0,36,7139,,False
3.136905127,-1.0,36,5312,,False
3.136905386,-1.0,36,5820,,False
3.136912169,-1.0,36,237,,False
3.136927174,-1.0,36,243,,False
3.136932789,-1.0,36,5553,,False
3.136948686,-1.0,36,6452,,False
3.136949980,-1.0,36,7929,,False
3.136963122,-1.0,37,6575,,False
3.136968358,-1.0,37,7314,,False
3.136970491,-1.0,37,6149,,False
3.136981213,-1.0,37,7232,,False
3.136981490,-1.0,37,231,,False
3.136986331,-1.0,37,5822,,False
3.136993868,-1.0,37,8950,,False
3.137001681,-1.0,38,4131,,False
3.137086468,-1.0,38,5924,,False
3.137113537,-1.0,38,8751,,False
3.137146444,-1.0,38,8318,,False
3.137146532,-1.0,38,7087,,False
3.137231245,-1.0,38,211,,False
3.137261277,-1.0,38,348,,False
3.137269027,-1.0,38,302,,False
3.137307463,-1.0,39,472,,False
3.137315008,-1.0,39,325,,False
3.137371737,-1.0,39,592,,False
3.137378577,-1.0,39,419,,False
3.137420909,-1.0,39,738,,False
3.137422758,-1.0,39,392,,False
3.137534360,-1.0,39,1460,,False
3.137535606,-1.0,39,787,,False
3.137571533,-1.0,39,523,,False
3.137587877,-1.0,40,1191,,False
3.137596518,-1.0,40,633,,False
3.137619812,-1.0,40,1067,,False
3.137626962,-1.0,40,690,,False
3.137674098,-1.0,40,699,,False
3.137674128,-1.0,40,1165,,False
3.137701759,-1.0,40,1225,,False
3.137713366,-1.0,40,1116,,False
3.137777682,-1.0,40,589,,False
3.137821297,-1.0,40,1413,,False
3.137880932,-1.0,41,683,,False
3.137894045,-1.0,41,555,,False
3.137980556,-1.0,41,1208,,False
3.138060683,-1.0,41,2779,,False
3.138134258,-1.0,41,1716,,False
3.138150361,-1.0,41,605,,False
3.138160783,-1.0,41,1475,,False
3.138182694,-1.0,41,495,,False
3.138218923,-1.0,41,1411,,False
3.138229785,-1.0,41,786,,False
3.138267773,-1.0,42,1586,,False
3.138269126,-1.0,42,847,,False
3.138536339,-1.0,42,703,,False
3.138555064,-1.0,42,401,,False
3.138583511,-1.0,42,897,,False
3.138602361,-1.0,42,865,,False
3.138606868,-1.0,42,1182,,False
3.138684545,-1.0,42,2764,,False
3.138711689,-1.0,42,776,,False
3.138729881,-1.0,43,2063,,False
3.138752434,-1.0,43,2062,,False
3.138774641,-1.0,43,929,,False
3.138811028,-1.0,43,1459,,False
3.138867703,-1.0,43,1097,,False
3.138883162,-1.0,43,2446,,False
3.138904457,-1.0,43,1224,,False
3.138945939,-1.0,43,997,,False
3.138976206,-1.0,44,3170,,False
3.139027170,-1.0,44,1382,,False
3.139056162,-1.0,44,3117,,False
3.139069172,-1.0,44,1757,,False
3.139080382,-1.0,44,4507,,False
3.139120923,-1.0,44,1923,,False
3.139165843,-1.0,44,1894,,False
3.139167214,-1.0,44,3634,,False
3.139169058,-1.0,44,4785,,False
3.149315615,-1.0,45,2496,,False
3.161774150,-1.0,45,7962,,False
3.168965461,-1.0,45,5664,,False
3.168980129,-1.0,45,7640,,False
3.168986720,-1.0,45,7643,,False
3.169062183,-1.0,46,8701,,False
3.169488176,-1.0,46,7841,,False
3.169506235,-1.0,46,6712,,False
3.169690414,-1.0,46,9671,,False
3.172131647,-1.0,47,3887,,False
3.172223714,-1.0,47,6826,,False
3.172391584,-1.0,47,8440,,False
3.172507800,-1.0,47,6736,,False
3.172615407,-1.0,47,9044,,False
3.172672467,-1.0,47,7430,,False
3.172706091,-1.0,47,9138,,False
18.1038227,-1.0,0,8166,,False
18.1136600,-1.0,0,8964,,False
18.1298320,-1.0,0,6284,,False
18.1395470,-1.0,0,6854,,False
18.1396619,-1.0,0,9765,,False
18.1425619,-1.0,1,9614,,False
18.1462612,-1.0,1,5153,,False
18.1535499,-1.0,1,6799,,False
18.1575674,-1.0,1,7743,,False
18.1593281,-1.0,1,7792,,False
18.1692067,-1.0,1,4034,,False
18.1721684,-1.0,1,2452,,False
18.1796039,-1.0,1,3333,,False
18.1836280,-1.0,2,3310,,False
18.1888431,-1.0,2,3530,,False
18.1890290,-1.0,2,3745,,False
18.1919510,-1.0,2,3603,,False
18.1973613,-1.0,2,3831,,False
18.2026241,-1.0,2,3997,,False
18.2027652,-1.0,2,6060,,False
18.2113737,-1.0,2,3737,,False
18.2126447,-1.0,3,3410,,False
18.2141437,-1.0,3,5393,,False
18.2221752,-1.0,3,2838,,False
18.2233719,-1.0,3,6448,,False
18.2323243,-1.0,3,3378,,False
18.2440331,-1.0,4,5035,,False
18.2441489,-1.0,4,9652,,False
18.11869704,-1.0,4,8613,,False
18.12305299,-1.0,4,8588,,False
18.12551672,-1.0,4,9165,,False
18.12632049,-1.0,4,9702,,False
18.21637957,-1.0,4,9863,,False
18.21713996,-1.0,4,4910,,False
18.21714784,-1.0,5,2888,,False
18.21735981,-1.0,5,9263,,False
18.23083698,-1.0,5,9068,,False
18.23116883,-1.0,5,6551,,False
18.23138989,-1.0,5,1877,,False
18.23166732,-1.0,5,5066,,False
18.23221760,-1.0,5,4153,,False
18.23897785,-1.0,6,5882,,False
18.23925251,-1.0,6,5551,,False
18.23952463,-1.0,6,6994,,False
18.23996541,-1.0,6,6929,,False
18.24016027,-1.0,6,6162,,False
18.25192796,-1.0,6,1948,,False
18.25255873,-1.0,6,2078,,False
18.25399085,-1.0,6,3037,,False
18.25415148,-1.0,6,8375,,False
18.25451455,-1.0,7,2551,,False
18.25498157,-1.0,7,4255,,False
18.25609235,-1.0,7,3679,,False
18.25689830,-1.0,7,2784,,False
18.25712274,-1.0,7,3269,,False
18.25774019,-1.0,7,3987,,False
18.25797570,-1.0,7,3551,,False
18.25882015,-1.0,8,3472,,False
18.25899828,-1.0,8,3260,,False
18.25919894,-1.0,8,3072,,False
18.26900965,-1.0,8,717,,False
18.26940244,-1.0,8,320,,False
18.27220650,-1.0,8,565,,False
18.30507454,-1.0,9,5893,,False
18.30511716,-1.0,9,8848,,False
18.32194938,-1.0,9,2021,,False
18.32237170,-1.0,9,2286,,False
18.32252663,-1.0,10,1954,,False
18.32268105,-1.0,10,1261,,False
18.32316331,-1.0,10,136,,False
18.32379136,-1.0,10,9934,,False
18.32753070,-1.0,10,8982,,False
18.33128058,-1.0,10,7095,,False
18.33668751,-1.0,10,8640,,False
18.34286808,-1.0,10,9694,,False
18.34322318,-1.0,10,8288,,False
18.34397659,-1.0,10,9523,,False
18.34659433,-1.0,11,8795,,False
18.34746731,-1.0,11,8889,,False
18.46632436,-1.0,11,5246,,False
18.47236207,-1.0,11,6212,,False
18.47705506,-1.0,11,9364,,False
18.47726543,-1.0,12,7394,,False
18.64235068,-1.0,12,9167,,False
18.65325399,-1.0,12,9767,,False
18.65532814,-1.0,12,9978,,False
18.65584961,-1.0,12,6637,,False
18.69512144,-1.0,13,7692,,False
18.69870985,-1.0,13,4344,,False
18.69914973,-1.0,13,5044,,False
18.70069600,-1.0,13,9534,,False
18.70117099,-1.0,13,7226,,False
18.70122757,-1.0,13,9253,,False
18.70811406,-1.0,13,8906,,False
18.72421031,-1.0,13,9276,,False
18.72751765,-1.0,14,7710,,False
18.73766023,-1.0,14,9115,,False
18.73908511,-1.0,14,9851,,False
18.74024930,-1.0,14,8672,,False
18.74123005,-1.0,14,9280,,False
18.75898293,-1.0,14,9947,,False
18.79603227,-1.0,14,9152,,False
18.80850641,-1.0,14,9469,,False
18.80955092,-1.0,14,9736,,False
18.80972912,-1.0,14,9747,,False
18.80974634,-1.0,15,6477,,False
18.81404001,-1.0,15,9325,,False
18.81498757,-1.0,15,9326,,False
18.81510539,-1.0,15,9327,,False
18.81591774,-1.0,15,8791,,False
18.81706056,-1.0,15,8684,,False
18.81761184,-1.0,15,8993,,False
18.81795726,-1.0,16,9377,,False
18.81795763,-1.0,16,9805,,False
18.81907813,-1.0,16,8020,,False
18.81999569,-1.0,16,6299,,False
18.82346524,-1.0,16,8573,,False
18.82548865,-1.0,16,9266,,False
18.82762885,-1.0,16,7908,,False
18.83062328,-1.0,17,8069,,False
18.83074507,-1.0,17,6993,,False
18.83211594,-1.0,17,9164,,False
18.83263897,-1.0,17,8784,,False
18.83295935,-1.0,17,9335,,False
18.83303160,-1.0,18,9339,,False
18.83311637,-1.0,18,9269,,False
18.83335616,-1.0,18,9352,,False
18.83355661,-1.0,18,9231,,False
18.83402618,-1.0,18,8895,,False
18.83417929,-1.0,18,9099,,False
18.83424886,-1.0,18,7062,,False
18.83436266,-1.0,19,9225,,False
18.83686125,-1.0,19,6429,,False
18.83737203,-1.0,19,6883,,False
18.83823389,-1.0,19,9838,,False
18.83823822,-1.0,19,6644,,False
18.84131557,-1.0,20,9333,,False
18.84263073,-1.0,20,6539,,False
18.84315514,-1.0,20,7906,,False
18.84343664,-1.0,20,7032,,False
18.84381785,-1.0,21,8758,,False
18.84389021,-1.0,21,9123,,False
18.84400777,-1.0,21,8496,,False
18.84406731,-1.0,21,8874,,False
18.84409601,-1.0,21,9849,,False
18.84609561,-1.0,21,7448,,False
18.84643420,-1.0,21,7811,,False
18.84657855,-1.0,21,7789,,False
18.84663506,-1.0,21,7765,,False
18.84672566,-1.0,21,7910,,False
18.84848301,-1.0,22,6435,,False
18.84859493,-1.0,22,6453,,False
18.84893114,-1.0,22,8272,,False
18.84961668,-1.0,22,5681,,False
18.84971381,-1.0,22,7713,,False
18.84985340,-1.0,22,8121,,False
18.85012652,-1.0,22,6598,,False
18.85054071,-1.0,22,5779,,False
18.85057736,-1.0,23,5651,,False
18.85240008,-1.0,23,6362,,False
18.85281311,-1.0,23,6640,,False
18.85291877,-1.0,23,6434,,False
18.85305082,-1.0,23,5661,,False
18.85313184,-1.0,23,5612,,False
18.85359074,-1.0,23,5350,,False
18.85476019,-1.0,23,7851,,False
18.85534223,-1.0,23,8817,,False
18.85580254,-1.0,23,8885,,False
18.85592129,-1.0,24,2681,,False
18.85784100,-1.0,24,7732,,False
18.85786580,-1.0,24,8337,,False
18.85853703,-1.0,24,6635,,False
18.86129179,-1.0,24,7599,,False
18.86211876,-1.0,24,7251,,False
18.86318468,-1.0,24,7244,,False
18.86349236,-1.0,24,8089,,False
18.86364906,-1.0,24,9561,,False
18.86497741,-1.0,25,7760,,False
18.86533890,-1.0,25,7460,,False
18.86640385,-1.0,25,7461,,False
18.86683376,-1.0,25,5617,,False
18.87080196,-1.0,25,7497,,False
18.87133634,-1.0,25,7690,,False
18.87185386,-1.0,25,7435,,False
18.87190868,-1.0,25,6313,,False
2.31641235,-1.0,0,8113,,False
2.31667357,-1.0,0,9056,,False
2.31706464,-1.0,0,7121,,False
2.31706571,-1.0,0,8924,,False
2.31742711,-1.0,0,8035,,False
2.31805956,-1.0,0,2079,,False
2.31896647,-1.0,0,4574,,False
2.31928161,-1.0,0,4843,,False
2.34067401,-1.0,0,9155,,False
2.34224564,-1.0,0,7325,,False
2.34873613,-1.0,1,9939,,False
2.34968990,-1.0,1,8550,,False
2.35002644,-1.0,1,7591,,False
2.35782903,-1.0,1,8433,,False
2.36858071,-1.0,1,7737,,False
2.39759551,-1.0,1,9626,,False
2.39845884,-1.0,2,8485,,False
2.39943710,-1.0,2,7304,,False
2.40453161,-1.0,2,9801,,False
2.40605077,-1.0,2,4303,,False
2.40649271,-1.0,2,4790,,False
2.40751228,-1.0,2,4988,,False
2.41488965,-1.0,2,8910,,False
2.41498639,-1.0,2,8866,,False
2.41653595,-1.0,2,7365,,False
2.42792673,-1.0,3,7816,,False
2.42814013,-1.0,3,4229,,False
2.42990661,-1.0,3,9374,,False
2.43007240,-1.0,3,8276,,False
2.43080400,-1.0,3,9635,,False
2.43158791,-1.0,3,9683,,False
2.43268412,-1.0,3,7960,,False
2.43301755,-1.0,3,5927,,False
2.43526292,-1.0,3,4713,,False
2.43642239,-1.0,3,4150,,False
2.43643030,-1.0,4,1612,,False
2.43652210,-1.0,4,1748,,False
2.43668088,-1.0,4,4631,,False
2.43668478,-1.0,4,1384,,False
2.43698858,-1.0,4,2358,,False
2.43783444,-1.0,4,2182,,False
2.43853466,-1.0,5,4272,,False
2.44095907,-1.0,5,3877,,False
2.44129028,-1.0,5,5479,,False
2.44172488,-1.0,5,3881,,False
2.44205440,-1.0,5,4909,,False
2.45756795,-1.0,5,7799,,False
2.46902625,-1.0,5,9389,,False
2.46979583,-1.0,5,6902,,False
2.47135065,-1.0,5,3652,,False
2.47195797,-1.0,5,8661,,False
2.47207905,-1.0,6,8361,,False
2.47210804,-1.0,6,8594,,False
2.47271842,-1.0,6,7709,,False
2.47283500,-1.0,6,3789,,False
2.47308478,-1.0,6,5492,,False
2.47337662,-1.0,6,9661,,False
2.47341347,-1.0,6,4133,,False
2.47409745,-1.0,6,4608,,False
2.47410522,-1.0,6,9826,,False
2.47423656,-1.0,6,3493,,False
2.47444858,-1.0,7,2862,,False
2.47483022,-1.0,7,5510,,False
2.47675100,-1.0,7,3866,,False
2.47769754,-1.0,7,2590,,False
2.47801636,-1.0,7,9111,,False
2.47810057,-1.0,7,1112,,False
2.47959251,-1.0,7,2501,,False
2.48183421,-1.0,8,1858,,False
2.48219855,-1.0,8,1615,,False
2.48362345,-1.0,8,4297,,False
2.48371297,-1.0,8,5458,,False
2.48408034,-1.0,8,1175,,False
2.48426197,-1.0,8,1121,,False
2.48473993,-1.0,8,1838,,False
2.48512092,-1.0,8,2803,,False
2.48562257,-1.0,8,6785,,False
2.48562680,-1.0,8,2624,,False
2.48583912,-1.0,9,3056,,False
2.48616495,-1.0,9,4884,,False
2.48649210,-1.0,9,4603,,False
2.48674082,-1.0,9,3358,,False
2.48769279,-1.0,9,3091,,False
2.48778691,-1.0,9,6490,,False
2.48804041,-1.0,9,6816,,False
2.48804232,-1.0,9,3839,,False
2.49112678,-1.0,9,3552,,False
2.49122386,-1.0,10,4356,,False
2.49154071,-1.0,10,4482,,False
2.49623136,-1.0,10,6726,,False
2.49720018,-1.0,10,4815,,False
2.49754375,-1.0,10,5910,,False
2.49773048,-1.0,10,5784,,False
2.49782413,-1.0,11,7047,,False
2.49789582,-1.0,11,5342,,False
2.49819029,-1.0,11,9365,,False
2.49891798,-1.0,11,7043,,False
2.50119318,-1.0,11,4319,,False
2.50151735,-1.0,11,7918,,False
2.50166606,-1.0,11,6662,,False
2.50214242,-1.0,11,6591,,False
2.50314754,-1.0,11,5409,,False
2.50357897,-1.0,11,6450,,False
2.50405733,-1.0,12,6093,,False
2.50418334,-1.0,12,4169,,False
2.50476227,-1.0,12,5065,,False
2.50489645,-1.0,12,7974,,False
2.50498181,-1.0,12,2754,,False
2.50507048,-1.0,12,8236,,False
2.50535445,-1.0,12,5633,,False
2.50548745,-1.0,12,5630,,False
2.54069443,-1.0,12,8620,,False
2.54300486,-1.0,13,6323,,False
2.54306958,-1.0,13,8554,,False
2.54411497,-1.0,13,6621,,False
2.54432969,-1.0,13,4328,,False
2.54460491,-1.0,13,3808,,False
2.54480512,-1.0,13,6649,,False
2.54548705,-1.0,13,2382,,False
2.54560586,-1.0,13,3926,,False
2.54605017,-1.0,13,3659,,False
2.54635194,-1.0,14,4781,,False
2.54657423,-1.0,14,3413,,False
2.54679429,-1.0,14,3267,,False
2.54731675,-1.0,14,6131,,False
2.54786423,-1.0,14,5438,,False
2.54839937,-1.0,14,5619,,False
2.54911637,-1.0,14,6308,,False
2.54941199,-1.0,14,6190,,False
2.54970102,-1.0,14,7604,,False
2.55032180,-1.0,15,5724,,False
2.55145216,-1.0,15,5268,,False
2.55208279,-1.0,15,7612,,False
2.55319547,-1.0,15,8537,,False
2.55419821,-1.0,15,7682,,False
2.57044586,-1.0,15,5899,,False
2.57386477,-1.0,15,7570,,False
2.57386662,-1.0,15,4267,,False
2.59035241,-1.0,15,9314,,False
2.59059457,-1.0,15,3473,,False
2.59193685,-1.0,16,8774,,False
2.59195033,-1.0,16,4394,,False
2.59213943,-1.0,16,7261,,False
2.59485300,-1.0,16,9839,,False
2.59576221,-1.0,16,9351,,False
2.59620707,-1.0,16,9710,,False
2.60107183,-1.0,16,2269,,False
2.60122193,-1.0,16,8556,,False
2.60128469,-1.0,16,2925,,False
2.60161835,-1.0,16,3516,,False
2.60214985,-1.0,17,3905,,False
2.60226369,-1.0,17,4635,,False
2.60321037,-1.0,17,1714,,False
2.60369524,-1.0,17,2210,,False
2.60468073,-1.0,17,519,,False
2.60564868,-1.0,17,951,,False
2.60727948,-1.0,17,860,,False
2.60768244,-1.0,17,260,,False
2.60779417,-1.0,17,438,,False
2.60780551,-1.0,17,471,,False
2.60810182,-1.0,18,823,,False
2.61123933,-1.0,18,762,,False
2.61167047,-1.0,18,937,,False
2.61174749,-1.0,18,908,,False
2.61185083,-1.0,18,882,,False
2.61233894,-1.0,18,887,,False
2.61297159,-1.0,18,755,,False
2.61301474,-1.0,18,1869,,False
2.61312504,-1.0,18,889,,False
2.61399530,-1.0,18,796,,False
2.61450596,-1.0,19,2071,,False
2.61450625,-1.0,19,547,,False
2.61484870,-1.0,19,1482,,False
2.61565263,-1.0,19,5704,,False
2.61620975,-1.0,19,5620,,False
2.61714987,-1.0,19,2853,,False
2.61738688,-1.0,19,2651,,False
2.62645291,-1.0,19,7393,,False
2.62666562,-1.0,19,6738,,False
2.62694588,-1.0,19,6522,,False
2.62712795,-1.0,20,6871,,False
2.62723472,-1.0,20,7360,,False
2.62736878,-1.0,20,7932,,False
2.62762408,-1.0,20,7392,,False
2.62791041,-1.0,20,9835,,False
2.62890072,-1.0,20,7727,,False
2.62925968,-1.0,20,7913,,False
2.62978114,-1.0,20,6538,,False
2.63011639,-1.0,20,6373,,False
2.63058633,-1.0,20,6295,,False
2.63617726,-1.0,21,8096,,False
2.64091591,-1.0,21,9632,,False
2.65416781,-1.0,21,6310,,False
2.65453517,-1.0,21,7023,,False
2.65483245,-1.0,21,9428,,False
2.65576018,-1.0,21,8608,,False
2.65583755,-1.0,21,9532,,False
2.65626047,-1.0,21,9918,,False
2.65823089,-1.0,21,9640,,False
2.66311831,-1.0,21,8278,,False
2.66787764,-1.0,22,8396,,False
2.66823143,-1.0,22,9809,,False
2.66836154,-1.0,22,8080,,False
2.66854013,-1.0,22,8656,,False
2.66874795,-1.0,22,7896,,False
2.66917732,-1.0,22,7373,,False
2.66944390,-1.0,22,8604,,False
2.66956353,-1.0,22,7042,,False
2.67055133,-1.0,22,7694,,False
2.67082581,-1.0,22,7778,,False
2.67131564,-1.0,23,7705,,False
2.67176734,-1.0,23,5415,,False
2.67194997,-1.0,23,5625,,False
2.67238327,-1.0,23,7084,,False
2.67269939,-1.0,23,5575,,False
2.67282675,-1.0,23,4652,,False
2.67324194,-1.0,23,5583,,False
2.67357063,-1.0,23,4691,,False
2.67371355,-1.0,23,6311,,False
2.67383793,-1.0,24,5478,,False
2.67409055,-1.0,24,4661,,False
2.67435041,-1.0,24,5683,,False
2.67505714,-1.0,24,7286,,False
2.67519765,-1.0,24,5453,,False
2.67553618,-1.0,24,5692,,False
2.67559841,-1.0,24,6007,,False
2.67573797,-1.0,24,7496,,False
2.67580423,-1.0,24,5254,,False
2.67592420,-1.0,24,3226,,False
2.67616710,-1.0,25,3912,,False
2.67645698,-1.0,25,4919,,False
2.67701125,-1.0,25,4095,,False
2.67793086,-1.0,25,5394,,False
2.67808733,-1.0,25,3713,,False
2.67819875,-1.0,25,3564,,False
2.67835544,-1.0,25,3589,,False
2.67881357,-1.0,25,3749,,False
2.67891990,-1.0,26,4973,,False
2.67909084,-1.0,26,3163,,False
2.67917084,-1.0,26,4593,,False
2.67964940,-1.0,26,3199,,False
2.67967383,-1.0,26,3840,,False
2.67980673,-1.0,26,4124,,False
2.67980745,-1.0,26,3412,,False
2.68000470,-1.0,26,3812,,False
2.68145837,-1.0,26,4649,,False
2.68159814,-1.0,26,6235,,False
2.68163840,-1.0,27,5001,,False
2.68187083,-1.0,27,5147,,False
2.68196801,-1.0,27,5462,,False
2.68202436,-1.0,27,3300,,False
2.68205991,-1.0,27,5405,,False
2.68225260,-1.0,27,6499,,False
2.68233470,-1.0,27,5658,,False
2.68239198,-1.0,27,5529,,False
2.68239459,-1.0,27,5691,,False
2.68242824,-1.0,27,5736,,False
2.68250497,-1.0,28,6186,,False
2.68260197,-1.0,28,8274,,False
2.68264937,-1.0,28,6163,,False
2.68297433,-1.0,28,5291,,False
2.68301962,-1.0,28,4797,,False
2.68328199,-1.0,28,4762,,False
2.68337880,-1.0,28,4439,,False
2.68344323,-1.0,28,6780,,False
2.68357860,-1.0,28,7322,,False
2.68381855,-1.0,29,8438,,False
2.68382084,-1.0,29,8307,,False
2.68403422,-1.0,29,7106,,False
2.68413844,-1.0,29,6140,,False
2.68422430,-1.0,29,8541,,False
2.68455228,-1.0,29,5286,,False
2.68458439,-1.0,29,5649,,False
2.68469845,-1.0,29,5113,,False
2.68477396,-1.0,29,7215,,False
2.68489428,-1.0,29,9025,,False
2.68501013,-1.0,30,5948,,False
2.68512114,-1.0,30,7443,,False
2.68541875,-1.0,30,6220,,False
2.68567630,-1.0,30,5906,,False
2.68567767,-1.0,30,6045,,False
2.68580349,-1.0,30,5372,,False
2.68580724,-1.0,30,5357,,False
2.68590958,-1.0,30,5901,,False
2.68597794,-1.0,30,5450,,False
2.68605385,-1.0,30,4143,,False
2.68608756,-1.0,31,4446,,False
2.68636801,-1.0,31,8749,,False
2.68768187,-1.0,31,7315,,False
2.68784696,-1.0,31,6792,,False
2.68914347,-1.0,31,6030,,False
2.68927915,-1.0,31,7002,,False
2.68943866,-1.0,31,6092,,False
2.68969051,-1.0,31,6744,,False
2.69012140,-1.0,32,7007,,False
2.69020612,-1.0,32,3533,,False
2.69038172,-1.0,32,4614,,False
2.69040356,-1.0,32,4656,,False
2.69055099,-1.0,32,6351,,False
2.69071657,-1.0,32,6560,,False
2.69099158,-1.0,32,6334,,False
2.69103170,-1.0,32,3539,,False
2.69151136,-1.0,32,4621,,False
2.69175982,-1.0,33,3581,,False
2.69177550,-1.0,33,4715,,False
2.69222937,-1.0,33,5947,,False
2.69236176,-1.0,33,5428,,False
2.69243475,-1.0,33,7321,,False
2.69276600,-1.0,33,9476,,False
2.69290690,-1.0,33,7347,,False
2.69306247,-1.0,34,8553,,False
2.69348858,-1.0,34,8319,,False
2.69356432,-1.0,34,5860,,False
2.69365415,-1.0,34,8136,,False
2.69373854,-1.0,34,4855,,False
2.69392723,-1.0,34,7208,,False
2.69399775,-1.0,34,4809,,False
2.69404888,-1.0,34,6047,,False
2.69408670,-1.0,34,4282,,False
2.69414028,-1.0,34,4783,,False
2.69423238,-1.0,35,8412,,False
2.69435279,-1.0,35,4500,,False
2.69436750,-1.0,35,7248,,False
2.69455188,-1.0,35,5632,,False
2.69461717,-1.0,35,5485,,False
2.69478364,-1.0,35,4312,,False
2.69498802,-1.0,35,6884,,False
2.69499012,-1.0,35,5854,,False
2.69522778,-1.0,35,4226,,False
2.69533347,-1.0,35,6555,,False
2.69565017,-1.0,36,5010,,False
2.69585470,-1.0,36,9615,,False
2.69617505,-1.0,36,8082,,False
2.69653499,-1.0,36,8004,,False
2.69745108,-1.0,36,6610,,False
2.69764677,-1.0,36,7168,,False
2.69780151,-1.0,36,6980,,False
2.69804589,-1.0,36,6314,,False
2.69821156,-1.0,36,6648,,False
2.69874972,-1.0,37,8239,,False
2.69952572,-1.0,37,6934,,False
2.69999669,-1.0,37,6762,,False
2.70032762,-1.0,37,6069,,False
2.70298714,-1.0,37,8602,,False
2.70399601,-1.0,38,8499,,False
2.70570328,-1.0,38,9120,,False
2.70577064,-1.0,38,9762,,False
2.70583328,-1.0,38,5191,,False
2.70598277,-1.0,38,5014,,False
2.70612129,-1.0,38,9903,,False
2.70637273,-1.0,38,6309,,False
2.70655687,-1.0,38,6492,,False
2.70717646,-1.0,38,6927,,False
2.70798940,-1.0,39,6449,,False
2.70845974,-1.0,39,6643,,False
2.70871377,-1.0,39,5856,,False
2.71055818,-1.0,39,5576,,False
2.71065512,-1.0,39,6201,,False
2.71079467,-1.0,39,6317,,False
2.71134993,-1.0,39,7164,,False
2.71149000,-1.0,39,7125,,False
2.71213647,-1.0,39,4516,,False
2.71251713,-1.0,39,5400,,False
2.71259435,-1.0,40,5818,,False
2.71266042,-1.0,40,5388,,False
2.71313626,-1.0,40,5715,,False
2.71341099,-1.0,40,6234,,False
2.71384047,-1.0,40,6298,,False
2.71449616,-1.0,40,4667,,False
2.71474804,-1.0,40,4812,,False
2.71517469,-1.0,40,6188,,False
2.71561303,-1.0,40,4958,,False
2.71577031,-1.0,40,6040,,False
2.71592743,-1.0,41,6960,,False
2.71601662,-1.0,41,9107,,False
2.71623067,-1.0,41,6965,,False
2.71683499,-1.0,41,6437,,False
2.71713071,-1.0,41,5907,,False
2.71733202,-1.0,41,8697,,False
2.71737664,-1.0,41,7052,,False
2.71796552,-1.0,41,8060,,False
2.71853502,-1.0,41,6126,,False
2.71930081,-1.0,41,7209,,False
2.71972687,-1.0,42,7884,,False
2.72098141,-1.0,42,8077,,False
2.72135909,-1.0,42,8335,,False
2.72152907,-1.0,42,8597,,False
2.72175683,-1.0,42,9363,,False
2.72269107,-1.0,42,9039,,False
2.72294996,-1.0,42,8729,,False
2.72308232,-1.0,42,8877,,False
2.72316129,-1.0,42,8974,,False
2.72353110,-1.0,42,8650,,False
2.72433362,-1.0,43,8790,,False
2.72441883,-1.0,43,6698,,False
2.72467964,-1.0,43,9808,,False
2.72501330,-1.0,43,6836,,False
2.72526395,-1.0,43,7384,,False
2.72537274,-1.0,43,7872,,False
2.72549931,-1.0,43,6312,,False
2.72558768,-1.0,43,7503,,False
2.72565979,-1.0,44,7259,,False
2.72584246,-1.0,44,8623,,False
2.72594056,-1.0,44,6759,,False
2.72618587,-1.0,44,8988,,False
2.72649852,-1.0,44,9423,,False
2.72717875,-1.0,44,8922,,False
2.72743335,-1.0,44,8533,,False
2.72767953,-1.0,44,7499,,False
2.72781347,-1.0,44,6848,,False
2.72806457,-1.0,44,8402,,False
2.72850740,-1.0,45,8519,,False
2.72880613,-1.0,45,7641,,False
2.72898052,-1.0,45,6225,,False
2.72984607,-1.0,45,9121,,False
2.72995870,-1.0,45,7856,,False
2.73109314,-1.0,46,9772,,False
2.73121015,-1.0,46,5052,,False
2.73133070,-1.0,46,7517,,False
2.73138771,-1.0,46,6879,,False
2.73236879,-1.0,46,8525,,False
2.73283631,-1.0,46,8279,,False
2.73318392,-1.0,46,6564,,False
2.73379402,-1.0,46,6524,,False
2.73483968,-1.0,46,7563,,False
2.73546541,-1.0,47,8582,,False
2.73619129,-1.0,47,5060,,False
2.73658114,-1.0,47,5140,,False
2.73762219,-1.0,47,6091,,False
2.73791966,-1.0,47,4737,,False
2.73839746,-1.0,47,8063,,False
2.73902736,-1.0,47,9199,,False
2.73964686,-1.0,47,9322,,False
2.73996705,-1.0,47,9343,,False
2.74011855,-1.0,47,6975,,False
2.74062100,-1.0,48,7026,,False
2.74080244,-1.0,48,6659,,False
2.74088251,-1.0,48,7275,,False
2.74105019,-1.0,48,6471,,False
2.74109831,-1.0,48,6857,,False
2.74130634,-1.0,48,6876,,False
2.74138167,-1.0,48,6686,,False
2.74148177,-1.0,48,7537,,False
2.74247024,-1.0,49,7864,,False
2.74268092,-1.0,49,8558,,False
2.74295237,-1.0,49,7003,,False
2.74327651,-1.0,49,5447,,False
2.74359578,-1.0,49,6906,,False
2.74374626,-1.0,49,6075,,False
2.74387313,-1.0,49,4242,,False
2.74422075,-1.0,49,6302,,False
2.74443143,-1.0,49,4009,,False
2.74462891,-1.0,50,6261,,False
2.74475180,-1.0,50,6778,,False
2.74499547,-1.0,50,4646,,False
2.74524924,-1.0,50,3599,,False
2.74535499,-1.0,50,5166,,False
2.74541284,-1.0,50,6532,,False
2.74567652,-1.0,50,4299,,False
2.74575775,-1.0,50,6926,,False
2.74616782,-1.0,50,4495,,False
2.75245776,-1.0,50,9659,,False
2.76681678,-1.0,51,9316,,False
2.76702775,-1.0,51,9882,,False
2.76721777,-1.0,51,7691,,False
2.76723779,-1.0,51,5461,,False
2.76725477,-1.0,51,4678,,False
2.76731838,-1.0,51,3956,,False
2.76735586,-1.0,51,8160,,False
2.76737692,-1.0,51,8667,,False
2.76739066,-1.0,51,8645,,False
2.76859718,-1.0,51,3722,,False
2.76862297,-1.0,52,4022,,False
2.86996283,-1.0,52,9617,,False
2.87027399,-1.0,52,8954,,False
2.87040529,-1.0,52,4620,,False
2.87055095,-1.0,52,7376,,False
2.87062603,-1.0,52,4486,,False
2.87087385,-1.0,52,6821,,False
2.87106875,-1.0,52,7025,,False
2.87120895,-1.0,52,6468,,False
2.87636910,-1.0,52,9486,,False
2.87678502,-1.0,53,4018,,False
2.87684703,-1.0,53,4118,,False
2.87726593,-1.0,53,9981,,False
2.89218923,-1.0,53,8691,,False
2.89250434,-1.0,53,9768,,False
2.89335297,-1.0,53,9716,,False
2.89365903,-1.0,53,8972,,False
2.89376316,-1.0,53,8472,,False
2.89386986,-1.0,53,7588,,False
2.89402101,-1.0,53,7238,,False
2.89446621,-1.0,54,9593,,False
2.89554720,-1.0,54,7866,,False
2.89568113,-1.0,54,7782,,False
2.89585502,-1.0,54,7277,,False
2.89624625,-1.0,54,7966,,False
2.89699040,-1.0,54,7977,,False
2.89732506,-1.0,54,7979,,False
2.89776673,-1.0,54,6603,,False
2.89849369,-1.0,54,8952,,False
2.89929514,-1.0,55,9958,,False
2.89954618,-1.0,55,8140,,False
2.90007317,-1.0,55,8393,,False
2.90020251,-1.0,55,9132,,False
2.90091903,-1.0,55,8235,,False
2.90104919,-1.0,55,6974,,False
2.90117475,-1.0,55,7636,,False
2.90143407,-1.0,55,7150,,False
2.90255770,-1.0,55,6742,,False
2.94518971,-1.0,55,8325,,False
2.94538302,-1.0,56,9508,,False
2.94553554,-1.0,56,7068,,False
2.94597020,-1.0,56,6772,,False
2.94648883,-1.0,56,7036,,False
2.94697596,-1.0,56,8619,,False
2.94755415,-1.0,56,7027,,False
2.94764513,-1.0,56,8983,,False
2.94798198,-1.0,56,6913,,False
2.94865649,-1.0,56,6438,,False
2.94871907,-1.0,56,7921,,False
2.94923192,-1.0,57,7386,,False
2.94936888,-1.0,57,5663,,False
2.94980815,-1.0,57,6915,,False
2.94992719,-1.0,57,7167,,False
2.95009056,-1.0,57,8245,,False
2.95020902,-1.0,57,7442,,False
2.95021721,-1.0,57,5744,,False
2.95032020,-1.0,57,5237,,False
2.95039154,-1.0,57,7473,,False
2.95053356,-1.0,57,6476,,False
2.95064322,-1.0,58,5222,,False
2.95082728,-1.0,58,8441,,False
2.95100342,-1.0,58,5238,,False
2.95132652,-1.0,58,5827,,False
2.95157369,-1.0,58,5702,,False
2.95199989,-1.0,58,5829,,False
2.95200149,-1.0,58,8044,,False
2.95224969,-1.0,58,7927,,False
2.95226560,-1.0,58,9200,,False
2.95248823,-1.0,58,6369,,False
2.95292368,-1.0,59,7454,,False
2.95461673,-1.0,59,6502,,False
2.95523268,-1.0,59,9667,,False
2.95535077,-1.0,59,9243,,False
2.95551685,-1.0,59,7153,,False
2.95562409,-1.0,59,8015,,False
2.95568829,-1.0,59,8973,,False
2.95702171,-1.0,60,5998,,False
2.95725568,-1.0,60,9034,,False
2.95734205,-1.0,60,5921,,False
2.95756370,-1.0,60,6217,,False
2.95793810,-1.0,60,7433,,False
2.95812845,-1.0,60,5283,,False
2.95830141,-1.0,60,6496,,False
2.95834681,-1.0,60,4479,,False
2.95847364,-1.0,60,8012,,False
2.95856215,-1.0,61,7157,,False
2.95873042,-1.0,61,8730,,False
2.95880758,-1.0,61,4004,,False
2.95907347,-1.0,61,5783,,False
2.95940896,-1.0,61,5972,,False
2.95983660,-1.0,61,8221,,False
2.96001711,-1.0,61,7406,,False
2.96007818,-1.0,61,6265,,False
2.96023891,-1.0,61,5429,,False
2.96064909,-1.0,61,5710,,False
2.96075703,-1.0,62,4413,,False
2.96128203,-1.0,62,5482,,False
2.96144108,-1.0,62,5128,,False
2.96166947,-1.0,62,4347,,False
2.96181420,-1.0,62,4373,,False
2.96201769,-1.0,62,4146,,False
2.96217576,-1.0,62,6348,,False
2.96276711,-1.0,62,4436,,False
2.96285989,-1.0,62,6624,,False
2.96322488,-1.0,62,4670,,False
2.96648385,-1.0,63,9480,,False
2.96662424,-1.0,63,9261,,False
2.96727423,-1.0,63,7528,,False
2.99094086,-1.0,63,3421,,False
2.99200307,-1.0,63,7794,,False
2.99216203,-1.0,63,6396,,False
2.99264429,-1.0,63,7967,,False
2.99348559,-1.0,63,9719,,False
2.99501490,-1.0,63,9529,,False
2.99513275,-1.0,63,4069,,False
2.99525977,-1.0,64,3977,,False
2.99538344,-1.0,64,4541,,False
2.99543450,-1.0,64,3923,,False
2.99569027,-1.0,64,4360,,False
2.99572561,-1.0,64,4125,,False
2.99641560,-1.0,64,5013,,False
2.99647173,-1.0,64,3268,,False
2.99689560,-1.0,64,3191,,False
2.99736612,-1.0,64,3345,,False
2.99749451,-1.0,65,3164,,False
2.99785875,-1.0,65,3336,,False
2.99878951,-1.0,65,4767,,False
2.99958599,-1.0,65,3582,,False
2.99967100,-1.0,65,3566,,False
2.100016081,-1.0,65,3557,,False
2.100116728,-1.0,65,3444,,False
2.100168400,-1.0,65,5452,,False
2.100193421,-1.0,65,3782,,False
2.100240274,-1.0,66,4559,,False
2.100251085,-1.0,66,5159,,False
2.100257302,-1.0,66,4743,,False
2.100263767,-1.0,66,5338,,False
2.100270620,-1.0,66,3792,,False
2.100292259,-1.0,66,4158,,False
2.100295473,-1.0,66,4880,,False
2.100308389,-1.0,66,4527,,False
2.100327163,-1.0,66,6197,,False
2.100346317,-1.0,66,2385,,False
2.100346889,-1.0,67,3397,,False
2.100363209,-1.0,67,3428,,False
2.100365708,-1.0,67,2150,,False
2.100420528,-1.0,67,2755,,False
2.100421998,-1.0,67,2641,,False
2.100489011,-1.0,67,3154,,False
2.100555122,-1.0,67,3560,,False
2.100567470,-1.0,67,2919,,False
2.100580834,-1.0,67,4584,,False
2.100584766,-1.0,67,3197,,False
2.100585028,-1.0,68,2617,,False
2.100598631,-1.0,68,2751,,False
2.100615803,-1.0,68,3729,,False
2.100617977,-1.0,68,2184,,False
2.100631122,-1.0,68,4760,,False
2.100638715,-1.0,68,4105,,False
2.100639312,-1.0,68,4722,,False
2.100652220,-1.0,68,3598,,False
2.100663830,-1.0,68,4744,,False
2.100733429,-1.0,68,2729,,False
2.100794380,-1.0,69,4136,,False
2.100799910,-1.0,69,2466,,False
2.100808246,-1.0,69,5614,,False
2.100809643,-1.0,69,4142,,False
2.100875318,-1.0,69,2805,,False
2.100887334,-1.0,69,8510,,False
2.100888472,-1.0,69,3660,,False
2.100894957,-1.0,69,4020,,False
2.100907366,-1.0,69,1695,,False
2.101002355,-1.0,69,3057,,False
2.101080949,-1.0,70,3125,,False
2.101122943,-1.0,70,2041,,False
2.101128591,-1.0,70,3013,,False
2.101145134,-1.0,70,1683,,False
2.101161875,-1.0,70,3215,,False
2.101183853,-1.0,70,1686,,False
2.101211440,-1.0,70,3627,,False
2.101220442,-1.0,70,1834,,False
2.101234214,-1.0,70,3087,,False
2.101308417,-1.0,70,1263,,False
2.101315367,-1.0,71,2959,,False
2.101328789,-1.0,71,1416,,False
2.101340850,-1.0,71,2657,,False
2.101355376,-1.0,71,1295,,False
2.101375748,-1.0,71,2732,,False
2.101389343,-1.0,71,1398,,False
2.101409066,-1.0,71,3375,,False
2.101433170,-1.0,71,1590,,False
2.101456950,-1.0,71,2076,,False
2.101460843,-1.0,71,4554,,False
2.101469430,-1.0,72,1992,,False
2.101483932,-1.0,72,1922,,False
2.101485808,-1.0,72,4378,,False
2.101495548,-1.0,72,1503,,False
2.101500306,-1.0,72,3547,,False
2.101509408,-1.0,72,2218,,False
2.101520444,-1.0,72,1399,,False
2.101529379,-1.0,72,3159,,False
2.101562261,-1.0,72,3433,,False
2.101576055,-1.0,72,1873,,False
2.101634850,-1.0,73,3419,,False
2.101638993,-1.0,73,1512,,False
2.101659060,-1.0,73,3124,,False
2.101726186,-1.0,73,1661,,False
2.101732966,-1.0,73,3088,,False
2.101772062,-1.0,73,1284,,False
2.101840329,-1.0,73,1368,,False
2.101840432,-1.0,73,3406,,False
2.101925281,-1.0,73,5223,,False
2.101966682,-1.0,74,5470,,False
2.101968045,-1.0,74,2018,,False
2.102047902,-1.0,74,3708,,False
2.102049534,-1.0,74,2825,,False
2.102101947,-1.0,74,3936,,False
2.102224240,-1.0,74,1461,,False
2.102225855,-1.0,74,3218,,False
2.102278171,-1.0,74,4055,,False
2.102279041,-1.0,75,2441,,False
2.102590623,-1.0,75,3918,,False
2.102597489,-1.0,75,1726,,False
2.102632163,-1.0,75,3649,,False
2.102662012,-1.0,75,2262,,False
2.102675514,-1.0,75,1765,,False
2.102756995,-1.0,75,2112,,False
2.102762066,-1.0,75,2032,,False
2.102790536,-1.0,75,1981,,False
2.102806486,-1.0,75,2756,,False
2.102813657,-1.0,76,4277,,False
2.102827809,-1.0,76,5120,,False
2.102844230,-1.0,76,1899,,False
2.102855814,-1.0,76,4052,,False
2.102874523,-1.0,76,2119,,False
2.102877179,-1.0,76,5288,,False
2.102911745,-1.0,76,5671,,False
2.102935823,-1.0,76,2167,,False
2.102937845,-1.0,76,5107,,False
2.102948080,-1.0,77,3015,,False
2.102990566,-1.0,77,6337,,False
2.103032632,-1.0,77,3771,,False
2.103039924,-1.0,77,6954,,False
2.103041270,-1.0,77,3538,,False
2.103068216,-1.0,77,4625,,False
2.103091554,-1.0,77,1971,,False
2.103093357,-1.0,77,4796,,False
2.103128597,-1.0,77,3753,,False
2.103143266,-1.0,77,2194,,False
2.103149353,-1.0,78,4872,,False
2.103168988,-1.0,78,4459,,False
2.103200800,-1.0,78,4793,,False
2.103251887,-1.0,78,2442,,False
2.103351740,-1.0,78,5265,,False
2.103357165,-1.0,78,2176,,False
2.103376927,-1.0,78,4965,,False
2.103378960,-1.0,78,2830,,False
2.103411213,-1.0,78,3009,,False
2.103433142,-1.0,79,5967,,False
2.103456429,-1.0,79,4407,,False
2.103485014,-1.0,79,4102,,False
2.103531821,-1.0,79,3966,,False
2.103574144,-1.0,79,4078,,False
2.103581244,-1.0,79,4922,,False
2.103605722,-1.0,79,4940,,False
2.103614421,-1.0,79,4706,,False
2.103701229,-1.0,79,8006,,False
2.103701280,-1.0,79,4726,,False
2.103709760,-1.0,80,7395,,False
2.103785753,-1.0,80,6196,,False
2.103894773,-1.0,80,4108,,False
2.103906693,-1.0,80,5655,,False
2.103924000,-1.0,80,4168,,False
2.103996492,-1.0,80,6115,,False
2.103997072,-1.0,80,4384,,False
2.104214375,-1.0,80,9185,,False
2.106179549,-1.0,80,7161,,False
2.106215939,-1.0,80,8127,,False
2.106275749,-1.0,81,9757,,False
2.106311830,-1.0,81,5102,,False
2.106342788,-1.0,81,6856,,False
2.106388017,-1.0,81,8242,,False
2.106437708,-1.0,81,6986,,False
2.106520904,-1.0,81,6466,,False
2.106526507,-1.0,81,7549,,False
2.106530837,-1.0,81,7526,,False
2.106677567,-1.0,81,5904,,False
2.106692375,-1.0,81,7536,,False
2.106716257,-1.0,82,7677,,False
2.106825714,-1.0,82,7696,,False
2.109377489,-1.0,82,8167,,False
2.111852871,-1.0,82,8926,,False
2.111954599,-1.0,82,9236,,False
2.112079914,-1.0,82,8206,,False
2.112114450,-1.0,82,9795,,False
2.112156013,-1.0,82,8203,,False
2.112173959,-1.0,82,7413,,False
2.117718991,-1.0,82,9274,,False
2.117786778,-1.0,83,8008,,False
2.117929389,-1.0,83,8222,,False
2.121031354,-1.0,83,2270,,False
2.121132903,-1.0,83,3506,,False
2.121213038,-1.0,83,9837,,False
2.121215908,-1.0,83,8177,,False
2.121231437,-1.0,83,3764,,False
2.121269567,-1.0,83,3695,,False
2.121273196,-1.0,83,9075,,False
2.121284602,-1.0,83,8822,,False
2.121296625,-1.0,84,4845,,False
2.121318437,-1.0,84,9729,,False
2.121332284,-1.0,84,7532,,False
2.121348064,-1.0,84,3457,,False
2.121354951,-1.0,84,9673,,False
2.121405589,-1.0,84,3636,,False
2.121428232,-1.0,84,3100,,False
2.121449121,-1.0,84,7714,,False
2.121454611,-1.0,84,3281,,False
2.121455403,-1.0,84,6517,,False
2.121470796,-1.0,85,7607,,False
2.121475593,-1.0,85,3126,,False
2.121490375,-1.0,85,2818,,False
2.121511697,-1.0,85,3233,,False
2.121521133,-1.0,85,2796,,False
2.121525373,-1.0,85,2642,,False
2.121527723,-1.0,85,6918,,False
2.121529498,-1.0,85,7199,,False
2.121543824,-1.0,85,2906,,False
2.121548285,-1.0,86,7961,,False
2.121596288,-1.0,86,7632,,False
2.121623218,-1.0,86,8171,,False
2.121628931,-1.0,86,3414,,False
2.121650197,-1.0,86,2867,,False
2.121650638,-1.0,86,7552,,False
2.121700949,-1.0,86,3179,,False
2.121760738,-1.0,86,2981,,False
2.121810633,-1.0,86,2954,,False
2.122001544,-1.0,86,6795,,False
2.122198204,-1.0,87,949,,False
2.122232362,-1.0,87,934,,False
2.122252415,-1.0,87,5958,,False
2.122252840,-1.0,87,989,,False
2.122317257,-1.0,87,657,,False
2.122394043,-1.0,87,890,,False
2.122416194,-1.0,87,6125,,False
2.122469611,-1.0,87,432,,False
2.122553330,-1.0,87,364,,False
2.122684650,-1.0,88,615,,False
2.122743704,-1.0,88,554,,False
2.122767425,-1.0,88,604,,False
2.122782201,-1.0,88,644,,False
2.122795475,-1.0,88,8681,,False
2.122808119,-1.0,88,611,,False
2.122856549,-1.0,88,580,,False
2.122922937,-1.0,88,598,,False
2.122955794,-1.0,88,880,,False
2.122962911,-1.0,88,9589,,False
2.123000053,-1.0,89,543,,False
2.123046974,-1.0,89,371,,False
2.123072103,-1.0,89,7870,,False
2.123087170,-1.0,89,1449,,False
2.123167785,-1.0,89,9381,,False
2.123199456,-1.0,89,1914,,False
2.123234764,-1.0,89,1536,,False
2.123236371,-1.0,89,852,,False
2.123246588,-1.0,89,3542,,False
2.123274098,-1.0,90,2051,,False
2.123310824,-1.0,90,1929,,False
2.123402990,-1.0,90,1764,,False
2.123423334,-1.0,90,2345,,False
2.123434549,-1.0,90,2318,,False
2.123452721,-1.0,90,2142,,False
2.123472498,-1.0,90,2278,,False
2.123504827,-1.0,90,3482,,False
2.124972900,-1.0,91,6690,,False
2.124973485,-1.0,91,4257,,False
2.125126429,-1.0,91,7617,,False
2.125208988,-1.0,91,2769,,False
2.125213958,-1.0,91,5888,,False
2.125287719,-1.0,91,5934,,False
2.125314716,-1.0,91,5979,,False
2.125437915,-1.0,91,4138,,False
2.125472307,-1.0,91,932,,False
2.125642993,-1.0,91,3167,,False
2.125690607,-1.0,92,3035,,False
2.125784515,-1.0,92,2340,,False
2.125957646,-1.0,92,1775,,False
2.126054752,-1.0,92,1216,,False
2.126124541,-1.0,92,2220,,False
2.126127363,-1.0,92,758,,False
2.126137379,-1.0,92,407,,False
2.126153837,-1.0,92,1409,,False
2.126208123,-1.0,92,575,,False
2.126208804,-1.0,92,2044,,False
2.126773566,-1.0,93,930,,False
2.126786037,-1.0,93,4047,,False
2.126788770,-1.0,93,1030,,False
2.126844676,-1.0,93,736,,False
2.126880770,-1.0,93,806,,False
2.126921141,-1.0,93,723,,False
2.126939562,-1.0,93,2723,,False
2.126941335,-1.0,93,695,,False
2.126951763,-1.0,93,4568,,False
2.127002789,-1.0,93,1537,,False
2.127011549,-1.0,94,423,,False
2.127021375,-1.0,94,1956,,False
2.127026751,-1.0,94,1543,,False
2.127030959,-1.0,94,586,,False
2.127043721,-1.0,94,6198,,False
2.127071645,-1.0,94,765,,False
2.127112012,-1.0,94,8341,,False
2.127138319,-1.0,94,661,,False
2.127182669,-1.0,94,5604,,False
2.127224503,-1.0,95,5496,,False
2.127239135,-1.0,95,700,,False
2.127289939,-1.0,95,5157,,False
2.127359437,-1.0,95,3299,,False
2.127359897,-1.0,95,570,,False
2.127370311,-1.0,95,612,,False
2.127376615,-1.0,95,3306,,False
2.127400953,-1.0,95,622,,False
2.127406293,-1.0,95,4209,,False
2.127419412,-1.0,95,933,,False
2.127445647,-1.0,96,4427,,False
2.127449327,-1.0,96,707,,False
2.127469165,-1.0,96,3529,,False
2.127474207,-1.0,96,731,,False
2.127913499,-1.0,96,652,,False
2.127984838,-1.0,96,718,,False
2.127987736,-1.0,96,918,,False
2.128031361,-1.0,96,5122,,False
2.128051841,-1.0,96,4842,,False
2.128072750,-1.0,96,613,,False
2.128154791,-1.0,97,740,,False
2.128180738,-1.0,97,7044,,False
2.130242512,-1.0,97,4016,,False
2.131258083,-1.0,97,2292,,False
2.131280731,-1.0,97,2215,,False
2.131294667,-1.0,97,2251,,False
2.131308959,-1.0,97,2252,,False
2.131422088,-1.0,97,1990,,False
2.131459592,-1.0,97,2372,,False
2.131509104,-1.0,97,5974,,False
2.133271210,-1.0,98,3765,,False
2.133343647,-1.0,98,5531,,False
2.133365150,-1.0,98,5251,,False
2.133384400,-1.0,98,4092,,False
2.133499493,-1.0,98,4219,,False
2.133563347,-1.0,98,3236,,False
2.135157605,-1.0,98,2177,,False
2.135172737,-1.0,98,2236,,False
2.135258475,-1.0,98,2163,,False
2.135272185,-1.0,98,1734,,False
2.135287052,-1.0,99,2219,,False
2.135305146,-1.0,99,1781,,False
2.135317165,-1.0,99,2221,,False
2.135335049,-1.0,99,2043,,False
2.135441531,-1.0,99,2383,,False
2.135467429,-1.0,99,2843,,False
2.135490456,-1.0,99,2845,,False
2.135685873,-1.0,100,2307,,False
2.135716610,-1.0,100,2560,,False
2.135747455,-1.0,100,1974,,False
2.135775207,-1.0,100,2356,,False
2.136005223,-1.0,100,2253,,False
2.136071947,-1.0,100,3746,,False
2.136161541,-1.0,100,3829,,False
2.136208860,-1.0,100,4758,,False
2.136219506,-1.0,100,4748,,False
2.136243126,-1.0,100,3914,,False
2.136254817,-1.0,101,3709,,False
2.136271038,-1.0,101,3703,,False
2.136321563,-1.0,101,2207,,False
2.136345189,-1.0,101,2343,,False
2.136388895,-1.0,101,2713,,False
2.136549782,-1.0,101,3960,,False
2.136561847,-1.0,101,4281,,False
2.136579767,-1.0,101,4189,,False
2.136596943,-1.0,101,4288,,False
2.136608692,-1.0,101,3843,,False
2.136619063,-1.0,102,3779,,False
2.136635170,-1.0,102,3363,,False
2.136824158,-1.0,102,3282,,False
2.136908128,-1.0,102,5121,,False
2.139093853,-1.0,102,4088,,False
2.139103910,-1.0,102,5600,,False
2.139115843,-1.0,102,6142,,False
2.139163680,-1.0,102,4983,,False
2.139203349,-1.0,102,3437,,False
2.139221366,-1.0,102,4270,,False
2.139233726,-1.0,103,7586,,False
2.139260505,-1.0,103,8023,,False
2.139269251,-1.0,103,7342,,False
2.139311504,-1.0,103,5573,,False
2.139349751,-1.0,103,4736,,False
2.139371803,-1.0,103,4307,,False
2.139385597,-1.0,103,5668,,False
2.139466551,-1.0,103,7245,,False
2.139517773,-1.0,103,6761,,False
2.139541663,-1.0,103,7463,,False
2.139553994,-1.0,104,5571,,False
2.139587590,-1.0,104,6882,,False
2.139670826,-1.0,104,8285,,False
2.139723671,-1.0,104,8999,,False
2.139846995,-1.0,104,8589,,False
2.139863736,-1.0,104,8381,,False
2.181186832,-1.0,104,9302,,False
2.181317610,-1.0,104,8799,,False
2.181354552,-1.0,104,7205,,False
2.181369501,-1.0,104,6589,,False
2.181399197,-1.0,105,7821,,False
2.181488186,-1.0,105,8836,,False
2.181551673,-1.0,105,9402,,False
2.181950499,-1.0,105,9668,,False
2.182012703,-1.0,105,9658,,False
2.182154845,-1.0,105,7348,,False
2.182163081,-1.0,105,8470,,False
2.182240278,-1.0,105,3314,,False
2.182269469,-1.0,105,4791,,False
2.182295526,-1.0,105,3374,,False
2.182313930,-1.0,106,4750,,False
2.182382778,-1.0,106,4217,,False
2.182412460,-1.0,106,5330,,False
2.182423683,-1.0,106,6027,,False
2.182463073,-1.0,106,7040,,False
2.182610354,-1.0,106,7377,,False
2.182677825,-1.0,106,2985,,False
2.182721733,-1.0,106,4552,,False
2.182722853,-1.0,107,3404,,False
2.182747121,-1.0,107,4624,,False
2.182812603,-1.0,107,3221,,False
2.182846841,-1.0,107,3989,,False
2.182907442,-1.0,107,9834,,False
2.184525448,-1.0,107,6658,,False
2.211563266,-1.0,107,6895,,False
2.211589631,-1.0,107,6947,,False
2.211607863,-1.0,107,9162,,False
2.211619264,-1.0,107,7997,,False
2.211753819,-1.0,108,9394,,False
2.211794329,-1.0,108,8090,,False
2.211846080,-1.0,108,7885,,False
2.211879280,-1.0,108,7306,,False
2.211895564,-1.0,108,7350,,False
2.211907030,-1.0,108,3869,,False
2.211913642,-1.0,108,8417,,False
2.211934383,-1.0,108,8487,,False
2.212332159,-1.0,108,9633,,False
2.222275011,-1.0,109,2554,,False
2.222463679,-1.0,109,1078,,False
2.222480859,-1.0,109,760,,False
2.222531643,-1.0,109,984,,False
2.222683131,-1.0,109,4714,,False
2.225331374,-1.0,109,6796,,False
2.225359597,-1.0,109,5665,,False
2.225399944,-1.0,109,8107,,False
2.225440210,-1.0,109,8557,,False
2.225490083,-1.0,110,7558,,False
2.225526212,-1.0,110,8461,,False
2.225563196,-1.0,110,8281,,False
2.225642427,-1.0,110,8504,,False
2.225671018,-1.0,110,6619,,False
2.233498059,-1.0,110,2632,,False
2.233548720,-1.0,110,1269,,False
2.233627496,-1.0,110,1796,,False
2.233707816,-1.0,110,1769,,False
2.235456555,-1.0,110,8813,,False
2.241107031,-1.0,111,8892,,False
2.241119222,-1.0,111,9183,,False
2.241158921,-1.0,111,7976,,False
2.241229797,-1.0,111,5430,,False
2.241252305,-1.0,111,5511,,False
2.241273444,-1.0,111,3925,,False
2.241288984,-1.0,111,4424,,False
2.241311783,-1.0,111,4488,,False
2.241332277,-1.0,112,3897,,False
2.241355911,-1.0,112,5960,,False
2.241535688,-1.0,112,6205,,False
2.241541476,-1.0,112,6573,,False
2.241545021,-1.0,112,8185,,False
2.241577141,-1.0,112,178,,False
2.241596272,-1.0,112,2526,,False
2.241630070,-1.0,112,2261,,False
2.241653360,-1.0,112,1888,,False
2.241688894,-1.0,112,2080,,False
2.241713716,-1.0,113,3060,,False
2.241735464,-1.0,113,2256,,False
2.241817568,-1.0,113,2428,,False
2.241907053,-1.0,113,452,,False
2.241923440,-1.0,113,1594,,False
2.241929622,-1.0,113,1522,,False
2.241950402,-1.0,113,5748,,False
2.242008940,-1.0,114,7398,,False
2.242737245,-1.0,114,2630,,False
2.242785497,-1.0,114,6247,,False
2.242850542,-1.0,114,1534,,False
2.242863523,-1.0,114,2440,,False
2.242872886,-1.0,114,7046,,False
2.242873039,-1.0,114,1220,,False
2.242873419,-1.0,115,1252,,False
2.242991624,-1.0,115,6431,,False
2.243012470,-1.0,115,3964,,False
2.243100385,-1.0,115,8099,,False
2.243324337,-1.0,115,5740,,False
2.244080785,-1.0,115,8853,,False
2.244142181,-1.0,115,6111,,False
2.244169127,-1.0,115,3757,,False
2.244173804,-1.0,115,5419,,False
2.244184549,-1.0,115,5795,,False
2.244184849,-1.0,116,3680,,False
2.244207215,-1.0,116,8579,,False
2.244212579,-1.0,116,5535,,False
2.244232896,-1.0,116,9153,,False
2.244235995,-1.0,116,3755,,False
2.244269248,-1.0,116,9049,,False
2.244941516,-1.0,116,6995,,False
2.256719253,-1.0,117,7938,,False
2.257014876,-1.0,117,8244,,False
2.257066696,-1.0,117,8217,,False
2.257143583,-1.0,117,9241,,False
2.257175490,-1.0,117,9393,,False
2.257253376,-1.0,117,7859,,False
2.257306186,-1.0,117,8738,,False
2.257373134,-1.0,117,9875,,False
2.257785444,-1.0,118,9367,,False
2.257812375,-1.0,118,7502,,False
2.257858705,-1.0,118,9291,,False
2.257942328,-1.0,118,9885,,False
2.257995622,-1.0,118,9057,,False
2.259030131,-1.0,118,5644,,False
2.259043605,-1.0,118,5737,,False
2.259114769,-1.0,118,9495,,False
2.259149101,-1.0,118,9552,,False
2.259174859,-1.0,118,6258,,False
2.259208977,-1.0,119,8348,,False
2.259221241,-1.0,119,9387,,False
2.259272604,-1.0,119,9573,,False
2.259291239,-1.0,119,7269,,False
2.259345666,-1.0,119,9170,,False
2.259400527,-1.0,119,9026,,False
2.259493496,-1.0,119,7478,,False
2.259568425,-1.0,120,8210,,False
2.259622017,-1.0,120,5354,,False
2.259651183,-1.0,120,6800,,False
2.259785889,-1.0,120,6585,,False
2.259800736,-1.0,120,9447,,False
2.259824003,-1.0,120,7278,,False
2.259939985,-1.0,121,8059,,False
2.259945740,-1.0,121,8696,,False
2.259991389,-1.0,121,8733,,False
2.260005715,-1.0,121,7319,,False
2.260019846,-1.0,121,8840,,False
2.260026165,-1.0,121,8157,,False
2.260046419,-1.0,121,7411,,False
2.260067241,-1.0,121,6485,,False
2.260068159,-1.0,121,6345,,False
2.260081336,-1.0,121,8710,,False
2.260093331,-1.0,122,6669,,False
2.260105844,-1.0,122,8902,,False
2.260139696,-1.0,122,7282,,False
2.260169520,-1.0,122,9023,,False
2.260286189,-1.0,122,9061,,False
2.260559857,-1.0,122,8618,,False
2.260575511,-1.0,122,9676,,False
2.260583769,-1.0,122,4207,,False
2.260638192,-1.0,122,6523,,False
9.1463384,-1.0,0,9893,,False
9.1740564,-1.0,0,8810,,False
9.7148232,-1.0,0,9905,,False
9.9151557,-1.0,0,8200,,False
9.9174813,-1.0,0,9864,,False
9.9185587,-1.0,0,8927,,False
9.9227587,-1.0,0,9810,,False
9.9318999,-1.0,0,9472,,False
9.9431880,-1.0,0,9277,,False
9.9449309,-1.0,0,9856,,False
9.9467990,-1.0,1,8834,,False
9.9473091,-1.0,1,9921,,False
9.9483275,-1.0,1,8085,,False
9.9495798,-1.0,1,9700,,False
9.9529838,-1.0,1,9804,,False
9.9618359,-1.0,1,9879,,False
9.9699567,-1.0,1,9248,,False
9.9988476,-1.0,1,8187,,False
9.10102739,-1.0,1,3903,,False
9.10163346,-1.0,1,9290,,False
9.10164402,-1.0,2,5741,,False
9.10204577,-1.0,2,8394,,False
9.10288752,-1.0,2,7124,,False
9.10403877,-1.0,2,3093,,False
9.10534445,-1.0,2,1975,,False
9.10738597,-1.0,2,1642,,False
9.10754765,-1.0,2,7654,,False
9.10871539,-1.0,2,6600,,False
9.11008997,-1.0,2,4937,,False
9.11047500,-1.0,3,6754,,False
9.11187516,-1.0,3,2313,,False
9.11407673,-1.0,3,4952,,False
9.14393003,-1.0,3,481,,False
9.14393890,-1.0,3,542,,False
9.14409336,-1.0,3,4120,,False
9.14414877,-1.0,3,650,,False
9.14415717,-1.0,3,5468,,False
9.14432498,-1.0,3,507,,False
9.14434322,-1.0,3,757,,False
9.14448200,-1.0,4,5811,,False
9.14451018,-1.0,4,902,,False
9.14453313,-1.0,4,991,,False
9.14461223,-1.0,4,7029,,False
9.14463392,-1.0,4,3177,,False
9.14477469,-1.0,4,1022,,False
9.14493278,-1.0,4,5561,,False
9.14493484,-1.0,4,6985,,False
9.14495652,-1.0,5,691,,False
9.14514444,-1.0,5,2860,,False
9.14520385,-1.0,5,950,,False
9.14557899,-1.0,5,810,,False
9.14573899,-1.0,5,562,,False
9.14575402,-1.0,5,4853,,False
9.14640976,-1.0,5,4491,,False
9.14688440,-1.0,5,1959,,False
9.14690798,-1.0,5,3700,,False
9.14809609,-1.0,5,3922,,False
9.14874561,-1.0,6,5034,,False
9.15092989,-1.0,6,956,,False
9.15096102,-1.0,6,1776,,False
9.15143349,-1.0,6,665,,False
9.15144114,-1.0,6,1622,,False
9.15169691,-1.0,6,763,,False
9.15272338,-1.0,6,593,,False
9.15275866,-1.0,6,1558,,False
9.15295313,-1.0,6,1937,,False
9.15312790,-1.0,7,975,,False
9.15336211,-1.0,7,907,,False
9.15343453,-1.0,7,2047,,False
9.15373985,-1.0,7,1012,,False
9.15382500,-1.0,7,2165,,False
9.15393827,-1.0,7,830,,False
9.15416404,-1.0,7,1008,,False
9.15420317,-1.0,7,888,,False
9.15528683,-1.0,7,2216,,False
9.15591032,-1.0,7,1117,,False
9.15600671,-1.0,8,300,,False
9.15638555,-1.0,8,539,,False
9.15666468,-1.0,8,322,,False
9.15682175,-1.0,8,1010,,False
9.15716517,-1.0,8,305,,False
9.15716528,-1.0,8,759,,False
9.15753800,-1.0,8,725,,False
9.15755657,-1.0,8,919,,False
9.15786950,-1.0,8,1327,,False
9.15810119,-1.0,8,326,,False
9.15835331,-1.0,9,560,,False
9.15866960,-1.0,9,206,,False
9.15880279,-1.0,9,983,,False
9.16091661,-1.0,9,653,,False
9.16396708,-1.0,9,426,,False
9.16477395,-1.0,9,1025,,False
9.16527671,-1.0,10,677,,False
9.16534478,-1.0,10,406,,False
9.16551609,-1.0,10,705,,False
9.16685668,-1.0,10,448,,False
9.16688798,-1.0,10,875,,False
9.17564695,-1.0,10,3259,,False
9.17673405,-1.0,11,3045,,False
9.17742605,-1.0,11,1778,,False
9.17748323,-1.0,11,1247,,False
9.17790512,-1.0,11,2027,,False
9.17885526,-1.0,11,2323,,False
9.17903968,-1.0,11,4431,,False
9.17905823,-1.0,12,1988,,False
9.17916686,-1.0,12,1852,,False
9.17922705,-1.0,12,3248,,False
9.17933670,-1.0,12,2019,,False
9.17949228,-1.0,12,2030,,False
9.17949439,-1.0,12,3442,,False
9.17980366,-1.0,12,2362,,False
9.18008314,-1.0,12,2918,,False
9.18015594,-1.0,12,1349,,False
9.18132902,-1.0,12,943,,False
9.19062671,-1.0,13,7937,,False
9.19093216,-1.0,13,8421,,False
9.19164937,-1.0,13,9036,,False
9.19405032,-1.0,13,8493,,False
9.20008575,-1.0,13,9558,,False
9.20013227,-1.0,13,9983,,False
9.20038862,-1.0,13,8305,,False
9.20471757,-1.0,14,6028,,False
9.20482932,-1.0,14,3077,,False
9.45714870,-1.0,14,9535,,False
9.45741943,-1.0,14,7898,,False
9.45917573,-1.0,14,5588,,False
9.46014917,-1.0,14,9372,,False
9.46149305,-1.0,14,7998,,False
9.46197762,-1.0,14,9717,,False
9.46251949,-1.0,14,9581,,False
9.46312683,-1.0,15,8653,,False
9.46434205,-1.0,15,8464,,False
9.46437641,-1.0,15,9612,,False
9.46447811,-1.0,15,9887,,False
9.46451181,-1.0,15,9297,,False
9.46468046,-1.0,15,9855,,False
9.46468506,-1.0,15,8633,,False
9.46481957,-1.0,15,7614,,False
9.46578994,-1.0,15,5942,,False
9.46590996,-1.0,16,6976,,False
9.46673535,-1.0,16,7944,,False
9.46703767,-1.0,16,8405,,False
9.46729534,-1.0,16,8715,,False
9.46910431,-1.0,16,5568,,False
9.46936903,-1.0,16,8841,,False
9.46947597,-1.0,16,7225,,False
9.46959116,-1.0,16,6860,,False
9.46989482,-1.0,16,6005,,False
9.47006406,-1.0,16,6026,,False
9.47259505,-1.0,17,9824,,False
9.47278160,-1.0,17,9177,,False
9.47306946,-1.0,17,9140,,False
9.47319028,-1.0,17,9650,,False
9.47700569,-1.0,17,9662,,False
9.47741610,-1.0,17,7487,,False
9.47755666,-1.0,17,7728,,False
9.47765480,-1.0,17,9070,,False
9.47791910,-1.0,17,8130,,False
9.49338230,-1.0,18,8634,,False
9.49390707,-1.0,18,7660,,False
9.49496032,-1.0,18,9950,,False
9.49577961,-1.0,18,9689,,False
9.49643619,-1.0,18,9770,,False
9.49674854,-1.0,18,7299,,False
9.49697770,-1.0,18,9815,,False
9.49712338,-1.0,18,9721,,False
9.49784373,-1.0,18,8399,,False
9.49790302,-1.0,18,9563,,False
9.49800963,-1.0,19,9521,,False
9.49806173,-1.0,19,9923,,False
9.49818400,-1.0,19,9610,,False
9.49833048,-1.0,19,9537,,False
9.49838323,-1.0,19,9636,,False
9.49877033,-1.0,19,8513,,False
9.50124304,-1.0,19,8144,,False
9.53336836,-1.0,19,5800,,False
9.53372586,-1.0,19,6497,,False
9.53532432,-1.0,20,9760,,False
9.53605351,-1.0,20,6916,,False
9.53942425,-1.0,20,7512,,False
9.54093248,-1.0,20,7472,,False
9.54266474,-1.0,20,7917,,False
9.54326181,-1.0,20,7439,,False
9.54391872,-1.0,20,5383,,False
9.54405602,-1.0,20,6562,,False
9.54432724,-1.0,20,4470,,False
9.54460198,-1.0,21,8284,,False
9.54501160,-1.0,21,5309,,False
9.54511183,-1.0,21,8559,,False
9.54589293,-1.0,21,8223,,False
9.54889453,-1.0,21,8896,,False
9.55497797,-1.0,21,7096,,False
9.55524979,-1.0,21,6760,,False
9.55631480,-1.0,21,5723,,False
9.55666886,-1.0,21,5484,,False
9.55681894,-1.0,21,9287,,False
9.55699734,-1.0,22,6145,,False
9.55706398,-1.0,22,9629,,False
9.55727493,-1.0,22,7685,,False
9.55737003,-1.0,22,4605,,False
9.55741719,-1.0,22,7761,,False
9.55774941,-1.0,22,7812,,False
9.55837115,-1.0,22,4592,,False
9.55871521,-1.0,23,5030,,False
9.55878613,-1.0,23,5269,,False
9.55890860,-1.0,23,5397,,False
9.55903982,-1.0,23,5850,,False
9.55910460,-1.0,23,8605,,False
9.55950820,-1.0,23,5314,,False
9.55968685,-1.0,23,4963,,False
9.56019227,-1.0,23,7344,,False
9.56027378,-1.0,23,7169,,False
9.56035095,-1.0,23,5136,,False
9.56059749,-1.0,24,7092,,False
9.56074505,-1.0,24,8570,,False
9.56110001,-1.0,24,5919,,False
9.56124994,-1.0,24,6327,,False
9.56142682,-1.0,24,9317,,False
9.56191866,-1.0,24,8336,,False
9.56203969,-1.0,24,7934,,False
9.56222840,-1.0,24,8497,,False
9.56294102,-1.0,24,6713,,False
9.56326234,-1.0,25,6900,,False
9.56347085,-1.0,25,6178,,False
9.56356321,-1.0,25,7181,,False
9.56368818,-1.0,25,7874,,False
9.56454686,-1.0,25,8398,,False
9.56499089,-1.0,25,8528,,False
9.56510017,-1.0,25,8788,,False
9.56640873,-1.0,25,9180,,False
9.56663455,-1.0,25,9062,,False
9.56672929,-1.0,26,8453,,False
9.56688306,-1.0,26,6344,,False
9.56689329,-1.0,26,9362,,False
9.56703781,-1.0,26,8407,,False
9.56719255,-1.0,26,9869,,False
9.57295729,-1.0,26,9042,,False
9.57335047,-1.0,26,9641,,False
9.57341932,-1.0,26,9315,,False
9.57360137,-1.0,26,9354,,False
9.57657610,-1.0,26,8061,,False
9.57709351,-1.0,27,7555,,False
9.57904374,-1.0,27,6830,,False
9.57941601,-1.0,27,6803,,False
9.57979596,-1.0,27,6146,,False
9.58023592,-1.0,27,6952,,False
9.58041432,-1.0,27,7504,,False
9.58062290,-1.0,27,7893,,False
9.58089309,-1.0,27,8295,,False
9.58135092,-1.0,27,8971,,False
9.58145397,-1.0,28,8859,,False
9.58163010,-1.0,28,9894,,False
9.58165159,-1.0,28,8572,,False
9.58172334,-1.0,28,9418,,False
9.58179322,-1.0,28,8569,,False
9.58320099,-1.0,28,8072,,False
9.58445443,-1.0,28,9007,,False
9.58940615,-1.0,29,7600,,False
9.59000544,-1.0,29,6116,,False
9.59013443,-1.0,29,6588,,False
9.59096450,-1.0,29,6319,,False
9.59111671,-1.0,29,4152,,False
9.59134010,-1.0,29,3841,,False
9.59157178,-1.0,29,4966,,False
9.59181461,-1.0,29,3991,,False
9.59206005,-1.0,29,3884,,False
9.59266789,-1.0,29,9198,,False
9.59293718,-1.0,30,3706,,False
9.59307104,-1.0,30,9117,,False
9.59313868,-1.0,30,3750,,False
9.59323401,-1.0,30,3006,,False
9.59323873,-1.0,30,9411,,False
9.59342338,-1.0,30,9001,,False
9.59417263,-1.0,30,3833,,False
9.59440261,-1.0,30,9749,,False
9.59471107,-1.0,30,3315,,False
9.59505138,-1.0,30,8814,,False
9.59539701,-1.0,31,3508,,False
9.59553971,-1.0,31,7018,,False
9.59597493,-1.0,31,1468,,False
9.59648797,-1.0,31,6374,,False
9.59656636,-1.0,31,1995,,False
9.59663983,-1.0,31,5543,,False
9.59695290,-1.0,31,6973,,False
9.59724492,-1.0,31,4148,,False
9.59808425,-1.0,32,3220,,False
9.59867673,-1.0,32,7959,,False
9.59873595,-1.0,32,2875,,False
9.59966767,-1.0,32,3526,,False
9.59983037,-1.0,32,3247,,False
9.60027149,-1.0,32,2357,,False
9.60056108,-1.0,32,2083,,False
9.60123213,-1.0,33,1602,,False
9.60147958,-1.0,33,4071,,False
9.60159081,-1.0,33,5895,,False
9.60176697,-1.0,33,3113,,False
9.60193799,-1.0,33,7708,,False
9.60266345,-1.0,33,4369,,False
9.60303497,-1.0,33,2656,,False
9.60315593,-1.0,33,6242,,False
9.60316492,-1.0,33,2837,,False
9.60322288,-1.0,33,2162,,False
9.60323515,-1.0,34,6596,,False
9.60393465,-1.0,34,1353,,False
9.60459838,-1.0,34,2598,,False
9.60555277,-1.0,34,8372,,False
9.60560731,-1.0,34,5587,,False
9.60575449,-1.0,34,2332,,False
9.60582917,-1.0,34,7185,,False
9.60588852,-1.0,34,1473,,False
9.60605580,-1.0,34,2886,,False
9.60617593,-1.0,34,6625,,False
9.60641841,-1.0,35,2508,,False
9.60677348,-1.0,35,3084,,False
9.60802177,-1.0,35,4220,,False
9.60849696,-1.0,35,3872,,False
9.60861530,-1.0,35,9366,,False
9.60909100,-1.0,35,3820,,False
9.60955051,-1.0,35,9427,,False
9.60994479,-1.0,35,3961,,False
9.60998945,-1.0,35,8939,,False
9.61016143,-1.0,35,4072,,False
9.61054010,-1.0,36,4017,,False
9.61122298,-1.0,36,3302,,False
9.61141043,-1.0,36,7806,,False
9.61165113,-1.0,36,7076,,False
9.61212507,-1.0,36,3498,,False
9.61216657,-1.0,36,7010,,False
9.61224110,-1.0,36,7875,,False
9.61251474,-1.0,37,2999,,False
9.61422622,-1.0,37,2190,,False
9.61440877,-1.0,37,5624,,False
9.61517629,-1.0,37,2612,,False
9.61558719,-1.0,37,7559,,False
9.61569996,-1.0,37,3189,,False
9.61649565,-1.0,37,3131,,False
9.61649868,-1.0,37,7257,,False
9.61797481,-1.0,38,9920,,False
9.62130316,-1.0,38,2725,,False
9.62150163,-1.0,38,6168,,False
9.62169922,-1.0,38,2467,,False
9.62235027,-1.0,38,3610,,False
9.62253462,-1.0,38,2302,,False
9.62281489,-1.0,38,3200,,False
9.62302636,-1.0,38,6689,,False
9.63445670,-1.0,38,7554,,False
9.63623737,-1.0,38,9212,,False
9.63782917,-1.0,39,9222,,False
9.63851038,-1.0,39,3678,,False
9.63993361,-1.0,39,1803,,False
9.64002120,-1.0,39,1842,,False
9.64012960,-1.0,39,993,,False
9.64020368,-1.0,39,1516,,False
9.64023900,-1.0,39,1373,,False
9.64054437,-1.0,40,972,,False
9.64063377,-1.0,40,1673,,False
9.64071639,-1.0,40,2965,,False
9.64125268,-1.0,40,1214,,False
9.64132619,-1.0,40,4723,,False
9.64136921,-1.0,40,1011,,False
9.64148567,-1.0,40,1240,,False
9.64148805,-1.0,40,3367,,False
9.64153335,-1.0,40,1256,,False
9.64162272,-1.0,40,960,,False
9.64177915,-1.0,41,1762,,False
9.64180221,-1.0,41,4537,,False
9.64206466,-1.0,41,1617,,False
9.64214984,-1.0,41,922,,False
9.64222042,-1.0,41,1419,,False
9.64249223,-1.0,41,1698,,False
9.64311076,-1.0,41,1526,,False
9.64312610,-1.0,41,2390,,False
9.64319317,-1.0,41,3301,,False
9.64330171,-1.0,41,2727,,False
9.64333254,-1.0,42,4210,,False
9.64334748,-1.0,42,2147,,False
9.64360984,-1.0,42,2166,,False
9.64362562,-1.0,42,1520,,False
9.64364471,-1.0,42,3885,,False
9.64366032,-1.0,42,1136,,False
9.64716710,-1.0,42,6273,,False
9.64748357,-1.0,42,798,,False
9.64773446,-1.0,43,1223,,False
9.64804588,-1.0,43,1201,,False
9.64809067,-1.0,43,2314,,False
9.64816356,-1.0,43,1712,,False
9.64837309,-1.0,43,1273,,False
9.64840652,-1.0,43,3180,,False
9.64859459,-1.0,44,1102,,False
9.64864385,-1.0,44,4247,,False
9.64882786,-1.0,44,867,,False
9.64900028,-1.0,44,4747,,False
9.64912165,-1.0,44,1507,,False
9.64934334,-1.0,44,5603,,False
9.64952025,-1.0,44,1485,,False
9.64970283,-1.0,44,916,,False
9.64982957,-1.0,44,2702,,False
9.64988281,-1.0,44,1478,,False
9.65003535,-1.0,45,567,,False
9.65016996,-1.0,45,1889,,False
9.65019579,-1.0,45,1171,,False
9.65020356,-1.0,45,4306,,False
9.65039038,-1.0,45,1339,,False
9.65043365,-1.0,45,3504,,False
9.65051017,-1.0,45,1806,,False
9.65053562,-1.0,45,859,,False
9.65055535,-1.0,45,577,,False
9.65057669,-1.0,46,2493,,False
9.65067392,-1.0,46,1049,,False
9.65069590,-1.0,46,714,,False
9.65077452,-1.0,46,1210,,False
9.65078205,-1.0,46,2606,,False
9.65082433,-1.0,46,994,,False
9.65084621,-1.0,46,894,,False
9.65093309,-1.0,46,3819,,False
9.65117842,-1.0,46,1705,,False
9.65131843,-1.0,47,1580,,False
9.65139363,-1.0,47,642,,False
9.65144547,-1.0,47,2480,,False
9.65150209,-1.0,47,1501,,False
9.65173754,-1.0,47,1064,,False
9.65186729,-1.0,47,1561,,False
9.65212780,-1.0,47,4246,,False
9.65214215,-1.0,48,777,,False
9.65234247,-1.0,48,773,,False
9.65245134,-1.0,48,1137,,False
9.65555803,-1.0,48,1556,,False
9.65567078,-1.0,48,2931,,False
9.65569410,-1.0,48,1823,,False
9.65570041,-1.0,49,747,,False
9.65583992,-1.0,49,861,,False
9.65584909,-1.0,49,1266,,False
9.65588944,-1.0,49,4292,,False
9.65604467,-1.0,49,1453,,False
9.65604725,-1.0,49,4558,,False
9.65635325,-1.0,49,1766,,False
9.65641249,-1.0,49,2531,,False
9.65647764,-1.0,49,783,,False
9.65664473,-1.0,49,5184,,False
9.65668229,-1.0,50,1967,,False
9.65669532,-1.0,50,988,,False
9.65721396,-1.0,50,6732,,False
9.65780695,-1.0,50,9210,,False
9.65910882,-1.0,50,8595,,False
9.66120478,-1.0,50,9010,,False
9.66211653,-1.0,50,8158,,False
9.66385052,-1.0,50,7107,,False
9.66449540,-1.0,50,8209,,False
9.66750205,-1.0,50,7141,,False
9.66799431,-1.0,51,7320,,False
9.66824615,-1.0,51,4987,,False
9.66839571,-1.0,51,7285,,False
9.66849785,-1.0,51,8370,,False
9.66897366,-1.0,51,4820,,False
9.66958448,-1.0,51,7939,,False
9.67028566,-1.0,51,4975,,False
9.67083216,-1.0,51,8862,,False
9.67126535,-1.0,51,9246,,False
9.67322613,-1.0,52,6032,,False
9.67690014,-1.0,52,5875,,False
9.67871766,-1.0,52,6650,,False
9.67880838,-1.0,52,4374,,False
9.67904937,-1.0,52,6526,,False
9.67915759,-1.0,52,5196,,False
9.67929035,-1.0,52,7833,,False
9.67940083,-1.0,52,6289,,False
9.67960717,-1.0,53,8400,,False
9.67962482,-1.0,53,4989,,False
9.68005371,-1.0,53,5353,,False
9.68031624,-1.0,53,8162,,False
9.68056155,-1.0,53,6932,,False
9.68062599,-1.0,53,314,,False
9.68064216,-1.0,53,7212,,False
9.68172425,-1.0,53,8479,,False
9.71140349,-1.0,53,1569,,False
9.71715296,-1.0,54,247,,False
9.72104159,-1.0,54,1098,,False
9.72152009,-1.0,54,513,,False
9.72168996,-1.0,54,767,,False
9.72260717,-1.0,54,1207,,False
9.72314833,-1.0,54,795,,False
9.72315350,-1.0,54,607,,False
9.72338357,-1.0,54,437,,False
9.72350621,-1.0,54,7795,,False
9.72351948,-1.0,54,9499,,False
9.72361297,-1.0,55,483,,False
9.72369007,-1.0,55,7358,,False
9.72369960,-1.0,55,451,,False
9.72393396,-1.0,55,8079,,False
9.72413259,-1.0,55,672,,False
9.72428644,-1.0,55,6978,,False
9.72433741,-1.0,55,355,,False
9.72435488,-1.0,55,576,,False
9.72451699,-1.0,55,649,,False
9.72455623,-1.0,56,262,,False
9.72463329,-1.0,56,614,,False
9.72471351,-1.0,56,267,,False
9.72473442,-1.0,56,8994,,False
9.72476260,-1.0,56,791,,False
9.72499858,-1.0,56,386,,False
9.72502505,-1.0,56,1239,,False
9.72503089,-1.0,56,6642,,False
9.72959729,-1.0,56,4693,,False
9.73149784,-1.0,56,6043,,False
9.73250033,-1.0,57,3118,,False
9.73310818,-1.0,57,564,,False
9.73517072,-1.0,57,1086,,False
9.73526908,-1.0,57,4911,,False
9.73552090,-1.0,57,1607,,False
9.73585033,-1.0,57,1377,,False
9.73585627,-1.0,57,5637,,False
9.73756462,-1.0,57,1864,,False
9.73763901,-1.0,57,2707,,False
9.73794736,-1.0,58,954,,False
9.73836330,-1.0,58,2542,,False
9.73840572,-1.0,58,917,,False
9.73850109,-1.0,58,1275,,False
9.73869355,-1.0,58,1499,,False
9.73871111,-1.0,58,2120,,False
9.73902725,-1.0,58,1515,,False
9.73903736,-1.0,58,1196,,False
9.73925205,-1.0,58,1983,,False
9.73935702,-1.0,58,1636,,False
9.73956933,-1.0,59,1500,,False
9.73988255,-1.0,59,3210,,False
9.74007952,-1.0,59,2408,,False
9.74114355,-1.0,59,1643,,False
9.74119055,-1.0,59,1962,,False
9.74129389,-1.0,59,1609,,False
9.74138795,-1.0,60,1896,,False
9.74143132,-1.0,60,2255,,False
9.74199562,-1.0,60,2068,,False
9.76348473,-1.0,60,7589,,False
9.76480464,-1.0,60,8009,,False
9.76505255,-1.0,60,4238,,False
9.76524457,-1.0,60,4392,,False
9.76545102,-1.0,60,4457,,False
9.76594282,-1.0,60,4899,,False
9.76617110,-1.0,60,5296,,False
9.76644694,-1.0,61,4994,,False
9.76652875,-1.0,61,3758,,False
9.76653812,-1.0,61,3630,,False
9.76681520,-1.0,61,2969,,False
9.76693340,-1.0,61,4304,,False
9.76747126,-1.0,61,5125,,False
9.76797918,-1.0,61,6764,,False
9.76812292,-1.0,61,6991,,False
9.76921315,-1.0,61,3769,,False
9.76941285,-1.0,61,4083,,False
9.76964993,-1.0,62,7543,,False
9.76995147,-1.0,62,5507,,False
9.77008295,-1.0,62,6553,,False
9.77077241,-1.0,62,6703,,False
9.77165212,-1.0,62,5053,,False
9.77183050,-1.0,62,3670,,False
9.77193674,-1.0,62,3479,,False
9.77253649,-1.0,62,9103,,False
9.77282557,-1.0,62,3705,,False
9.77311252,-1.0,63,9009,,False
9.77312363,-1.0,63,3478,,False
9.77341655,-1.0,63,3451,,False
9.77407296,-1.0,63,9913,,False
9.77571698,-1.0,63,3664,,False
9.96404016,-1.0,63,8567,,False
9.98993846,-1.0,63,7410,,False
9.99005252,-1.0,63,7114,,False
9.99042740,-1.0,63,7825,,False
9.99586578,-1.0,64,9949,,False
9.102827661,-1.0,64,4770,,False
9.110412450,-1.0,64,8334,,False
9.110444583,-1.0,64,8153,,False
9.110516593,-1.0,64,7924,,False
9.110559158,-1.0,64,8803,,False
9.110591234,-1.0,64,8195,,False
9.110645415,-1.0,64,7557,,False
9.110705645,-1.0,64,9342,,False
9.110712756,-1.0,64,4214,,False
9.110763947,-1.0,65,6084,,False
9.110924782,-1.0,65,6680,,False
9.111578900,-1.0,65,8670,,False
9.111654804,-1.0,65,9906,,False
9.111706914,-1.0,65,8240,,False
9.111973126,-1.0,65,9441,,False
9.112162605,-1.0,65,7610,,False
9.112190396,-1.0,65,6044,,False
9.112191371,-1.0,66,9294,,False
9.112201983,-1.0,66,9696,,False
9.112229173,-1.0,66,7136,,False
9.112339876,-1.0,66,9538,,False
9.112372720,-1.0,66,9353,,False
9.112434936,-1.0,66,9207,,False
9.112479890,-1.0,66,7050,,False
9.112482649,-1.0,66,9714,,False
9.112493266,-1.0,66,9715,,False
9.112494088,-1.0,67,7308,,False
9.112531539,-1.0,67,9726,,False
9.112644441,-1.0,67,7990,,False
9.112645443,-1.0,67,7808,,False
9.112662658,-1.0,67,8805,,False
9.112665146,-1.0,67,7506,,False
9.112667832,-1.0,67,8301,,False
9.112700629,-1.0,67,8129,,False
9.112705695,-1.0,67,8488,,False
9.112712288,-1.0,67,6651,,False
9.112754666,-1.0,68,8392,,False
9.112790529,-1.0,68,8418,,False
9.113035896,-1.0,68,3263,,False
9.113038293,-1.0,68,9970,,False
9.113040483,-1.0,68,9440,,False
9.113050884,-1.0,68,8978,,False
9.113056713,-1.0,68,4701,,False
9.113065279,-1.0,68,4205,,False
9.113087260,-1.0,68,4501,,False
9.113095848,-1.0,68,9625,,False
9.113102885,-1.0,69,5133,,False
9.113118885,-1.0,69,5047,,False
9.113128163,-1.0,69,4794,,False
9.113147137,-1.0,69,5751,,False
9.113168870,-1.0,69,4518,,False
9.113178348,-1.0,69,4905,,False
9.113198921,-1.0,69,6376,,False
9.113235077,-1.0,69,5434,,False
9.113241274,-1.0,69,6718,,False
9.113261469,-1.0,69,8354,,False
9.113328505,-1.0,70,4524,,False
9.113408252,-1.0,70,3768,,False
9.113663954,-1.0,70,4689,,False
9.113695349,-1.0,70,4090,,False
9.114702407,-1.0,70,9385,,False
9.114838245,-1.0,70,3048,,False
9.114839611,-1.0,70,4218,,False
9.114852062,-1.0,70,9059,,False
9.114880376,-1.0,71,9493,,False
9.114901422,-1.0,71,4428,,False
9.114917397,-1.0,71,8450,,False
9.114945537,-1.0,71,9301,,False
9.114963745,-1.0,71,9588,,False
9.114967680,-1.0,71,4341,,False
9.115067930,-1.0,71,4664,,False
9.115606894,-1.0,71,8066,,False
9.115734456,-1.0,71,8966,,False
9.115765142,-1.0,71,8789,,False
9.115944428,-1.0,72,9122,,False
9.116016321,-1.0,72,8205,,False
9.116029619,-1.0,72,8071,,False
9.116042748,-1.0,72,9836,,False
9.117997542,-1.0,72,5076,,False
9.118066186,-1.0,72,6843,,False
9.118127161,-1.0,72,6806,,False
9.118176550,-1.0,72,8391,,False
9.118214489,-1.0,73,4316,,False
9.118256895,-1.0,73,6077,,False
9.118307957,-1.0,73,6127,,False
9.118327216,-1.0,73,3867,,False
9.118363058,-1.0,73,4494,,False
9.118423317,-1.0,73,4881,,False
9.118617396,-1.0,73,6887,,False
9.118779144,-1.0,73,9899,,False
9.118935978,-1.0,73,8768,,False
9.118936371,-1.0,73,9548,,False
9.118968142,-1.0,74,9812,,False
9.119264947,-1.0,74,9419,,False
9.119310860,-1.0,74,8247,,False
9.119709731,-1.0,74,9860,,False
6.4271808,-1.0,0,6484,,False
6.7032381,-1.0,0,9917,,False
6.7064303,-1.0,0,8934,,False
6.7184100,-1.0,0,9580,,False
6.7198463,-1.0,0,9149,,False
6.7254184,-1.0,0,9181,,False
6.7286107,-1.0,0,7800,,False
6.7493178,-1.0,0,8395,,False
6.7522204,-1.0,0,7902,,False
6.7549934,-1.0,0,8638,,False
6.7567664,-1.0,1,9654,,False
6.7577337,-1.0,1,8869,,False
6.7701444,-1.0,1,8460,,False
6.7759988,-1.0,1,9764,,False
6.7804927,-1.0,1,9935,,False
6.7903556,-1.0,1,8201,,False
6.8679887,-1.0,1,9388,,False
6.13270067,-1.0,1,7889,,False
6.19280630,-1.0,2,5465,,False
6.19318437,-1.0,2,7784,,False
6.19376172,-1.0,2,4950,,False
6.19506788,-1.0,2,4560,,False
6.21240448,-1.0,2,3341,,False
6.21241044,-1.0,2,5969,,False
6.21276193,-1.0,2,2783,,False
6.21279245,-1.0,2,4171,,False
6.21292781,-1.0,2,2637,,False
6.21304442,-1.0,2,7843,,False
6.21324104,-1.0,3,6189,,False
6.21334659,-1.0,3,3443,,False
6.21375199,-1.0,3,6548,,False
6.21376370,-1.0,3,3815,,False
6.21484768,-1.0,3,3733,,False
6.21500327,-1.0,3,3800,,False
6.21519554,-1.0,3,5126,,False
6.21548684,-1.0,3,9400,,False
6.21550981,-1.0,3,5952,,False
6.21635976,-1.0,4,8692,,False
6.24901467,-1.0,4,9520,,False
6.25040102,-1.0,4,9022,,False
6.25107255,-1.0,4,6339,,False
6.25163207,-1.0,4,6554,,False
6.25269234,-1.0,4,7863,,False
6.27346129,-1.0,4,6300,,False
6.27536690,-1.0,4,6535,,False
6.27594038,-1.0,4,6380,,False
6.27633450,-1.0,5,6805,,False
6.27940562,-1.0,5,7752,,False
6.28028078,-1.0,5,5917,,False
6.28095712,-1.0,5,7703,,False
6.28122390,-1.0,5,6630,,False
6.28177512,-1.0,5,6957,,False
6.28254818,-1.0,5,5139,,False
6.28354772,-1.0,5,3767,,False
6.28360045,-1.0,5,4476,,False
6.28401004,-1.0,5,1822,,False
6.28451367,-1.0,6,2203,,False
6.28524962,-1.0,6,1742,,False
6.28752109,-1.0,6,2810,,False
6.29607222,-1.0,6,4076,,False
6.29617871,-1.0,6,1408,,False
6.29624065,-1.0,6,3638,,False
6.29625283,-1.0,6,1506,,False
6.29657181,-1.0,6,771,,False
6.29666836,-1.0,6,3942,,False
6.29672431,-1.0,7,834,,False
6.29756689,-1.0,7,2189,,False
6.29823398,-1.0,7,2097,,False
6.29855833,-1.0,7,3492,,False
6.29889998,-1.0,7,292,,False
6.29899520,-1.0,7,3550,,False
6.42399012,-1.0,7,8087,,False
6.42425820,-1.0,7,7839,,False
6.42432000,-1.0,8,7697,,False
6.42494008,-1.0,8,7165,,False
6.43787017,-1.0,8,9273,,False
6.43860691,-1.0,8,9828,,False
6.44039226,-1.0,8,8798,,False
6.44153243,-1.0,8,8338,,False
6.44379550,-1.0,9,7078,,False
6.44759832,-1.0,9,8636,,False
6.44781755,-1.0,9,8434,,False
6.44803973,-1.0,9,4654,,False
6.44818057,-1.0,9,5077,,False
6.45152438,-1.0,9,9450,,False
6.45359116,-1.0,9,9348,,False
6.50047166,-1.0,9,8986,,False
6.50468460,-1.0,9,9572,,False
6.50547385,-1.0,10,3624,,False
6.50590299,-1.0,10,8921,,False
6.50596482,-1.0,10,4483,,False
6.50612181,-1.0,10,5299,,False
6.50661535,-1.0,10,9218,,False
6.50680113,-1.0,10,9444,,False
6.50682508,-1.0,10,4751,,False
6.50710740,-1.0,11,9513,,False
6.50742305,-1.0,11,4775,,False
6.50776444,-1.0,11,8340,,False
6.50799181,-1.0,11,5381,,False
6.50837864,-1.0,11,4886,,False
6.50898823,-1.0,11,7206,,False
6.50934568,-1.0,11,7625,,False
6.51129375,-1.0,11,6354,,False
6.51156934,-1.0,11,3290,,False
6.51179380,-1.0,12,6782,,False
6.51281350,-1.0,12,8981,,False
6.51293238,-1.0,12,6814,,False
6.51318063,-1.0,12,4509,,False
6.51341523,-1.0,12,8229,,False
6.51475027,-1.0,12,9370,,False
6.51616352,-1.0,12,4949,,False
6.51633874,-1.0,12,9709,,False
6.51725735,-1.0,13,9356,,False
6.51810785,-1.0,13,4896,,False
6.51964224,-1.0,13,7700,,False
6.52191525,-1.0,13,8549,,False
6.52293257,-1.0,13,8864,,False
6.52438274,-1.0,13,9432,,False
6.52726362,-1.0,14,8215,,False
6.52750284,-1.0,14,9998,,False
6.52768038,-1.0,14,9932,,False
6.52786737,-1.0,14,7194,,False
6.52850415,-1.0,14,5935,,False
6.53013992,-1.0,14,7744,,False
6.53182173,-1.0,14,2934,,False
6.53221806,-1.0,14,1905,,False
6.53348737,-1.0,15,3951,,False
6.54475566,-1.0,15,9651,,False
6.54534199,-1.0,15,7268,,False
6.54694946,-1.0,15,4773,,False
6.54724063,-1.0,15,6770,,False
6.54736922,-1.0,15,6080,,False
6.54741321,-1.0,15,7946,,False
6.54787103,-1.0,15,6837,,False
6.54789564,-1.0,15,6647,,False
6.54830406,-1.0,16,7214,,False
6.54861040,-1.0,16,6938,,False
6.54992241,-1.0,16,7017,,False
6.58419177,-1.0,16,9657,,False
6.58589797,-1.0,16,8948,,False
6.58597158,-1.0,16,9988,,False
6.58641461,-1.0,16,8898,,False
6.58672277,-1.0,16,9965,,False
6.58882740,-1.0,17,8367,,False
6.58896133,-1.0,17,9454,,False
6.59313653,-1.0,17,8709,,False
6.59327265,-1.0,17,5611,,False
6.59355126,-1.0,17,6661,,False
6.59372050,-1.0,17,7300,,False
6.59427465,-1.0,17,6215,,False
6.59434534,-1.0,17,5754,,False
6.59465646,-1.0,18,5672,,False
6.59469843,-1.0,18,5214,,False
6.59499727,-1.0,18,4475,,False
6.59585867,-1.0,18,5885,,False
6.59596664,-1.0,18,7243,,False
6.59660968,-1.0,18,4035,,False
6.59664625,-1.0,18,6874,,False
6.59681291,-1.0,18,6889,,False
6.59732579,-1.0,18,7399,,False
6.59750462,-1.0,19,7417,,False
6.59753475,-1.0,19,6137,,False
6.59770799,-1.0,19,9859,,False
6.59861925,-1.0,19,7414,,False
6.59892828,-1.0,19,6332,,False
6.59901466,-1.0,19,6878,,False
6.59905733,-1.0,19,2781,,False
6.59921418,-1.0,19,6004,,False
6.59937712,-1.0,19,5088,,False
6.59975586,-1.0,19,4521,,False
6.59988383,-1.0,20,4548,,False
6.59992837,-1.0,20,4460,,False
6.60017499,-1.0,20,4993,,False
6.60056426,-1.0,20,5480,,False
6.60094383,-1.0,20,5099,,False
6.60108858,-1.0,20,4999,,False
6.60111880,-1.0,20,4176,,False
6.60207614,-1.0,20,3238,,False
6.60231948,-1.0,20,4637,,False
6.60287473,-1.0,20,4111,,False
6.60309596,-1.0,21,4325,,False
6.60385838,-1.0,21,4264,,False
6.60387080,-1.0,21,4149,,False
6.60426358,-1.0,21,2908,,False
6.60439641,-1.0,21,3689,,False
6.60443839,-1.0,21,2670,,False
6.60452871,-1.0,21,3952,,False
6.60486645,-1.0,21,2547,,False
6.60498116,-1.0,21,3579,,False
6.60581541,-1.0,22,3320,,False
6.60581586,-1.0,22,2816,,False
6.60601007,-1.0,22,3264,,False
6.60606708,-1.0,22,9994,,False
6.60616925,-1.0,22,3352,,False
6.60630258,-1.0,22,3339,,False
6.60684698,-1.0,22,3751,,False
6.60695445,-1.0,23,3202,,False
6.61191970,-1.0,23,8678,,False
6.61229713,-1.0,23,9485,,False
6.61241639,-1.0,23,9142,,False
6.61242515,-1.0,23,9549,,False
6.61610604,-1.0,23,9019,,False
6.61641791,-1.0,24,8842,,False
6.61680538,-1.0,24,8380,,False
6.61888306,-1.0,24,5127,,False
6.61955784,-1.0,24,6180,,False
6.62008912,-1.0,24,5241,,False
6.62165338,-1.0,24,6880,,False
6.62177915,-1.0,25,6881,,False
6.62572036,-1.0,25,7201,,False
6.62614218,-1.0,25,7520,,False
6.62680371,-1.0,25,8845,,False
6.62680938,-1.0,25,7852,,False
6.62703392,-1.0,25,5042,,False
6.62708751,-1.0,25,8111,,False
6.62741950,-1.0,25,8165,,False
6.62774674,-1.0,25,7702,,False
6.62801490,-1.0,25,5534,,False
6.62948377,-1.0,26,7465,,False
6.62964986,-1.0,26,7054,,False
6.62975380,-1.0,26,8100,,False
6.62986479,-1.0,26,6817,,False
6.62988975,-1.0,26,7993,,False
6.62996531,-1.0,26,7415,,False
6.63254194,-1.0,27,7539,,False
6.63306524,-1.0,27,7635,,False
6.63324508,-1.0,27,7680,,False
6.63354590,-1.0,27,7467,,False
6.63423677,-1.0,27,8912,,False
6.64399992,-1.0,28,8523,,False
6.64421674,-1.0,28,9186,,False
6.65238301,-1.0,28,8624,,False
6.65991507,-1.0,28,9530,,False
6.66224538,-1.0,28,7197,,False
6.66784042,-1.0,28,7858,,False
6.66796050,-1.0,28,9479,,False
6.66870924,-1.0,28,7529,,False
6.66968708,-1.0,29,7488,,False
6.66979195,-1.0,29,5986,,False
6.66986487,-1.0,29,9674,,False
6.66999757,-1.0,29,6138,,False
6.67004172,-1.0,29,9775,,False
6.67012734,-1.0,29,6181,,False
6.67013510,-1.0,29,9784,,False
6.67021954,-1.0,29,9645,,False
6.67027694,-1.0,29,6274,,False
6.67045266,-1.0,29,9313,,False
6.67102507,-1.0,30,6998,,False
6.67235890,-1.0,30,7756,,False
6.67303857,-1.0,30,7024,,False
6.72634561,-1.0,30,9597,,False
6.72649700,-1.0,30,8420,,False
6.88561474,-1.0,30,9300,,False
6.89213912,-1.0,30,9914,,False
6.89354663,-1.0,30,9168,,False
6.89386882,-1.0,31,9527,,False
6.90266069,-1.0,31,9468,,False
6.90351515,-1.0,31,8545,,False
6.90382380,-1.0,31,7249,,False
6.90742066,-1.0,31,9796,,False
6.95803911,-1.0,31,9943,,False
6.95928445,-1.0,31,9753,,False
6.96034546,-1.0,31,9993,,False
6.96335530,-1.0,31,6454,,False
6.96381267,-1.0,31,4942,,False
6.96617347,-1.0,32,6866,,False
6.96619125,-1.0,32,5844,,False
6.96631681,-1.0,32,6385,,False
6.96632217,-1.0,32,7493,,False
6.96655149,-1.0,32,5764,,False
6.96655261,-1.0,32,7000,,False
6.96680519,-1.0,32,7462,,False
6.96680781,-1.0,32,7646,,False
6.96699103,-1.0,32,5029,,False
6.96716286,-1.0,32,7903,,False
6.96731497,-1.0,33,5266,,False
6.96737618,-1.0,33,7598,,False
6.96738992,-1.0,33,6786,,False
6.96809613,-1.0,33,6046,,False
6.96854902,-1.0,33,5696,,False
6.96946696,-1.0,33,9033,,False
6.96948352,-1.0,33,4079,,False
6.97160039,-1.0,33,5036,,False
6.97197624,-1.0,34,5105,,False
6.97250719,-1.0,34,8297,,False
6.97401772,-1.0,34,5831,,False
6.97470368,-1.0,34,5325,,False
6.97492585,-1.0,35,8867,,False
6.97579391,-1.0,35,5950,,False
6.97641083,-1.0,35,5570,,False
6.97654818,-1.0,35,6148,,False
6.97672965,-1.0,35,5298,,False
6.97724422,-1.0,35,5473,,False
6.97749795,-1.0,35,4912,,False
6.97779884,-1.0,35,5436,,False
6.97876340,-1.0,35,8154,,False
6.97905989,-1.0,36,6321,,False
6.97940491,-1.0,36,6335,,False
6.98012694,-1.0,36,8133,,False
6.98086382,-1.0,36,4870,,False
6.98094234,-1.0,36,5435,,False
6.98139827,-1.0,36,5916,,False
6.98163756,-1.0,36,4840,,False
6.98180004,-1.0,36,4687,,False
6.98185709,-1.0,36,6851,,False
6.98195049,-1.0,36,4327,,False
6.98195327,-1.0,37,9091,,False
6.98198685,-1.0,37,9296,,False
6.98198796,-1.0,37,4526,,False
6.98201819,-1.0,37,4321,,False
6.98219697,-1.0,37,4665,,False
6.98249357,-1.0,37,6227,,False
6.98268621,-1.0,37,6098,,False
6.98309684,-1.0,37,7385,,False
6.98326974,-1.0,37,7129,,False
6.98352994,-1.0,37,3440,,False
6.98368580,-1.0,38,3340,,False
6.98370995,-1.0,38,9907,,False
6.98427978,-1.0,38,3976,,False
6.98453121,-1.0,38,4266,,False
6.98503983,-1.0,38,4196,,False
6.98532686,-1.0,38,3968,,False
6.98569766,-1.0,38,3509,,False
6.98615046,-1.0,38,3671,,False
6.98652362,-1.0,38,3871,,False
6.100656096,-1.0,38,6343,,False
6.117037885,-1.0,39,9579,,False
6.117117901,-1.0,39,9321,,False
6.117123899,-1.0,39,9944,,False
6.117316276,-1.0,39,9279,,False
6.118047947,-1.0,39,8850,,False
6.118093518,-1.0,39,8756,,False
6.130042564,-1.0,39,4606,,False
6.137809491,-1.0,39,8422,,False
6.145425612,-1.0,39,9119,,False
6.145448178,-1.0,39,7362,,False
6.145472182,-1.0,40,7909,,False
6.145613788,-1.0,40,9141,,False
6.146061435,-1.0,40,9459,,False
6.146423061,-1.0,40,9270,,False
6.146531381,-1.0,40,8728,,False
6.147298644,-1.0,41,9395,,False
8.25773148,-1.0,0,7276,,False
8.25787259,-1.0,0,7128,,False
8.25928162,-1.0,0,7408,,False
8.25994793,-1.0,0,8103,,False
8.26036946,-1.0,0,9027,,False
8.26070442,-1.0,0,9575,,False
8.26103382,-1.0,0,5782,,False
8.26112914,-1.0,0,9455,,False
8.26132665,-1.0,0,8992,,False
8.26139932,-1.0,0,5805,,False
8.26151238,-1.0,1,6706,,False
8.26165862,-1.0,1,6134,,False
8.26177370,-1.0,1,5295,,False
8.26364921,-1.0,1,7720,,False
8.26392001,-1.0,1,6102,,False
8.26441483,-1.0,1,6790,,False
8.26550689,-1.0,1,7264,,False
8.26608398,-1.0,1,4003,,False
8.45675890,-1.0,2,6936,,False
8.45713896,-1.0,2,3701,,False
8.45714978,-1.0,2,7956,,False
8.45757681,-1.0,2,7515,,False
8.45939454,-1.0,2,8419,,False
8.45960183,-1.0,2,9792,,False
8.46167234,-1.0,2,9707,,False
8.48563831,-1.0,2,5887,,False
8.48600633,-1.0,3,5733,,False
8.48651020,-1.0,3,6240,,False
8.48686519,-1.0,3,6694,,False
8.48784269,-1.0,3,3104,,False
8.48790565,-1.0,3,5870,,False
8.49166937,-1.0,3,6639,,False
8.49307260,-1.0,3,8607,,False
8.49506235,-1.0,3,6038,,False
8.49530036,-1.0,3,6623,,False
8.49639476,-1.0,4,6360,,False
8.49903076,-1.0,4,6349,,False
8.49953079,-1.0,4,4582,,False
8.50012231,-1.0,4,4587,,False
8.50066324,-1.0,4,5382,,False
8.50101535,-1.0,4,9688,,False
8.50109291,-1.0,4,4417,,False
8.50128882,-1.0,4,5211,,False
8.50367413,-1.0,4,6359,,False
8.50415550,-1.0,5,5306,,False
8.50600434,-1.0,5,4435,,False
8.50638837,-1.0,5,4318,,False
8.50711655,-1.0,5,4535,,False
8.50728939,-1.0,5,4359,,False
8.50738040,-1.0,5,3862,,False
8.50741987,-1.0,5,5367,,False
8.50754041,-1.0,5,9779,,False
8.50754582,-1.0,5,4525,,False
8.50764069,-1.0,6,4332,,False
8.50766638,-1.0,6,9927,,False
8.50800147,-1.0,6,4357,,False
8.50932825,-1.0,6,4788,,False
8.50956201,-1.0,6,7973,,False
8.51391374,-1.0,6,7566,,False
8.51788566,-1.0,6,7726,,False
8.53712734,-1.0,6,4925,,False
8.53726873,-1.0,6,7234,,False
8.53859411,-1.0,7,9171,,False
8.75451296,-1.0,7,2450,,False
8.75483715,-1.0,7,6789,,False
8.75571215,-1.0,7,4907,,False
8.75721623,-1.0,7,4063,,False
8.75746090,-1.0,7,2364,,False
8.75759082,-1.0,7,3270,,False
8.75800496,-1.0,7,3756,,False
8.75853742,-1.0,7,3754,,False
8.76002554,-1.0,8,4682,,False
8.76116707,-1.0,8,4546,,False
8.76360156,-1.0,8,4520,,False
8.76381751,-1.0,8,4147,,False
8.76487564,-1.0,8,5226,,False
8.76678850,-1.0,8,4502,,False
8.76836257,-1.0,8,5999,,False
8.77131030,-1.0,8,4893,,False
8.77210880,-1.0,8,5270,,False
8.77342705,-1.0,8,5387,,False
8.77424350,-1.0,9,4503,,False
8.77438545,-1.0,9,4784,,False
8.77459766,-1.0,9,4236,,False
8.77570043,-1.0,9,4868,,False
8.77720723,-1.0,9,4309,,False
8.77756134,-1.0,9,3780,,False
8.77772675,-1.0,9,4846,,False
8.78021514,-1.0,9,4857,,False
8.78217930,-1.0,10,2151,,False
8.78233201,-1.0,10,3994,,False
8.78266070,-1.0,10,1172,,False
8.78298432,-1.0,10,2055,,False
8.78309287,-1.0,10,2799,,False
8.78602031,-1.0,10,3844,,False
8.78828735,-1.0,10,924,,False
8.78869952,-1.0,11,3878,,False
8.79025631,-1.0,11,1404,,False
8.79041740,-1.0,11,1542,,False
8.79578740,-1.0,11,1933,,False
8.79649377,-1.0,11,985,,False
8.79706473,-1.0,11,1452,,False
8.79736189,-1.0,12,995,,False
8.79803941,-1.0,12,1198,,False
8.79840259,-1.0,12,1828,,False
8.79855931,-1.0,12,2065,,False
8.80103160,-1.0,12,7648,,False
8.80159133,-1.0,13,967,,False
8.80187997,-1.0,13,1476,,False
8.80190884,-1.0,13,1173,,False
8.80201444,-1.0,13,1800,,False
8.80222482,-1.0,13,1722,,False
8.80226855,-1.0,13,2094,,False
8.80242159,-1.0,13,1835,,False
8.80251367,-1.0,13,1773,,False
8.80256874,-1.0,13,813,,False
8.80341593,-1.0,13,1641,,False
8.80357722,-1.0,14,2231,,False
8.80389268,-1.0,14,1928,,False
8.80389756,-1.0,14,1324,,False
8.80418150,-1.0,14,1467,,False
8.80575063,-1.0,14,1692,,False
8.80580085,-1.0,14,958,,False
8.80591783,-1.0,14,1323,,False
8.80974179,-1.0,14,1077,,False
8.81007973,-1.0,15,1291,,False
8.81088777,-1.0,15,2135,,False
8.81188597,-1.0,15,2937,,False
8.81228317,-1.0,15,4274,,False
8.81230126,-1.0,15,5378,,False
8.81260315,-1.0,15,3911,,False
8.81326678,-1.0,16,6629,,False
8.81342190,-1.0,16,5777,,False
8.81347820,-1.0,16,6055,,False
8.81354856,-1.0,16,5819,,False
8.81393475,-1.0,16,6558,,False
8.81407236,-1.0,16,8093,,False
8.81409824,-1.0,16,7832,,False
8.81437194,-1.0,16,6200,,False
8.81440381,-1.0,16,6948,,False
8.81540599,-1.0,17,6103,,False
8.81780226,-1.0,17,6361,,False
8.81853236,-1.0,17,6608,,False
8.81907028,-1.0,17,6850,,False
8.82160603,-1.0,17,4981,,False
8.82224062,-1.0,17,5596,,False
8.82239970,-1.0,17,3890,,False
8.82285719,-1.0,17,5069,,False
8.82337844,-1.0,18,4930,,False
8.82923020,-1.0,18,8909,,False
8.82967446,-1.0,18,9126,,False
8.83031626,-1.0,18,9470,,False
8.85020752,-1.0,19,5456,,False
8.85061202,-1.0,19,5786,,False
8.85073977,-1.0,19,5101,,False
8.85093324,-1.0,19,5243,,False
8.85178973,-1.0,19,5290,,False
8.85215124,-1.0,19,5239,,False
8.85261260,-1.0,19,5864,,False
8.85294332,-1.0,19,6586,,False
8.85323459,-1.0,19,9664,,False
8.85324048,-1.0,19,5574,,False
8.85347118,-1.0,20,8490,,False
8.85350482,-1.0,20,4732,,False
8.86054487,-1.0,20,9497,,False
8.86194935,-1.0,20,6512,,False
8.95945026,-1.0,20,5373,,False
8.96395836,-1.0,20,3760,,False
8.96511169,-1.0,20,3883,,False
8.97287172,-1.0,20,3625,,False
8.97389434,-1.0,20,3752,,False
8.97527560,-1.0,21,2626,,False
8.97561123,-1.0,21,3145,,False
8.97595177,-1.0,21,5670,,False
8.100157610,-1.0,21,4317,,False
8.100202739,-1.0,21,7835,,False
8.100208669,-1.0,21,7481,,False
8.100214776,-1.0,21,9157,,False
8.101271667,-1.0,21,6638,,False
8.101278938,-1.0,21,9963,,False
8.101279192,-1.0,21,9299,,False
8.101280250,-1.0,22,4208,,False
8.101289497,-1.0,22,8941,,False
8.101291711,-1.0,22,3525,,False
8.101308673,-1.0,22,3278,,False
8.101321068,-1.0,22,9089,,False
8.101342526,-1.0,22,8308,,False
8.101351174,-1.0,22,2001,,False
8.101353495,-1.0,22,7452,,False
8.101357703,-1.0,22,2486,,False
8.101379031,-1.0,23,3720,,False
8.101405914,-1.0,23,5043,,False
8.101427896,-1.0,23,2609,,False
8.101438275,-1.0,23,4191,,False
8.101461381,-1.0,24,4861,,False
8.101677881,-1.0,24,2315,,False
8.101694197,-1.0,24,2365,,False
8.102067568,-1.0,24,6267,,False
8.102123473,-1.0,24,5063,,False
8.102145418,-1.0,24,3978,,False
8.102194042,-1.0,25,4348,,False
8.102659292,-1.0,25,7329,,False
8.102745543,-1.0,25,6370,,False
8.102777788,-1.0,25,8494,,False
8.102798818,-1.0,25,8188,,False
8.102854519,-1.0,25,6552,,False
8.102899896,-1.0,25,6704,,False
8.102944047,-1.0,26,6041,,False
8.103015825,-1.0,26,6781,,False
8.103037482,-1.0,26,6809,,False
8.103083705,-1.0,26,9194,,False
8.103101591,-1.0,26,5437,,False
8.103129931,-1.0,26,7829,,False
8.103150406,-1.0,26,8180,,False
8.103172738,-1.0,26,7316,,False
8.103197761,-1.0,26,3407,,False
8.103208522,-1.0,27,9110,,False
8.103240009,-1.0,27,7011,,False
8.103283168,-1.0,27,1861,,False
8.103288662,-1.0,27,9043,,False
8.103313750,-1.0,27,2482,,False
8.103355435,-1.0,27,2238,,False
8.103393302,-1.0,27,2458,,False
8.103406494,-1.0,27,9997,,False
8.103462915,-1.0,28,4194,,False
8.103517638,-1.0,28,4094,,False
8.103530608,-1.0,28,478,,False
8.103608382,-1.0,28,312,,False
8.103618599,-1.0,28,2409,,False
8.103955049,-1.0,28,2610,,False
8.104034608,-1.0,28,2939,,False
8.104145848,-1.0,28,3456,,False
8.104232826,-1.0,28,3490,,False
8.104338181,-1.0,29,940,,False
8.104384129,-1.0,29,7104,,False
8.104544582,-1.0,29,6278,,False
8.104567426,-1.0,29,6641,,False
8.104901128,-1.0,29,6832,,False
8.104920639,-1.0,29,9854,,False
8.104975318,-1.0,29,5432,,False
8.105003405,-1.0,30,7071,,False
8.105018677,-1.0,30,5124,,False
8.105061615,-1.0,30,8824,,False
8.105115340,-1.0,30,5123,,False
8.105200435,-1.0,30,3628,,False
8.105214041,-1.0,30,3400,,False
8.105239756,-1.0,30,4283,,False
8.105336725,-1.0,31,3110,,False
8.105420673,-1.0,31,5380,,False
8.105434061,-1.0,31,3098,,False
8.105434652,-1.0,31,9426,,False
8.105476205,-1.0,31,9051,,False
8.107037389,-1.0,31,1719,,False
8.107109675,-1.0,31,2347,,False
8.107138206,-1.0,32,2045,,False
8.107138390,-1.0,32,2284,,False
8.107149724,-1.0,32,1870,,False
8.107217695,-1.0,32,2425,,False
8.107291629,-1.0,32,3097,,False
8.107320474,-1.0,32,2848,,False
8.107342105,-1.0,32,2967,,False
8.107348417,-1.0,32,3954,,False
8.107427171,-1.0,32,3613,,False
8.107429079,-1.0,32,3880,,False
8.107536986,-1.0,33,2982,,False
8.107591091,-1.0,33,4367,,False
8.107655878,-1.0,33,4971,,False
8.107706328,-1.0,33,7048,,False
8.107721908,-1.0,33,4897,,False
8.107783098,-1.0,33,6315,,False
8.107807547,-1.0,33,4615,,False
8.107814562,-1.0,34,3075,,False
8.107829040,-1.0,34,4677,,False
8.107876273,-1.0,34,5179,,False
8.107876597,-1.0,34,3962,,False
8.107885229,-1.0,34,6727,,False
8.107910934,-1.0,34,6877,,False
8.107912125,-1.0,34,6498,,False
8.107953281,-1.0,34,6521,,False
8.107964276,-1.0,34,3050,,False
8.109437285,-1.0,34,6846,,False
8.116439408,-1.0,35,8241,,False
8.116719284,-1.0,35,9598,,False
8.116773037,-1.0,35,9104,,False
8.116820531,-1.0,35,9623,,False
8.116882939,-1.0,35,8228,,False
8.116963805,-1.0,35,9832,,False
8.117225396,-1.0,35,6002,,False
8.117287359,-1.0,35,7494,,False
8.117871660,-1.0,36,2675,,False
8.117984470,-1.0,36,2616,,False
8.118170343,-1.0,36,8256,,False
8.118210453,-1.0,36,9357,,False
8.118251548,-1.0,36,7945,,False
8.118383798,-1.0,36,9600,,False
8.118691561,-1.0,36,9602,,False
8.118879021,-1.0,36,9083,,False
8.118886351,-1.0,37,8739,,False
8.118937198,-1.0,37,7957,,False
8.119013899,-1.0,37,9336,,False
8.119046476,-1.0,37,9585,,False
8.119180377,-1.0,37,8346,,False
8.119723391,-1.0,37,9902,,False
8.119785394,-1.0,37,7980,,False
8.119830642,-1.0,38,7981,,False
8.119866682,-1.0,38,9956,,False
8.120003566,-1.0,38,7982,,False
8.120029022,-1.0,38,3092,,False
8.120069006,-1.0,38,7983,,False
8.120151782,-1.0,38,7984,,False
8.121578369,-1.0,38,9564,,False
8.121579155,-1.0,38,6164,,False
8.127168622,-1.0,38,7991,,False
8.127207782,-1.0,38,5146,,False
8.127233152,-1.0,39,9637,,False
8.127274745,-1.0,39,9967,,False
8.127280983,-1.0,39,5443,,False
8.127298971,-1.0,39,8680,,False
8.127316268,-1.0,39,5348,,False
8.127381585,-1.0,39,8186,,False
8.127412391,-1.0,39,7647,,False
11.21333481,-1.0,0,5911,,False
11.22014042,-1.0,0,5341,,False
11.22047702,-1.0,0,4733,,False
11.22075160,-1.0,1,5218,,False
11.22830785,-1.0,1,4653,,False
11.22899681,-1.0,1,5593,,False
11.22909580,-1.0,1,5965,,False
11.22923150,-1.0,1,5003,,False
11.22961971,-1.0,1,4269,,False
11.22971657,-1.0,1,4474,,False
11.23660848,-1.0,2,2866,,False
11.25113688,-1.0,2,9127,,False
11.26204997,-1.0,2,6748,,False
11.26211355,-1.0,2,9133,,False
11.26224783,-1.0,2,9656,,False
11.26226899,-1.0,2,7740,,False
11.26234051,-1.0,2,5062,,False
11.26272514,-1.0,3,5229,,False
11.26279633,-1.0,3,9867,,False
11.26285525,-1.0,3,7663,,False
11.26296801,-1.0,3,9961,,False
11.26312239,-1.0,3,9933,,False
11.26313066,-1.0,3,4338,,False
11.26316939,-1.0,3,9802,,False
11.26333836,-1.0,3,4992,,False
11.26345573,-1.0,3,8606,,False
11.26351208,-1.0,4,4938,,False
11.26404891,-1.0,4,8388,,False
11.26464605,-1.0,4,7094,,False
11.26464716,-1.0,4,7753,,False
11.26639272,-1.0,4,8724,,False
11.26677312,-1.0,4,9557,,False
11.26909683,-1.0,5,8202,,False
11.26994191,-1.0,5,8915,,False
11.26996376,-1.0,5,8903,,False
11.27031874,-1.0,5,7627,,False
11.27051078,-1.0,5,7402,,False
11.27118185,-1.0,5,7876,,False
11.29300741,-1.0,5,3422,,False
11.29330804,-1.0,5,1721,,False
11.29625509,-1.0,5,514,,False
11.32124765,-1.0,6,3571,,False
11.32190053,-1.0,6,2952,,False
11.32215370,-1.0,6,3246,,False
11.32229805,-1.0,6,3494,,False
11.32265812,-1.0,6,3235,,False
11.32531458,-1.0,6,2921,,False
11.32632777,-1.0,7,3640,,False
11.32647632,-1.0,7,3476,,False
11.32776953,-1.0,7,6414,,False
11.32845015,-1.0,7,2469,,False
11.32881567,-1.0,8,3067,,False
11.33250549,-1.0,8,4029,,False
11.34096209,-1.0,8,9135,,False
11.34134449,-1.0,8,9216,,False
11.34201019,-1.0,8,9156,,False
11.34408764,-1.0,8,8001,,False
11.35358899,-1.0,9,6653,,False
11.35378369,-1.0,9,8132,,False
11.35397087,-1.0,9,9453,,False
11.35477828,-1.0,9,9478,,False
11.70058154,-1.0,9,1774,,False
11.70071860,-1.0,9,1550,,False
11.70082459,-1.0,10,1209,,False
11.70135624,-1.0,10,2224,,False
11.70151850,-1.0,10,2487,,False
11.70162465,-1.0,10,3425,,False
11.70200687,-1.0,10,2562,,False
11.70212668,-1.0,10,2206,,False
11.70223738,-1.0,11,2211,,False
11.70236587,-1.0,11,3647,,False
11.70270467,-1.0,11,1530,,False
11.70296186,-1.0,11,5705,,False
11.70320658,-1.0,11,2689,,False
11.70348994,-1.0,11,9079,,False
11.72732057,-1.0,11,7451,,False
11.73069512,-1.0,11,6491,,False
11.73291848,-1.0,12,8227,,False
11.73336047,-1.0,12,9148,,False
11.74175782,-1.0,12,7397,,False
11.75642196,-1.0,12,9928,,False
11.80609707,-1.0,12,2896,,False
11.80642711,-1.0,12,4712,,False
11.80666970,-1.0,13,4702,,False
11.80768327,-1.0,13,5412,,False
11.80834663,-1.0,13,6415,,False
11.80861832,-1.0,13,9595,,False
11.80884426,-1.0,13,5194,,False
11.80897633,-1.0,13,6961,,False
11.80898762,-1.0,13,5564,,False
11.80908612,-1.0,13,4036,,False
11.80909047,-1.0,13,8668,,False
11.81283503,-1.0,14,5316,,False
11.81313099,-1.0,14,5653,,False
11.81593020,-1.0,14,7028,,False
11.81817268,-1.0,14,3981,,False
11.81836569,-1.0,14,3809,,False
11.81846747,-1.0,14,5494,,False
11.84019517,-1.0,14,1509,,False
11.84736704,-1.0,15,2304,,False
11.84743918,-1.0,15,1760,,False
11.84752850,-1.0,15,6569,,False
11.84772356,-1.0,15,1710,,False
11.84779006,-1.0,15,5627,,False
11.84836048,-1.0,15,8237,,False
11.84844382,-1.0,15,3693,,False
11.84900016,-1.0,16,2138,,False
11.84940937,-1.0,16,8386,,False
11.84942356,-1.0,16,2193,,False
11.84979498,-1.0,16,2396,,False
11.84985438,-1.0,16,9223,,False
11.84988242,-1.0,16,1935,,False
11.84997950,-1.0,16,1936,,False
11.85158934,-1.0,16,8198,,False
11.85159124,-1.0,16,1265,,False
11.85221347,-1.0,16,2766,,False
11.85232601,-1.0,17,9379,,False
11.85244782,-1.0,17,2527,,False
11.85486298,-1.0,17,6937,,False
11.86297686,-1.0,17,1863,,False
11.86483404,-1.0,18,2349,,False
11.86533738,-1.0,18,1946,,False
11.86534112,-1.0,18,2132,,False
11.86561571,-1.0,18,2108,,False
11.86564339,-1.0,18,3618,,False
11.86605234,-1.0,18,2183,,False
11.86622573,-1.0,18,2023,,False
11.86651257,-1.0,18,2110,,False
11.86663221,-1.0,18,2387,,False
11.86671735,-1.0,19,2285,,False
11.86692132,-1.0,19,2944,,False
11.86727181,-1.0,19,3346,,False
11.86734726,-1.0,19,2608,,False
11.86815205,-1.0,19,3690,,False
11.86928649,-1.0,19,2676,,False
11.86946140,-1.0,19,2499,,False
11.86979548,-1.0,19,2563,,False
11.86988589,-1.0,19,4054,,False
11.87000387,-1.0,20,4258,,False
11.87002894,-1.0,20,3615,,False
17.8371974,-1.0,0,7012,,False
17.10361566,-1.0,0,3121,,False
17.10402418,-1.0,0,2395,,False
17.10583702,-1.0,0,1511,,False
17.10611908,-1.0,0,1872,,False
17.10645896,-1.0,0,2890,,False
17.10669209,-1.0,0,1489,,False
17.10683977,-1.0,1,1197,,False
17.10790656,-1.0,1,701,,False
17.10812753,-1.0,1,584,,False
17.11209463,-1.0,2,7994,,False
17.12254709,-1.0,2,4864,,False
17.27251602,-1.0,2,9242,,False
17.27770119,-1.0,2,9355,,False
17.27878744,-1.0,2,3597,,False
17.27953027,-1.0,2,2694,,False
17.28031176,-1.0,2,2629,,False
17.28068141,-1.0,3,2014,,False
17.28089069,-1.0,3,4285,,False
17.28203113,-1.0,3,2459,,False
17.28204226,-1.0,3,2758,,False
17.28221695,-1.0,3,1907,,False
17.28250418,-1.0,3,1979,,False
17.28709509,-1.0,4,6446,,False
17.28711368,-1.0,4,4883,,False
17.28718346,-1.0,4,6245,,False
17.28724302,-1.0,4,8598,,False
17.28736050,-1.0,4,7203,,False
17.28763990,-1.0,4,8714,,False
17.28765799,-1.0,5,4978,,False
17.28775364,-1.0,5,6143,,False
17.28786073,-1.0,5,9505,,False
17.28788319,-1.0,5,6550,,False
17.28859527,-1.0,5,7731,,False
17.28864713,-1.0,5,6801,,False
17.28871738,-1.0,5,6921,,False
17.28898380,-1.0,5,8648,,False
17.28909657,-1.0,5,9746,,False
17.28910296,-1.0,6,6424,,False
17.28918064,-1.0,6,9409,,False
17.28933049,-1.0,6,8629,,False
17.28990767,-1.0,6,7004,,False
17.29034788,-1.0,6,6527,,False
17.29041522,-1.0,6,4619,,False
17.29086936,-1.0,6,4771,,False
17.64005718,-1.0,7,9847,,False
17.64081157,-1.0,7,5104,,False
20.246790,-1.0,0,7580,,False
20.608109,-1.0,0,7210,,False
20.609693,-1.0,0,7445,,False
20.3359255,-1.0,0,9655,,False
20.3979165,-1.0,0,8492,,False
20.3984928,-1.0,0,6794,,False
20.4012906,-1.0,0,9067,,False
20.4018982,-1.0,1,6177,,False
20.4021375,-1.0,1,7920,,False
20.4023536,-1.0,1,4879,,False
20.4033053,-1.0,1,9100,,False
20.4076587,-1.0,1,5867,,False
20.4078907,-1.0,2,9080,,False
20.4083300,-1.0,2,9986,,False
20.4089466,-1.0,2,8615,,False
20.4097448,-1.0,2,8683,,False
20.4104429,-1.0,2,7935,,False
20.4105996,-1.0,2,6594,,False
20.4106000,-1.0,2,8156,,False
20.4114729,-1.0,2,8565,,False
20.4143111,-1.0,3,7764,,False
20.4144318,-1.0,3,7177,,False
20.4149905,-1.0,3,5068,,False
20.4164990,-1.0,3,6734,,False
20.4165571,-1.0,3,7621,,False
20.4173914,-1.0,3,6697,,False
20.4176165,-1.0,3,9410,,False
20.4178518,-1.0,4,6366,,False
20.4189899,-1.0,4,5869,,False
20.4191670,-1.0,4,7672,,False
20.4196177,-1.0,4,6483,,False
20.4210312,-1.0,4,7815,,False
20.4219926,-1.0,4,7388,,False
20.4242992,-1.0,4,8929,,False
20.4324060,-1.0,4,8777,,False
20.4324384,-1.0,4,8387,,False
20.4332066,-1.0,5,7892,,False
20.4332539,-1.0,5,9471,,False
20.4339652,-1.0,5,6579,,False
20.4342156,-1.0,5,9562,,False
20.4370648,-1.0,5,6685,,False
20.4377948,-1.0,5,7809,,False
20.4401133,-1.0,5,5472,,False
20.4401153,-1.0,5,9421,,False
20.4429453,-1.0,6,9908,,False
20.4686768,-1.0,6,9311,,False
20.6127435,-1.0,6,9820,,False
20.6612454,-1.0,6,7706,,False
20.6706959,-1.0,6,5327,,False
20.6756177,-1.0,6,4308,,False
20.6819825,-1.0,6,4391,,False
20.6915330,-1.0,7,9407,,False
20.7151541,-1.0,7,5225,,False
20.7344249,-1.0,7,4515,,False
20.7370747,-1.0,7,9197,,False
20.7407151,-1.0,7,4405,,False
20.7427668,-1.0,7,8364,,False
20.7466976,-1.0,8,9756,,False
20.7498119,-1.0,8,6049,,False
20.7531378,-1.0,8,4383,,False
20.7538874,-1.0,8,5848,,False
20.7548106,-1.0,8,4542,,False
20.7550311,-1.0,8,5475,,False
20.7590763,-1.0,8,4828,,False
20.7653954,-1.0,8,5046,,False
20.7773241,-1.0,9,3024,,False
20.7826313,-1.0,9,5698,,False
20.7829083,-1.0,9,8527,,False
20.7845480,-1.0,9,7317,,False
20.7858493,-1.0,9,6670,,False
20.8268001,-1.0,9,2667,,False
20.8725559,-1.0,10,2310,,False
20.8887636,-1.0,10,2084,,False
20.8917861,-1.0,10,2470,,False
20.8943072,-1.0,10,3046,,False
20.8997448,-1.0,10,2230,,False
20.9085859,-1.0,10,1868,,False
20.9139215,-1.0,11,2664,,False
20.9219262,-1.0,11,2942,,False
20.9285760,-1.0,11,5849,,False
20.9342040,-1.0,11,7603,,False
20.9455761,-1.0,11,6472,,False
20.9535045,-1.0,11,9919,,False
20.10251804,-1.0,12,8752,,False
20.10254729,-1.0,12,8439,,False
20.10314525,-1.0,12,9256,,False
20.10358345,-1.0,12,7507,,False
20.10935774,-1.0,12,9011,,False
20.11372915,-1.0,12,5928,,False
20.11408833,-1.0,12,9606,,False
20.11439655,-1.0,12,9341,,False
20.11506094,-1.0,12,8962,,False
20.17612355,-1.0,12,8110,,False
20.23568637,-1.0,13,7810,,False
20.23623317,-1.0,13,8053,,False
20.23662259,-1.0,13,9416,,False
20.23693572,-1.0,13,9799,,False
20.23878697,-1.0,13,9003,,False
20.23889368,-1.0,13,9624,,False
20.23932890,-1.0,13,8722,,False
20.23952992,-1.0,13,9482,,False
20.23954246,-1.0,14,7701,,False
20.23987781,-1.0,14,8211,,False
20.24097679,-1.0,14,6582,,False
20.35391607,-1.0,14,5495,,False
20.35391656,-1.0,14,3635,,False
20.35422948,-1.0,14,8480,,False
20.35524122,-1.0,14,4903,,False
20.35536493,-1.0,14,4141,,False
20.35544815,-1.0,15,4129,,False
20.35575870,-1.0,15,3864,,False
20.35580948,-1.0,15,3637,,False
20.35592029,-1.0,15,3763,,False
20.35592627,-1.0,15,3527,,False
20.35615383,-1.0,15,3770,,False
20.35707543,-1.0,15,3943,,False
20.40339215,-1.0,16,7698,,False
14.3373991,-1.0,0,6506,,False
14.3653663,-1.0,0,2320,,False
14.4304754,-1.0,1,9129,,False
14.4337329,-1.0,1,7270,,False
14.4515977,-1.0,2,6214,,False
14.4636318,-1.0,2,8700,,False
14.6504619,-1.0,2,7279,,False
14.6552815,-1.0,2,9829,,False
14.6592191,-1.0,2,5509,,False
14.6638329,-1.0,2,7190,,False
14.6811155,-1.0,3,5957,,False
14.6818457,-1.0,3,5055,,False
14.6861461,-1.0,3,6068,,False
14.6868558,-1.0,3,5537,,False
14.6900471,-1.0,3,5654,,False
14.6914257,-1.0,3,5304,,False
14.7744263,-1.0,4,9032,,False
14.7798575,-1.0,4,7323,,False
14.7911128,-1.0,4,9030,,False
14.8044994,-1.0,5,5701,,False
14.8089640,-1.0,5,8551,,False
14.10695114,-1.0,5,2350,,False
14.10702386,-1.0,5,3403,,False
14.10723365,-1.0,5,9695,,False
14.10826733,-1.0,6,6346,,False
14.10963133,-1.0,7,5973,,False
14.10963602,-1.0,7,5031,,False
14.10971433,-1.0,7,7527,,False
14.10971909,-1.0,7,4709,,False
14.10979206,-1.0,7,4657,,False
14.10982849,-1.0,7,9467,,False
14.14550605,-1.0,7,8290,,False
14.14558461,-1.0,7,7118,,False
14.14574371,-1.0,7,8591,,False
14.14587829,-1.0,7,9732,,False
14.14764864,-1.0,8,9106,,False
14.14802055,-1.0,8,6420,,False
14.14859438,-1.0,8,8332,,False
14.14905098,-1.0,8,2427,,False
14.15013418,-1.0,8,9130,,False
14.15042227,-1.0,8,3208,,False
14.15055333,-1.0,8,3567,,False
14.15141691,-1.0,8,9740,,False
14.15144053,-1.0,9,2611,,False
14.15174207,-1.0,9,2280,,False
14.15195365,-1.0,9,2699,,False
14.15241648,-1.0,9,2431,,False
14.15288152,-1.0,9,4232,,False
14.15310401,-1.0,9,3970,,False
14.16819258,-1.0,10,7111,,False
14.16860829,-1.0,10,6165,,False
14.16870905,-1.0,10,5505,,False
14.16883142,-1.0,10,7001,,False
14.16933304,-1.0,10,4177,,False
14.16955009,-1.0,10,4513,,False
14.16969239,-1.0,11,4390,,False
14.16972410,-1.0,11,5666,,False
14.16982159,-1.0,11,3965,,False
14.16985316,-1.0,11,4944,,False
14.19044661,-1.0,12,3573,,False
14.19082289,-1.0,12,3369,,False
14.19092481,-1.0,12,7592,,False
14.19149299,-1.0,12,3477,,False
14.19151917,-1.0,12,3391,,False
14.19155759,-1.0,12,3276,,False
14.19188232,-1.0,12,4852,,False
14.19195875,-1.0,12,4650,,False
14.19195972,-1.0,12,6939,,False
14.19201244,-1.0,13,4724,,False
14.19205066,-1.0,13,3790,,False
14.19215212,-1.0,13,3612,,False
14.19300990,-1.0,13,3932,,False
14.19636262,-1.0,13,5578,,False
14.19647826,-1.0,13,4918,,False
14.19679655,-1.0,13,4648,,False
14.19684480,-1.0,13,3933,,False
14.19699578,-1.0,14,4805,,False
14.19724845,-1.0,14,4354,,False
14.19872563,-1.0,14,4636,,False
14.19932396,-1.0,14,5369,,False
14.19961062,-1.0,14,7069,,False
14.20079940,-1.0,14,9931,,False
14.20091364,-1.0,14,6104,,False
14.20096754,-1.0,14,6440,,False
14.20124545,-1.0,14,5581,,False
14.20140820,-1.0,15,7455,,False
14.20146631,-1.0,15,7173,,False
14.20188661,-1.0,15,5548,,False
14.20913351,-1.0,15,6875,,False
14.20927705,-1.0,15,6911,,False
14.83751450,-1.0,15,7853,,False
14.84105070,-1.0,15,6175,,False
14.87957641,-1.0,15,8887,,False
14.87987467,-1.0,16,7901,,False
14.87993797,-1.0,16,8303,,False
14.88003394,-1.0,16,6839,,False
14.88099404,-1.0,16,4571,,False
14.88183003,-1.0,16,6016,,False
14.92660334,-1.0,16,9787,,False
16.14298100,-1.0,0,8423,,False
16.20049466,-1.0,0,8675,,False
16.20058884,-1.0,0,7788,,False
16.20097400,-1.0,0,6894,,False
16.20152830,-1.0,0,8931,,False
16.20206381,-1.0,0,3119,,False
16.22358888,-1.0,1,7513,,False
16.23885312,-1.0,1,9066,,False
16.23946068,-1.0,1,8945,,False
16.23958570,-1.0,1,9281,,False
16.45478980,-1.0,1,7353,,False
16.45800841,-1.0,2,8033,,False
16.48084836,-1.0,2,8484,,False
16.48417816,-1.0,2,9703,,False
16.48471638,-1.0,2,5755,,False
16.48488624,-1.0,2,2831,,False
16.48538406,-1.0,2,2154,,False
16.48927826,-1.0,2,4998,,False
16.48976826,-1.0,2,1846,,False
16.48977900,-1.0,2,5346,,False
16.49008514,-1.0,2,2704,,False
16.49025641,-1.0,3,1848,,False
16.49042570,-1.0,3,3986,,False
16.49196317,-1.0,3,2544,,False
16.49305126,-1.0,3,3716,,False
16.49319740,-1.0,3,8098,,False
16.49339457,-1.0,4,3668,,False
16.49352296,-1.0,4,8135,,False
16.49382150,-1.0,4,3836,,False
16.49388441,-1.0,4,7550,,False
16.49414377,-1.0,4,9853,,False
16.49425562,-1.0,4,3959,,False
16.49435288,-1.0,4,5185,,False
16.49451480,-1.0,4,3725,,False
16.49452728,-1.0,4,7801,,False
16.49463055,-1.0,5,7159,,False
16.49478729,-1.0,5,3016,,False
16.49479046,-1.0,5,5244,,False
16.49597570,-1.0,5,6815,,False
16.49652272,-1.0,5,6096,,False
16.49674346,-1.0,5,4451,,False
16.49686926,-1.0,5,5757,,False
16.49773958,-1.0,6,9682,,False
16.49776399,-1.0,6,3429,,False
16.49783392,-1.0,6,9592,,False
16.49786005,-1.0,6,5527,,False
16.49798037,-1.0,6,9568,,False
16.49901223,-1.0,6,9681,,False
16.49902433,-1.0,6,4591,,False
16.49991158,-1.0,7,5272,,False
16.49991776,-1.0,7,6946,,False
16.49999659,-1.0,7,4659,,False
16.50001551,-1.0,7,7137,,False
16.50012948,-1.0,7,5117,,False
16.50015089,-1.0,7,8055,,False
16.50030313,-1.0,7,6678,,False
16.50031265,-1.0,8,6087,,False
16.50153766,-1.0,8,9484,,False
16.50163657,-1.0,8,7523,,False
16.50167402,-1.0,8,4741,,False
16.50171217,-1.0,8,8766,,False
16.50182809,-1.0,8,7302,,False
16.50187109,-1.0,8,5277,,False
16.50187754,-1.0,8,7311,,False
16.50224248,-1.0,9,8815,,False
16.50236791,-1.0,9,8851,,False
16.50240107,-1.0,9,8481,,False
16.50276894,-1.0,9,8669,,False
16.50281144,-1.0,9,7986,,False
16.50290927,-1.0,9,7642,,False
16.50315470,-1.0,9,6516,,False
16.50336172,-1.0,9,9086,,False
16.50364083,-1.0,10,6768,,False
16.50380198,-1.0,10,8220,,False
16.50410486,-1.0,10,6426,,False
16.50504722,-1.0,10,5788,,False
16.50551154,-1.0,11,9415,,False
16.50776495,-1.0,11,7721,,False
16.56733037,-1.0,11,8431,,False
16.56787973,-1.0,11,4738,,False
16.56951559,-1.0,11,8179,,False
16.57462310,-1.0,12,7152,,False
16.57576207,-1.0,12,7148,,False
16.57586627,-1.0,12,8465,,False
16.57620752,-1.0,12,8299,,False
16.57626783,-1.0,12,8564,,False
16.57641907,-1.0,12,8823,,False
16.57714278,-1.0,13,9825,,False
16.57716868,-1.0,13,9406,,False
16.57720610,-1.0,13,9201,,False
16.57721054,-1.0,13,8635,,False
16.57744866,-1.0,13,8959,,False
16.57886969,-1.0,13,9124,,False
16.58061121,-1.0,14,7151,,False
16.58088757,-1.0,14,6963,,False
16.58102056,-1.0,14,8809,,False
16.58114430,-1.0,14,7666,,False
16.58164914,-1.0,14,9073,,False
16.58186573,-1.0,14,8852,,False
16.58196281,-1.0,14,7247,,False
16.58207082,-1.0,14,8863,,False
16.58286599,-1.0,14,6679,,False
16.58325046,-1.0,14,6269,,False
16.58977021,-1.0,15,5623,,False
16.59121498,-1.0,15,6153,,False
16.72645714,-1.0,15,6849,,False
16.72704762,-1.0,15,6605,,False
16.72720702,-1.0,15,5918,,False
16.72754198,-1.0,16,5903,,False
16.72774823,-1.0,16,5559,,False
16.73637207,-1.0,16,5377,,False
16.73648943,-1.0,16,5857,,False
16.73671811,-1.0,16,4837,,False
16.73688231,-1.0,16,5247,,False
16.73765547,-1.0,16,5111,,False
16.73770573,-1.0,16,6394,,False
16.73788849,-1.0,17,5490,,False
16.73789307,-1.0,17,6595,,False
16.73797182,-1.0,17,5416,,False
16.73844622,-1.0,17,4444,,False
16.73853866,-1.0,17,4452,,False
16.73936685,-1.0,17,4740,,False
16.73996541,-1.0,18,7495,,False
16.74001455,-1.0,18,4480,,False
16.74024371,-1.0,18,6773,,False
16.74683209,-1.0,18,8792,,False
16.76285972,-1.0,19,6714,,False
16.76312619,-1.0,19,7890,,False
16.76521175,-1.0,19,9862,,False
16.77212706,-1.0,20,8416,,False
16.79462142,-1.0,20,9953,,False
16.82814403,-1.0,20,8961,,False
16.83232293,-1.0,20,9522,,False
16.83318747,-1.0,20,5332,,False
16.83325123,-1.0,20,9260,,False
16.83391058,-1.0,20,9490,,False
16.83831988,-1.0,21,7767,,False
16.88237891,-1.0,21,7576,,False
16.88450825,-1.0,21,8248,,False
12.2422706,-1.0,0,9371,,False
12.5440154,-1.0,0,6907,,False
12.5596866,-1.0,0,6657,,False
12.5617106,-1.0,0,6811,,False
12.5778910,-1.0,0,6250,,False
12.5978482,-1.0,0,7359,,False
12.6755367,-1.0,1,8816,,False
12.8992971,-1.0,1,3938,,False
12.9117276,-1.0,2,3040,,False
12.9132261,-1.0,2,2481,,False
12.9177740,-1.0,2,3501,,False
12.9206233,-1.0,2,6275,,False
12.9339964,-1.0,3,9566,,False
12.9417228,-1.0,3,8163,,False
12.9462370,-1.0,4,3663,,False
12.15180307,-1.0,4,4021,,False
12.16722301,-1.0,5,9701,,False
12.29898845,-1.0,6,3217,,False
12.30066055,-1.0,7,2492,,False
12.30094313,-1.0,7,5427,,False
12.30120295,-1.0,7,2465,,False
12.30561406,-1.0,8,4789,,False
12.48052304,-1.0,8,4093,,False
12.48120070,-1.0,8,3859,,False
12.48135560,-1.0,9,3719,,False
12.48305781,-1.0,9,3578,,False
12.48346831,-1.0,9,3109,,False
12.48998580,-1.0,10,3232,,False
12.50326413,-1.0,11,4462,,False
12.50389149,-1.0,11,4700,,False
12.50496240,-1.0,11,4666,,False
12.51009455,-1.0,11,8409,,False
15.14926161,-1.0,0,8775,,False
15.15086904,-1.0,0,9730,,False
15.15132635,-1.0,0,5642,,False
15.15337315,-1.0,0,9491,,False
15.15346046,-1.0,0,8029,,False
15.15442566,-1.0,0,7354,,False
15.15466243,-1.0,0,4167,,False
15.15508820,-1.0,1,4671,,False
15.15547305,-1.0,1,4968,,False
15.15553569,-1.0,1,4916,,False
15.15570894,-1.0,1,5395,,False
15.15590353,-1.0,1,3904,,False
15.16725343,-1.0,1,9403,,False
15.16938471,-1.0,1,9774,,False
15.16974949,-1.0,1,7127,,False
15.17302809,-1.0,1,8123,,False
15.17307319,-1.0,2,7790,,False
15.17333044,-1.0,2,8628,,False
15.17341543,-1.0,2,9533,,False
15.20181120,-1.0,2,9843,,False
15.20704787,-1.0,2,7396,,False
15.20734803,-1.0,2,9758,,False
15.23852931,-1.0,2,8673,,False
15.44489271,-1.0,2,6000,,False
15.56738144,-1.0,2,9211,,False
15.56838631,-1.0,3,9643,,False
15.56851618,-1.0,3,8688,,False
15.56855137,-1.0,3,8476,,False
15.56879816,-1.0,3,8108,,False
15.56943834,-1.0,3,7063,,False
15.57040492,-1.0,4,8828,,False
15.57075603,-1.0,4,7723,,False
15.57087361,-1.0,4,8868,,False
15.57116085,-1.0,4,6469,,False
15.57157659,-1.0,4,6379,,False
15.57243474,-1.0,4,7877,,False
15.57289349,-1.0,4,6903,,False
15.57313194,-1.0,4,6930,,False
15.57432810,-1.0,5,7339,,False
15.57458300,-1.0,5,3196,,False
15.57458302,-1.0,5,5274,,False
15.57480271,-1.0,5,7133,,False
15.57487405,-1.0,5,5843,,False
15.57535968,-1.0,6,6631,,False
15.57567662,-1.0,6,5220,,False
15.57592875,-1.0,6,7895,,False
15.57606399,-1.0,6,9498,,False
15.57609456,-1.0,6,5528,,False
15.57638326,-1.0,6,7082,,False
15.57655054,-1.0,6,6999,,False
15.57681753,-1.0,7,5992,,False
15.57685846,-1.0,7,7409,,False
15.57734624,-1.0,7,8631,,False
15.57770940,-1.0,7,8005,,False
15.57780241,-1.0,7,6656,,False
15.57811444,-1.0,7,7372,,False
15.57859483,-1.0,7,8794,,False
15.57941346,-1.0,8,9791,,False
15.57967964,-1.0,8,6870,,False
15.58003518,-1.0,8,5687,,False
15.58010182,-1.0,8,9035,,False
15.58034357,-1.0,8,9685,,False
15.58053996,-1.0,8,6473,,False
15.58057270,-1.0,9,8676,,False
15.58158936,-1.0,9,7250,,False
15.58159779,-1.0,9,4780,,False
15.58173038,-1.0,9,7798,,False
15.58200106,-1.0,9,4334,,False
15.58202793,-1.0,9,4772,,False
15.58242091,-1.0,9,4803,,False
15.58242476,-1.0,9,3697,,False
15.58264595,-1.0,10,5109,,False
15.58300946,-1.0,10,4821,,False
15.58315845,-1.0,10,5983,,False
15.58350022,-1.0,10,6167,,False
15.58363266,-1.0,10,5467,,False
15.58378871,-1.0,10,5026,,False
15.58380736,-1.0,10,6226,,False
15.58478578,-1.0,10,7020,,False
15.58478591,-1.0,10,6159,,False
15.58496833,-1.0,10,6105,,False
15.58516057,-1.0,11,7545,,False
15.58543995,-1.0,11,6528,,False
15.58631058,-1.0,11,5092,,False
15.58717878,-1.0,11,7056,,False
15.58728501,-1.0,11,4697,,False
15.58801285,-1.0,11,5498,,False
15.58821011,-1.0,11,4349,,False
15.58848463,-1.0,11,9464,,False
15.58877593,-1.0,11,8580,,False
15.58895094,-1.0,11,9146,,False
15.58938694,-1.0,12,8865,,False
15.58963223,-1.0,12,9050,,False
15.59082935,-1.0,12,8601,,False
15.59114166,-1.0,12,9766,,False
15.59130201,-1.0,12,8876,,False
15.61745543,-1.0,12,8725,,False
15.61786804,-1.0,13,9952,,False
15.61800506,-1.0,13,3186,,False
15.61837900,-1.0,13,4240,,False
15.61939872,-1.0,13,4600,,False
15.61985960,-1.0,13,3727,,False
15.62013768,-1.0,13,4438,,False
15.62025346,-1.0,13,3480,,False
15.62050863,-1.0,13,3474,,False
15.62226917,-1.0,14,8095,,False
15.62255077,-1.0,14,2556,,False
15.62469417,-1.0,14,8126,,False
15.62486952,-1.0,14,9542,,False
15.62503228,-1.0,14,8397,,False
15.62516007,-1.0,14,3343,,False
15.62599223,-1.0,15,4617,,False
15.62623697,-1.0,15,5134,,False
15.62731526,-1.0,15,2048,,False
15.62742210,-1.0,15,6419,,False
15.62772825,-1.0,15,8116,,False
15.62819453,-1.0,15,2966,,False
15.62835557,-1.0,15,7899,,False
15.62856813,-1.0,16,3293,,False
15.62859613,-1.0,16,7992,,False
15.62879122,-1.0,16,3176,,False
15.63052610,-1.0,16,7326,,False
15.63054887,-1.0,16,4934,,False
15.63195215,-1.0,16,7371,,False
15.63207532,-1.0,16,7252,,False
15.63218465,-1.0,16,7572,,False
15.63233600,-1.0,16,9128,,False
15.63260852,-1.0,17,7416,,False
15.63260992,-1.0,17,5615,,False
15.63322968,-1.0,17,9975,,False
15.63394320,-1.0,17,7260,,False
15.63412906,-1.0,17,8322,,False
15.63422523,-1.0,18,7772,,False
15.63434644,-1.0,18,8674,,False
15.63437717,-1.0,18,8428,,False
15.63449627,-1.0,18,8363,,False
15.63463232,-1.0,18,7925,,False
15.63490548,-1.0,18,7179,,False
15.63492015,-1.0,18,8514,,False
15.63498488,-1.0,18,7180,,False
15.63525433,-1.0,18,8538,,False
15.63536985,-1.0,18,9438,,False
15.63550907,-1.0,19,8562,,False
15.63558926,-1.0,19,7262,,False
15.63559145,-1.0,19,4422,,False
15.63587058,-1.0,19,9271,,False
15.66245532,-1.0,19,9077,,False
15.66597080,-1.0,20,6387,,False
15.66665928,-1.0,20,6158,,False
15.66692345,-1.0,20,7860,,False
15.66712669,-1.0,20,6601,,False
15.66740631,-1.0,20,7548,,False
15.66785616,-1.0,20,6425,,False
15.66808392,-1.0,20,2509,,False
15.66886196,-1.0,20,2635,,False
15.66898620,-1.0,21,4061,,False
15.66923450,-1.0,21,5890,,False
15.66969078,-1.0,21,4204,,False
15.66991262,-1.0,21,4059,,False
15.67156492,-1.0,21,8347,,False
15.67162595,-1.0,21,9546,,False
15.67240054,-1.0,21,6956,,False
15.67345862,-1.0,21,6210,,False
15.67606623,-1.0,22,6565,,False
15.67974502,-1.0,22,5938,,False
15.67991916,-1.0,22,6944,,False
15.68058804,-1.0,22,7008,,False
15.68097245,-1.0,22,6132,,False
15.68349276,-1.0,22,5096,,False
15.68368803,-1.0,22,5097,,False
15.68526626,-1.0,23,4155,,False
15.68566379,-1.0,23,6071,,False
15.68658987,-1.0,23,4996,,False
15.68684142,-1.0,23,6667,,False
15.84085583,-1.0,23,8721,,False
15.90655004,-1.0,23,7847,,False
15.90738558,-1.0,23,8734,,False
15.90758353,-1.0,23,7109,,False
15.91052779,-1.0,23,5638,,False
15.91141593,-1.0,24,6829,,False
15.91205830,-1.0,24,8858,,False
13.18078314,-1.0,0,5313,,False
13.47129908,-1.0,0,8230,,False
13.47189765,-1.0,0,5259,,False
13.52930299,-1.0,0,8159,,False
13.53275583,-1.0,0,9711,,False
13.53358797,-1.0,1,9565,,False
13.54929601,-1.0,1,6155,,False
13.55011970,-1.0,1,8919,,False
13.55021887,-1.0,1,5499,,False
13.55082591,-1.0,1,6012,,False
13.55160431,-1.0,1,9046,,False
13.55226819,-1.0,1,4580,,False
13.55279518,-1.0,2,7426,,False
13.55354552,-1.0,2,9176,,False
13.55422721,-1.0,2,9065,,False
13.56340391,-1.0,2,8960,,False
13.56389800,-1.0,2,9974,,False
13.58919453,-1.0,3,8905,,False
13.59860089,-1.0,3,8259,,False
13.59926307,-1.0,3,5391,,False
13.60513768,-1.0,3,6919,,False
13.61275582,-1.0,4,6192,,False
13.61342522,-1.0,4,6842,,False
13.61356445,-1.0,4,9555,,False
13.61361400,-1.0,4,2666,,False
13.61398026,-1.0,5,5922,,False
13.61462444,-1.0,5,6252,,False
13.61476777,-1.0,5,6042,,False
13.61765919,-1.0,5,5572,,False
13.61856436,-1.0,6,6776,,False
13.62052434,-1.0,7,6547,,False
13.62101147,-1.0,7,8566,,False
13.62114839,-1.0,7,7301,,False
13.62174945,-1.0,7,8846,,False
13.62253383,-1.0,7,9551,,False
13.62333085,-1.0,8,8630,,False
13.62590920,-1.0,8,7154,,False
13.62882218,-1.0,8,5451,,False
13.63204793,-1.0,8,7963,,False
13.63255848,-1.0,8,9677,,False
13.63257556,-1.0,8,8888,,False
13.63727709,-1.0,9,9510,,False
13.64497862,-1.0,9,9817,,False
13.64538031,-1.0,9,8114,,False
13.64870629,-1.0,9,7629,,False
13.64931114,-1.0,9,8713,,False
13.64971905,-1.0,9,8759,,False
13.64998263,-1.0,9,8207,,False
13.65213209,-1.0,9,9526,,False
13.65248975,-1.0,10,9922,,False
13.65260174,-1.0,10,9024,,False
13.65307313,-1.0,10,5156,,False
13.65333569,-1.0,10,9531,,False
13.65355781,-1.0,10,8847,,False
13.65448335,-1.0,10,7297,,False
13.65684190,-1.0,10,5640,,False
13.71935420,-1.0,11,8920,,False
13.71962868,-1.0,11,8760,,False
13.72295840,-1.0,11,9463,,False
13.91670822,-1.0,11,6745,,False
13.91670996,-1.0,11,7013,,False
13.91696554,-1.0,11,7686,,False
13.91720543,-1.0,11,6378,,False
13.91753666,-1.0,11,6505,,False
13.91774071,-1.0,12,6514,,False
13.91851001,-1.0,12,5716,,False
13.92030048,-1.0,12,9972,,False
13.92050344,-1.0,12,7490,,False
13.92332690,-1.0,12,9503,,False
13.92858946,-1.0,12,7923,,False
13.92896817,-1.0,12,5988,,False
13.92908343,-1.0,13,6123,,False
